-- Adminer 4.8.1 MySQL 8.0.31 dump

SET NAMES utf8;
SET time_zone = '+00:00';
SET foreign_key_checks = 0;
SET sql_mode = 'NO_AUTO_VALUE_ON_ZERO';

SET NAMES utf8mb4;

DROP TABLE IF EXISTS `answers`;
CREATE TABLE `answers` (
  `id` bigint unsigned NOT NULL AUTO_INCREMENT,
  `exam_id` bigint unsigned NOT NULL,
  `exam_session_id` bigint unsigned NOT NULL,
  `question_id` bigint unsigned NOT NULL,
  `user_id` varchar(255) CHARACTER SET utf8mb4 COLLATE utf8mb4_unicode_ci NOT NULL,
  `question_order` int NOT NULL,
  `answer_order` varchar(255) CHARACTER SET utf8mb4 COLLATE utf8mb4_unicode_ci NOT NULL,
  `answer` int NOT NULL,
  `is_correct` enum('Y','N') CHARACTER SET utf8mb4 COLLATE utf8mb4_unicode_ci NOT NULL DEFAULT 'N',
  `created_at` timestamp NULL DEFAULT NULL,
  `updated_at` timestamp NULL DEFAULT NULL,
  PRIMARY KEY (`id`),
  KEY `answers_exam_id_foreign` (`exam_id`),
  KEY `answers_exam_session_id_foreign` (`exam_session_id`),
  KEY `answers_question_id_foreign` (`question_id`),
  KEY `user_id` (`user_id`),
  CONSTRAINT `answers_exam_id_foreign` FOREIGN KEY (`exam_id`) REFERENCES `exams` (`id`) ON DELETE CASCADE,
  CONSTRAINT `answers_exam_session_id_foreign` FOREIGN KEY (`exam_session_id`) REFERENCES `exam_sessions` (`id`) ON DELETE CASCADE,
  CONSTRAINT `answers_ibfk_1` FOREIGN KEY (`user_id`) REFERENCES `users` (`id_user`) ON DELETE CASCADE ON UPDATE RESTRICT,
  CONSTRAINT `answers_question_id_foreign` FOREIGN KEY (`question_id`) REFERENCES `questions` (`id`) ON DELETE CASCADE
) ENGINE=InnoDB DEFAULT CHARSET=utf8mb4 COLLATE=utf8mb4_unicode_ci;

INSERT INTO `answers` (`id`, `exam_id`, `exam_session_id`, `question_id`, `user_id`, `question_order`, `answer_order`, `answer`, `is_correct`, `created_at`, `updated_at`) VALUES
(1,	1,	1,	2,	'800089',	1,	'1,5,4,3,2',	1,	'N',	'2023-06-14 03:02:39',	'2023-06-14 03:02:44'),
(2,	1,	1,	3,	'800089',	2,	'2,3,5,4,1',	2,	'N',	'2023-06-14 03:02:39',	'2023-06-14 03:02:50'),
(3,	1,	1,	4,	'800089',	3,	'2,5,1,3,4',	2,	'N',	'2023-06-14 03:02:39',	'2023-06-14 03:02:53'),
(4,	1,	1,	1,	'800089',	4,	'1,3,4,5,2',	3,	'N',	'2023-06-14 03:02:39',	'2023-06-14 03:02:56'),
(5,	1,	2,	4,	'800089',	1,	'3,5,2,4,1',	2,	'N',	'2023-06-14 03:31:34',	'2023-06-14 03:31:38'),
(6,	1,	2,	3,	'800089',	2,	'3,4,5,1,2',	3,	'Y',	'2023-06-14 03:31:35',	'2023-06-14 03:31:42'),
(7,	1,	2,	2,	'800089',	3,	'1,3,5,2,4',	2,	'Y',	'2023-06-14 03:31:35',	'2023-06-14 03:31:44'),
(8,	1,	2,	1,	'800089',	4,	'1,4,5,2,3',	1,	'Y',	'2023-06-14 03:31:35',	'2023-06-14 03:31:47');

DROP TABLE IF EXISTS `exam_groups`;
CREATE TABLE `exam_groups` (
  `id` bigint unsigned NOT NULL AUTO_INCREMENT,
  `exam_id` bigint unsigned NOT NULL,
  `exam_session_id` bigint unsigned NOT NULL,
  `user_id` varchar(255) CHARACTER SET utf8mb4 COLLATE utf8mb4_unicode_ci NOT NULL,
  `created_at` timestamp NULL DEFAULT NULL,
  `updated_at` timestamp NULL DEFAULT NULL,
  PRIMARY KEY (`id`),
  KEY `exam_groups_exam_id_foreign` (`exam_id`),
  KEY `exam_groups_exam_session_id_foreign` (`exam_session_id`),
  KEY `user_id` (`user_id`),
  CONSTRAINT `exam_groups_exam_id_foreign` FOREIGN KEY (`exam_id`) REFERENCES `exams` (`id`) ON DELETE CASCADE,
  CONSTRAINT `exam_groups_exam_session_id_foreign` FOREIGN KEY (`exam_session_id`) REFERENCES `exam_sessions` (`id`) ON DELETE CASCADE,
  CONSTRAINT `exam_groups_ibfk_1` FOREIGN KEY (`user_id`) REFERENCES `users` (`id_user`) ON DELETE CASCADE ON UPDATE RESTRICT
) ENGINE=InnoDB DEFAULT CHARSET=utf8mb4 COLLATE=utf8mb4_unicode_ci;

INSERT INTO `exam_groups` (`id`, `exam_id`, `exam_session_id`, `user_id`, `created_at`, `updated_at`) VALUES
(1,	1,	1,	'800089',	'2023-06-14 02:58:43',	'2023-06-14 02:58:43'),
(2,	1,	2,	'800089',	'2023-06-14 03:28:11',	'2023-06-14 03:28:11');

DROP TABLE IF EXISTS `exam_sessions`;
CREATE TABLE `exam_sessions` (
  `id` bigint unsigned NOT NULL AUTO_INCREMENT,
  `exam_id` bigint unsigned NOT NULL,
  `title` varchar(255) CHARACTER SET utf8mb4 COLLATE utf8mb4_unicode_ci NOT NULL,
  `start_time` datetime NOT NULL,
  `end_time` datetime NOT NULL,
  `created_at` timestamp NULL DEFAULT NULL,
  `updated_at` timestamp NULL DEFAULT NULL,
  PRIMARY KEY (`id`),
  KEY `exam_sessions_exam_id_foreign` (`exam_id`),
  CONSTRAINT `exam_sessions_exam_id_foreign` FOREIGN KEY (`exam_id`) REFERENCES `exams` (`id`) ON DELETE CASCADE
) ENGINE=InnoDB DEFAULT CHARSET=utf8mb4 COLLATE=utf8mb4_unicode_ci;

INSERT INTO `exam_sessions` (`id`, `exam_id`, `title`, `start_time`, `end_time`, `created_at`, `updated_at`) VALUES
(1,	1,	'Juni Batc 1',	'2023-06-14 09:57:00',	'2023-06-15 09:58:00',	'2023-06-14 02:58:09',	'2023-06-14 02:58:09'),
(2,	1,	'tes',	'2023-06-14 10:27:00',	'2023-06-15 10:27:00',	'2023-06-14 03:27:44',	'2023-06-14 03:27:44');

DROP TABLE IF EXISTS `exams`;
CREATE TABLE `exams` (
  `id` bigint unsigned NOT NULL AUTO_INCREMENT,
  `title` varchar(255) CHARACTER SET utf8mb4 COLLATE utf8mb4_unicode_ci NOT NULL,
  `level_id` int NOT NULL,
  `peran_id` varchar(15) CHARACTER SET ascii COLLATE ascii_general_ci NOT NULL,
  `duration` int NOT NULL,
  `description` text CHARACTER SET utf8mb4 COLLATE utf8mb4_unicode_ci NOT NULL,
  `random_question` enum('Y','N') CHARACTER SET utf8mb4 COLLATE utf8mb4_unicode_ci NOT NULL DEFAULT 'Y',
  `random_answer` enum('Y','N') CHARACTER SET utf8mb4 COLLATE utf8mb4_unicode_ci NOT NULL DEFAULT 'Y',
  `show_answer` enum('Y','N') CHARACTER SET utf8mb4 COLLATE utf8mb4_unicode_ci NOT NULL DEFAULT 'N',
  `created_at` timestamp NULL DEFAULT NULL,
  `updated_at` timestamp NULL DEFAULT NULL,
  PRIMARY KEY (`id`),
  KEY `level_id` (`level_id`),
  CONSTRAINT `exams_ibfk_1` FOREIGN KEY (`level_id`) REFERENCES `level` (`id_level`) ON DELETE CASCADE ON UPDATE RESTRICT
) ENGINE=InnoDB DEFAULT CHARSET=utf8mb4 COLLATE=utf8mb4_unicode_ci;

INSERT INTO `exams` (`id`, `title`, `level_id`, `peran_id`, `duration`, `description`, `random_question`, `random_answer`, `show_answer`, `created_at`, `updated_at`) VALUES
(1,	'Manufaktur (Bahasa Indonesia)',	1,	'2',	60,	'<p>Assessment untuk function manufaktur level G1</p>',	'Y',	'Y',	'N',	'2023-06-12 03:41:58',	'2023-06-14 03:31:27');

DROP TABLE IF EXISTS `failed_jobs`;
CREATE TABLE `failed_jobs` (
  `id` bigint unsigned NOT NULL AUTO_INCREMENT,
  `uuid` varchar(255) COLLATE utf8mb4_unicode_ci NOT NULL,
  `connection` text COLLATE utf8mb4_unicode_ci NOT NULL,
  `queue` text COLLATE utf8mb4_unicode_ci NOT NULL,
  `payload` longtext COLLATE utf8mb4_unicode_ci NOT NULL,
  `exception` longtext COLLATE utf8mb4_unicode_ci NOT NULL,
  `failed_at` timestamp NOT NULL DEFAULT CURRENT_TIMESTAMP,
  PRIMARY KEY (`id`),
  UNIQUE KEY `failed_jobs_uuid_unique` (`uuid`)
) ENGINE=InnoDB DEFAULT CHARSET=utf8mb4 COLLATE=utf8mb4_unicode_ci;


DROP TABLE IF EXISTS `grades`;
CREATE TABLE `grades` (
  `id` bigint unsigned NOT NULL AUTO_INCREMENT,
  `exam_id` bigint unsigned NOT NULL,
  `exam_session_id` bigint unsigned NOT NULL,
  `user_id` varchar(255) CHARACTER SET utf8mb4 COLLATE utf8mb4_unicode_ci NOT NULL,
  `duration` int NOT NULL,
  `start_time` datetime DEFAULT NULL,
  `end_time` datetime DEFAULT NULL,
  `total_correct` int DEFAULT NULL,
  `total_incorrect` int DEFAULT NULL,
  `grade` decimal(5,2) NOT NULL,
  `created_at` timestamp NULL DEFAULT NULL,
  `updated_at` timestamp NULL DEFAULT NULL,
  PRIMARY KEY (`id`),
  KEY `grades_exam_id_foreign` (`exam_id`),
  KEY `grades_exam_session_id_foreign` (`exam_session_id`),
  KEY `user_id` (`user_id`),
  CONSTRAINT `grades_exam_id_foreign` FOREIGN KEY (`exam_id`) REFERENCES `exams` (`id`) ON DELETE CASCADE,
  CONSTRAINT `grades_exam_session_id_foreign` FOREIGN KEY (`exam_session_id`) REFERENCES `exam_sessions` (`id`) ON DELETE CASCADE,
  CONSTRAINT `grades_ibfk_1` FOREIGN KEY (`user_id`) REFERENCES `users` (`id_user`) ON DELETE CASCADE ON UPDATE RESTRICT
) ENGINE=InnoDB DEFAULT CHARSET=utf8mb4 COLLATE=utf8mb4_unicode_ci;

INSERT INTO `grades` (`id`, `exam_id`, `exam_session_id`, `user_id`, `duration`, `start_time`, `end_time`, `total_correct`, `total_incorrect`, `grade`, `created_at`, `updated_at`) VALUES
(1,	1,	1,	'800089',	3585000,	'2023-06-14 10:02:38',	'2023-06-14 10:03:08',	0,	4,	0.00,	'2023-06-14 03:01:53',	'2023-06-14 03:03:08'),
(2,	1,	2,	'800089',	3590000,	'2023-06-14 10:31:34',	'2023-06-14 10:31:51',	3,	1,	75.00,	'2023-06-14 03:30:02',	'2023-06-14 03:31:51');

DROP TABLE IF EXISTS `kompetensi`;
CREATE TABLE `kompetensi` (
  `id_kompetensi` varchar(15) NOT NULL,
  `nm_kompetensi` varchar(100) NOT NULL,
  `value` varchar(100) CHARACTER SET utf8mb4 COLLATE utf8mb4_0900_ai_ci NOT NULL,
  `definisi` varchar(750) NOT NULL,
  PRIMARY KEY (`id_kompetensi`)
) ENGINE=InnoDB DEFAULT CHARSET=utf8mb4 COLLATE=utf8mb4_0900_ai_ci;

INSERT INTO `kompetensi` (`id_kompetensi`, `nm_kompetensi`, `value`, `definisi`) VALUES
('A1',	'Bertindak Secara Bertanggung Jawab',	'Bertindak seperti pemilik',	'Mengambil tanggung jawab untuk menciptakan dan mewujudkan hasil yang nyata sesuai tujuan sosial Indorama dengan mengedepankan integritas, keselamatan, kode etik, serta lingkungan, sosial, dan tata kelola (ESG).'),
('A2',	'Membangun Kepercayaan',	'Bertindak seperti pemilik',	'Memberdayakan orang lain dengan membuat keputusan yang meyakinkan dan mengomunikasikannya secara efektif sehingga tim, rekan kerja, dan pelanggan memahami dengan jelas tujuan dan kepercayaan yang berkelanjutan pada Indorama.'),
('A3',	'Mengambil Langkah Strategis',	'Bertindak seperti pemilik',	'Menimbang prioritas dan menganalisis manfaat dan risiko untuk mengambil keputusan yang tepat guna mendorong strategi Indorama. Merancang dan mengimplementasikan strategi yang fokus pada kesiapan masa depan Indorama.'),
('B1',	'Merealisasikan',	'Beradaptasi',	'Membuat prioritas dan rencana terperinci, dan dapat disesuaikan dan mampu mengatasi tantangan untuk mencapai dampak yang dicita-citakan Indorama.'),
('B2',	'Pengembangan Diri',	'Beradaptasi',	'Menganalisis bidang yang sudah dikuasai, bidang yang masih perlu diperbaiki, dan mencari peluang yang mendorong dan memungkinkan pengembangan kapasitas personel yang berkelanjutan.'),
('B3',	'Pola Pikir yang Ingin Tahu dan Belajar',	'Beradaptasi',	'Terus menimba pengetahuan dan pemahaman dari lingkungan sekitar, menggali dari berbagai sumber untuk membentuk perspektif, dan menggunakan hasil penemuan mereka untuk kemajuan organisasi.'),
('C1',	'Kolaborasi dan Kerja Sama Tim',	'Menunjukkan kepedulian mendalam',	'Mengumpulkan orang-orang yang tepat untuk mencari peluang dan tantangan, menemukan kesepahaman, dan bekerja sama dengan orang lain untuk mencapai sasaran Indorama dengan cara yang efektif.'),
('C2',	'Memelihara Hubungan Saling Percaya',	'Menunjukkan kepedulian mendalam',	'Menciptakan hubungan jangka panjang yang penuh empati dengan memahami dan menghargai perasaan, pendapat, dan tujuan pihak lain serta berupaya menawarkan bantuan.'),
('C3',	'Mengembangkan Potensi',	'Menunjukkan kepedulian mendalam',	'Meningkatkan perbendaharaan keragaman potensi Indorama melalui pelatihan, pembinaan, pendampingan, pengidentifikasian potensi, dan penyambutan keberhasilan orang lain secara bersinambungan melalui pengelolaan yang adil dan transparan.'),
('D1',	'Pengetahuan Spesifik',	'Menghasilkan Keunggulan',	'Menunjukkan pemahaman teknis yang menyeluruh mengenai bidang spesifik mereka dan menggunakan pengetahuan ini untuk mendorong dampak yang positif bagi Indorama dan pelanggannya.'),
('D2',	'Mendorong Inovasi dan Perubahan',	'Menghasilkan Keunggulan',	'Berpikir kreatif dan menciptakan nilai melalui inovasi dan menyambut kemajuan teknologi dan perubahan-perubahan penting. Berkomunikasi secara efektif untuk memotivasi dan menyederhanakan ide-ide yang rumit.'),
('D3',	'Peningkatan yang Berkelanjutan',	'Menghasilkan Keunggulan',	'Memantau keberhasilan kolektif dengan menetapkan standar kinerja yang tinggi dan menggunakan matriks untuk mengidentifikasi serta memonitor kemajuan terhadap standar tersebut; mengkaji prosedur yang diterapkan Indorama untuk mengoptimalkan kinerja.');

DROP TABLE IF EXISTS `kompetensi_en`;
CREATE TABLE `kompetensi_en` (
  `id_kompetensi` varchar(15) COLLATE utf8mb4_general_ci NOT NULL,
  `nm_kompetensi` varchar(100) COLLATE utf8mb4_general_ci NOT NULL,
  `value` varchar(100) COLLATE utf8mb4_general_ci NOT NULL,
  `definisi` varchar(750) COLLATE utf8mb4_general_ci NOT NULL,
  PRIMARY KEY (`id_kompetensi`)
) ENGINE=InnoDB DEFAULT CHARSET=utf8mb4 COLLATE=utf8mb4_general_ci;

INSERT INTO `kompetensi_en` (`id_kompetensi`, `nm_kompetensi`, `value`, `definisi`) VALUES
('A1',	'Acting Responsibly',	'Act Like Owners',	'Takes responsibility for creating and delivering tangible results against Indorama’s social purpose with strong focus on integrity, safety, conduct, and ESG.'),
('A2',	'Building Confidence',	'Act Like Owners',	'Empowers others by making confident decisions and communicating them effectively so that teams, colleagues and customers have a clear sense of purpose and sustained confidence in Indorama.'),
('A3',	'Acting Strategically',	'Act Like Owners',	'Weighs priorities and analyses benefits and risks to make good decisions that drive Indorama’s strategy forward. Devises and implements strategies that focus on Indorama’s future readiness.'),
('B1',	'Making it Happen',	'Be Adaptable',	'Prioritizes and plans with attention to detail, remaining adaptable and overcoming challenges in order to achieve the desired impact for Indorama.'),
('B2',	'Developing Self',	'Be Adaptable',	'Reflects on where they are successful, where they need to improve, and seeks opportunities that will challenge them and enable continuous personal development.'),
('B3',	'Curious and Learning Mindset',	'Be Adaptable',	'Seeks knowledge and understanding of the world around them, drawing on a range of sources to form a perspective, and uses their research to create organizational benefits.'),
('C1',	'Collaboration and Teamwork',	'Care Deeply',	'Gathers the right people together to explore opportunities and challenges, finds common ground, and works effectively with others to best achieve Indorama’s objectives.'),
('C2',	'Nurturing Trusted Relationships',	'Care Deeply',	'Creates empathetic and enduring relationships by understanding and respecting the feelings, opinions, and goals of others and goes out of the way to help others.'),
('C3',	'Developing Talent',	'Care Deeply',	'Adds to the success of Indorama’s talent diversity through continuously training, coaching, mentoring, recognising potential, and celebrating others’ success by managing fairly and with transparency.'),
('D1',	'Domain Knowledge',	'Deliver Excellence',	'Demonstrates a comprehensive technical understanding of their domain and uses this knowledge to drive positive outcomes for Indorama and its customers.'),
('D2',	'Driving Innovation and Change',	'Deliver Excellence',	'Thinks outside of the box and creates value by innovating and embracing the technological advances and changes that matter. Communicates effectively to inspire others and simplify complex ideas.'),
('D3',	'Continuous Improvement',	'Deliver Excellence',	'Monitors collective success by defining standards for high performance and by identifying and monitoring metrics to track against those standards; challenges the way Indorama does things to optimize performance.');

DROP TABLE IF EXISTS `level`;
CREATE TABLE `level` (
  `id_level` int NOT NULL AUTO_INCREMENT,
  `level` varchar(25) NOT NULL,
  PRIMARY KEY (`id_level`)
) ENGINE=InnoDB DEFAULT CHARSET=utf8mb4 COLLATE=utf8mb4_0900_ai_ci;

INSERT INTO `level` (`id_level`, `level`) VALUES
(1,	'Senior'),
(2,	'Middle'),
(3,	'Junior'),
(4,	'Non Manajemen');

DROP TABLE IF EXISTS `migrations`;
CREATE TABLE `migrations` (
  `id` int unsigned NOT NULL AUTO_INCREMENT,
  `migration` varchar(255) COLLATE utf8mb4_unicode_ci NOT NULL,
  `batch` int NOT NULL,
  PRIMARY KEY (`id`)
) ENGINE=InnoDB DEFAULT CHARSET=utf8mb4 COLLATE=utf8mb4_unicode_ci;

INSERT INTO `migrations` (`id`, `migration`, `batch`) VALUES
(1,	'2014_10_12_000000_create_users_table',	1),
(2,	'2014_10_12_100000_create_password_resets_table',	1),
(3,	'2019_08_19_000000_create_failed_jobs_table',	1),
(4,	'2019_12_14_000001_create_personal_access_tokens_table',	1);

DROP TABLE IF EXISTS `nilai`;
CREATE TABLE `nilai` (
  `id_nilai` varchar(15) NOT NULL,
  `id_struktur` varchar(15) CHARACTER SET utf8mb4 COLLATE utf8mb4_0900_ai_ci NOT NULL,
  `id_kompetensi` varchar(15) CHARACTER SET utf8mb4 COLLATE utf8mb4_0900_ai_ci NOT NULL,
  `deskripsi` varchar(500) NOT NULL,
  PRIMARY KEY (`id_nilai`),
  KEY `id_kompetensi` (`id_kompetensi`),
  KEY `id_struktur` (`id_struktur`),
  CONSTRAINT `nilai_ibfk_2` FOREIGN KEY (`id_kompetensi`) REFERENCES `kompetensi` (`id_kompetensi`),
  CONSTRAINT `nilai_ibfk_3` FOREIGN KEY (`id_struktur`) REFERENCES `struktur` (`id_struktur`)
) ENGINE=InnoDB DEFAULT CHARSET=utf8mb4 COLLATE=utf8mb4_0900_ai_ci;

INSERT INTO `nilai` (`id_nilai`, `id_struktur`, `id_kompetensi`, `deskripsi`) VALUES
('A11a',	'A11',	'A1',	'Tidak menampilkan indikator perilaku yang diperlukan untuk Bertindak dengan penuh Tanggung Jawab.'),
('A11b',	'A11',	'A1',	'Merujuk ke etika bisnis Indorama, tetapi fokus yang jelas terkait standar perilaku tidak selalu ditampilkan dalam tindakan, keputusan maupun cara mereka berkomunikasi.'),
('A11c',	'A11',	'A1',	'Menampilkan penerapan etika bisnis Indorama secara dominan, mengutamakan pentingnya integritas di semua tindakan, komunikasi, dan pengambilan keputusan mereka.'),
('A11d',	'A11',	'A1',	'Memastikan rekan dan sejawatnya menerapkan etika bisnis Indorama, mencari cara yang efektif untuk memperlihatkan pentingnya integritas ke jaringan eksternal dan masyarakat luas.'),
('A11e',	'A11',	'A1',	'Mengutamakan budaya yang mendorong individu di semua bagian organisasi untuk memperhatikan etika bisnis Indorama, dan pentingnya integritas dalam tindakan, keputusan, dan komunikasi yang mereka lakukan.'),
('A11f',	'A11',	'A1',	'-'),
('A12a',	'A12',	'A1',	'Tidak menampilkan indikator perilaku yang diperlukan untuk Bertindak dengan penuh Tanggung Jawab.'),
('A12b',	'A12',	'A1',	'Memperhatikan pentingnya Kompas, Kode Etik, dan tujuan ESG Indorama, tetapi sikap ini tidak ditampilkan secara konsisten dalam keputusan yang mereka buat.'),
('A12c',	'A12',	'A1',	'Secara konsisten membuat keputusan yang sejalan dengan Kompas, Kode Etik, dan tujuan ESG Indorama.'),
('A12d',	'A12',	'A1',	'Secara proaktif mendorong orang lain untuk membuat keputusan yang sejalan dengan Kompas, Kode Etik, dan tujuan ESG Indorama.'),
('A12e',	'A12',	'A1',	'Menciptakan proses dan sistem yang memungkinkan setiap orang di Indorama untuk membuat keputusan yang sesuai dengan Kompas, Kode Etik, dan tujuan ESG Indorama.'),
('A12f',	'A12',	'A1',	'-'),
('A13a',	'A13',	'A1',	'Tidak menampilkan indikator perilaku yang diperlukan untuk Bertindak dengan penuh Tanggung Jawab.'),
('A13b',	'A13',	'A1',	'Bukti nyata yang memperlihatkan pengambilan keputusan atau tindakan dilakukan setelah mempertimbangkan keselamatan karyawan, aset, dan lingkungan tidak ditampilkan secara konsisten.'),
('A13c',	'A13',	'A1',	'Langkah-langkah yang jelas telah dilakukan untuk memastikan keselamatan karyawan, aset, dan lingkungan selalu dipertimbangkan sebelum membuat keputusan dan mengambil tindakan.'),
('A13d',	'A13',	'A1',	'Memastikan keselamatan karyawan, aset, dan lingkungan selalu dipertimbangkan sebelum pengambilan keputusan dan tindakan serta mendorong orang lain untuk melakukan hal yang sama dengan mengingatkan pentingnya keselamatan di tempat kerja.'),
('A13e',	'A13',	'A1',	'Menumbuhkan budaya yang mengutamakan keselamatan karyawan, aset, dan lingkungan serta memastikan keselamatan dipertimbangkan sebelum mengambil keputusan dan tindakan.'),
('A13f',	'A13',	'A1',	'-'),
('A21a',	'A21',	'A2',	'Tidak memperlihatkan indikator perilaku yang dipersyaratkan untuk Membangun Kepercayaan.'),
('A21b',	'A21',	'A2',	'Berusaha menerapkan pertimbangan terbaik untuk membuat keputusan yang akurat dan tepat waktu tetapi juga bertanya kepada orang lain untuk meminta klarifikasi atau saat membuat keputusan akhir.'),
('A21c',	'A21',	'A2',	'Secara efektif menggunakan penilaian terbaik mereka dalam membuat keputusan yang tepat waktu dengan percaya diri.'),
('A21d',	'A21',	'A2',	'Membuat keputusan yang akurat dan tepat waktu. Mendorong dan mendukung orang lain untuk melakukan hal yang sama.'),
('A21e',	'A21',	'A2',	'Menciptakan budaya yang menunjukkan semua pimpinan membuat keputusan yang akurat dan tepat waktu.'),
('A21f',	'A21',	'A2',	'-'),
('A22a',	'A22',	'A2',	'Tidak memperlihatkan indikator perilaku yang dipersyaratkan untuk Membangun Kepercayaan.'),
('A22b',	'A22',	'A2',	'Tidak secara konsisten bertanggung jawab atas keputusan mereka, yang mungkin membuat orang lain tidak yakin akan akuntabilitas mereka.'),
('A22c',	'A22',	'A2',	'Bertanggung jawab atas – dan menghadapi – tantangan sulit, bersikap terbuka dan transparan terkait tindakan, keputusan, dan kesalahan mereka.'),
('A22d',	'A22',	'A2',	'Mencontohkan pentingnya menjadi individu yang bertanggung jawab atas tindakan dan bersikap transparan dalam pengambilan keputusan di seluruh bagian Indorama.'),
('A22e',	'A22',	'A2',	'Mendorong budaya yang transparan dan akuntabel agar berdampak positif bagi kesuksesan Indorama di masa depan.'),
('A22f',	'A22',	'A2',	'-'),
('A23a',	'A23',	'A2',	'Tidak memperlihatkan indikator perilaku yang dipersyaratkan untuk Membangun Kepercayaan.'),
('A23b',	'A23',	'A2',	'Tidak secara konsisten mengomunikasikan pesan mereka dengan jelas dan dengan cara yang menumbuhkan kepercayaan audiensi.'),
('A23c',	'A23',	'A2',	'Menampilkan kepercayaan diri pada kemampuan mereka untuk berhasil melalui pesan dan komunikasi yang jelas.'),
('A23d',	'A23',	'A2',	'Menumbuhkan kepercayaan, optimisme, dan semangat terkait kemampuan Indorama untuk sukses melalui pesan dan komunikasi yang jelas.'),
('A23e',	'A23',	'A2',	'Memungkinkan orang lain di seluruh bagian Indorama untuk berkomunikasi dengan cara yang menumbuhkan kepercayaan terhadap kemampuan Indorama untuk meraih keberhasilan bersama.'),
('A23f',	'A23',	'A2',	'-'),
('A31a',	'A31',	'A3',	'Tidak memperlihatkan indikator perilaku yang diperlukan untuk Mengambil Langkah Strategis.'),
('A31b',	'A31',	'A3',	'Membandingkan sejumlah alternatif sebelum membuat keputusan tetapi, membutuhkan dorongan atau dukungan dalam menganalisis manfaat dan risiko terkait setiap pilihan tersebut.'),
('A31c',	'A31',	'A3',	'Mempertimbangkan opsi atau konsep alternatif, dengan mengevaluasi manfaat dan risikonya terhadap tujuan strategis Indorama.'),
('A31d',	'A31',	'A3',	'Melakukan analisis dan penilaian risiko menyeluruh terhadap semua opsi sebelum membuat keputusan penting, dengan mempertimbangkan keadaan Indorama saat ini dan di masa depan.'),
('A31e',	'A31',	'A3',	'Menerapkan sistem atau proses yang memastikan analisis lengkap dan penilaian risiko dilakukan sebelum pengambilan keputusan di semua tingkat dan divisi Indorama.'),
('A31f',	'A31',	'A3',	'-'),
('A32a',	'A32',	'A3',	'Tidak memperlihatkan indikator perilaku yang diperlukan untuk Mengambil Langkah Strategis.'),
('A32b',	'A32',	'A3',	'Tidak selalu mempertimbangkan opini orang lain ketika membuat keputusan penting, teguh pada pendekatan awal mereka.'),
('A32c',	'A32',	'A3',	'Mempertimbangkan pendapat dan kepentingan sekelompok besar orang sebelum membuat keputusan.'),
('A32d',	'A32',	'A3',	'Mendorong individu dalam tim dan divisinya untuk mempertimbangkan pendapat dan kepentingan orang lain sebelum membuat keputusan.'),
('A32e',	'A32',	'A3',	'Menumbuhkan budaya yang mendorong orang untuk mempertimbangkan pendapat dan kepentingan orang lain, dan menentang keputusan yang tidak memberikan bukti yang cukup tentang pertimbangan ini.'),
('A32f',	'A32',	'A3',	'-'),
('A33a',	'A33',	'A3',	'Tidak memperlihatkan indikator perilaku yang diperlukan untuk Mengambil Langkah Strategis.'),
('A33b',	'A33',	'A3',	'Kurangnya pemahaman mereka tentang kebutuhan masa depan Indorama dan pelanggannya, membuat keputusan mereka tidak secara konsisten berorientasi pada masa depan.'),
('A33c',	'A33',	'A3',	'Menunjukkan pemahaman yang jelas mengenai kebutuhan masa depan Indorama dan pelanggannya, guna membuat keputusan taktis yang sejalan dengan kondisi masa depan yang dicita- citakan.'),
('A33d',	'A33',	'A3',	'Memungkinkan orang lain untuk lebih memahami kebutuhan masa depan Indorama, dan pelanggannya, untuk menyelaraskan aktivitas dan keputusan mereka dengan kondisi masa depan yang dicita-citakan.'),
('A33e',	'A33',	'A3',	'Menciptakan budaya di mana organisasi/ divisi selalu melihat ke depan, mengantisipasi kebutuhan pelanggan, dan menyelaraskan kemampuan Indorama untuk meraih masa depan yang diinginkan.'),
('A33f',	'A33',	'A3',	'-'),
('B11a',	'B11',	'B1',	'Tidak memperlihatkan indikator perilaku yang diperlukan untuk Membuat Realisasi.'),
('B11b',	'B11',	'B1',	'Menyusun rencana yang memungkinkan proyek atau inisiatif untuk diselesaikan sesuai ruang lingkup dan tepat waktu tetapi tidak melakukannya secara konsisten.'),
('B11c',	'B11',	'B1',	'Secara konsisten menyusun dan mengimplementasikan rencana untuk diselesaikan sesuai ruang lingkup dan tepat waktu, mengurangi risiko dan dengan jelas menetapkan pembagian tanggung jawab dalam menjalankan rencana ini.'),
('B11d',	'B11',	'B1',	'Menyusun dan mengimplementasikan rencana realistis yang mempertimbangkan prioritas strategis Indorama dengan rencana kontingensi yang jelas untuk mengatasi potensi risiko yang mungkin terjadi.'),
('B11e',	'B11',	'B1',	'Menciptakan lingkungan yang memungkinkan individu untuk membuat perencanaan dengan memastikan nilai tersampaikan secara konsisten kepada Indorama dan pelanggannya.'),
('B11f',	'B11',	'B1',	'-'),
('B12a',	'B12',	'B1',	'Tidak memperlihatkan indikator perilaku yang diperlukan untuk Membuat Realisasi.'),
('B12b',	'B12',	'B1',	'Berusaha tetap fleksibel dan mengambil tindakan untuk mengatasi hambatan jika memungkinkan, tetapi terkadang tetap menggunakan pola pikir kaku tanpa menyesuaikannya sesuai kebutuhan.'),
('B12c',	'B12',	'B1',	'Menunjukkan kemampuan beradaptasi terhadap perubahan situasi, merevisi rencana dan strategi seperlunya untuk mengatasi hambatan dan menemukan solusi.'),
('B12d',	'B12',	'B1',	'Memberikan contoh perilaku beradaptasi dengan perubahan situasi, mengatasi hambatan, dan menemukan solusi, dan memungkinkan orang lain untuk melakukan hal yang sama.'),
('B12e',	'B12',	'B1',	'Menciptakan budaya di seluruh unit bisnis yang mendorong orang untuk beradaptasi dengan perubahan situasi, berorientasi pada solusi, dan mengatasi hambatan sehingga Indorama dapat terus meraih capaian maksimal.'),
('B12f',	'B12',	'B1',	'-'),
('B13a',	'B13',	'B1',	'Tidak memperlihatkan indikator perilaku yang diperlukan untuk Membuat Realisasi.'),
('B13b',	'B13',	'B1',	'Terkadang tidak secara konsisten menyelesaikan pekerjaan dengan kualitas yang diinginkan atau secara tepat waktu.'),
('B13c',	'B13',	'B1',	'Secara konsisten menyelesaikan pekerjaan dengan standar tinggi dan tepat waktu.'),
('B13d',	'B13',	'B1',	'Memberikan contoh menyelesaikan pekerjaan dengan standar yang tinggi dan tepat waktu, dan memfasilitasi orang lain untuk melakukan hal yang sama.'),
('B13e',	'B13',	'B1',	'Menerapkan cara kerja yang memungkinkan individu untuk menyelesaikan pekerjaan dengan standar yang sangat baik dan mencapai hasil yang diinginkan untuk diri mereka sendiri, Indorama, dan pelanggannya.'),
('B13f',	'B13',	'B1',	'-'),
('B21a',	'B21',	'B2',	'Tidak memperlihatkan indikator perilaku yang diperlukan untuk Pengembangan Diri.'),
('B21b',	'B21',	'B2',	'Mengambil tindakan untuk lebih memahami kekuatan pribadi dan mengidentifikasi area yang dapat ditingkatkan dengan mengevaluasi kemampuan mereka tetapi tidak melakukannya secara reguler.'),
('B21c',	'B21',	'B2',	'Dapat dengan jelas mengidentifikasi kekuatan dan bagian yang perlu ditingkatkan, mengambil tindakan secara tepat waktu dan konsisten untuk meningkatkan kapasitas sesuai dengan rencana pengembangan diri yang ditetapkan.'),
('B21d',	'B21',	'B2',	'Terbuka dengan rekan kerja, kolega, dan manajer terkait rencana pengembangan diri, mendefinisikan tujuan dengan jelas dan secara teratur memperbarui rencana pengembangan diri mereka. Mendorong orang lain untuk melakukan hal yang sama.'),
('B21e',	'B21',	'B2',	'Memfasilitasi proses dan sistem di seluruh bagian bisnis yang memberikan individu, termasuk mereka sendiri, kesempatan untuk fokus pada pengembangan diri, memungkinkan mereka untuk merencanakan dan mengambil tindakan untuk mengembangkan diri.'),
('B21f',	'B21',	'B2',	'-'),
('B22a',	'B22',	'B2',	'Tidak memperlihatkan indikator perilaku yang diperlukan untuk Pengembangan Diri.'),
('B22b',	'B22',	'B2',	'Tidak konsisten dalam mengakui dan meminta umpan balik.'),
('B22c',	'B22',	'B2',	'Meminta masukan yang tepat waktu dan konstruktif dari kolega dekat dan bertindak secara konstruktif atas masukan yang diberikan.'),
('B22d',	'B22',	'B2',	'Selalu meminta umpan balik yang tepat waktu dan konstruktif dari sejumlah rekan kerja, menggunakannya untuk melaporkan perkembangan mereka, dan mendorong orang lain untuk melakukan hal yang sama.'),
('B22e',	'B22',	'B2',	'Membangun budaya umpan balik terbuka dengan menjadi panutan dan mendorong semua orang di Indorama untuk memberikan umpan balik yang konstruktif dan tepat waktu kepada orang lain.'),
('B22f',	'B22',	'B2',	'-'),
('B23a',	'B23',	'B2',	'Tidak memperlihatkan indikator perilaku yang diperlukan untuk Pengembangan Diri.'),
('B23b',	'B23',	'B2',	'Tidak selalu secara aktif mencari peluang, cenderung fokus pada peluang yang sesuai dengan tingkat kemampuan mereka saat ini.'),
('B23c',	'B23',	'B2',	'Mencari peluang yang luas dan mengambil tanggung jawab ekstra untuk meningkatkan kemampuan dan mengembangkan diri mereka.'),
('B23d',	'B23',	'B2',	'Secara proaktif mencari peluang di luar zona nyaman mereka, yang selaras dengan tujuan strategis Indorama, mendorong orang lain untuk melakukan hal yang sama.'),
('B23e',	'B23',	'B2',	'Menciptakan lingkungan yang membuat orang merasa aman dan berdaya untuk mengambil peluang di luar zona nyaman mereka untuk membantu mempercepat perkembangan diri mereka, sejalan dengan tujuan strategis Indorama.'),
('B23f',	'B23',	'B2',	'-'),
('B31a',	'B31',	'B3',	'Tidak memperlihatkan indikator perilaku yang dipersyaratkan Pola Pikir yang Ingin Tahu dan Belajar.'),
('B31b',	'B31',	'B3',	'Cenderung melakukan riset untuk mendukung pemahamannya mengenai tugas tertentu tetapi terkadang perlu diingatkan.'),
('B31c',	'B31',	'B3',	'Secara konsisten melakukan riset untuk tetap untuk tetap mutakhir dengan isu terkini dan hal-hal yang mungkin berdampak pada bisnis Indorama.'),
('B31d',	'B31',	'B3',	'Melakukan riset mendalam dan memeriksa fakta dari berbagai sumber informasi (termasuk informasi internal, pencarian internet, masukan pelanggan, dll.) untuk membuat dirinya mutakhir mengenai pasar, termasuk para kompetitor Indorama dan strategi mereka.'),
('B31e',	'B31',	'B3',	'Mendukung terciptanya lingkungan yang para individunya menggunakan pelbagai informasi untuk tetap mutakhir mengenai industri, serta kompetitor Indorama dan strategi mereka.'),
('B31f',	'B31',	'B3',	'-'),
('B32a',	'B32',	'B3',	'Tidak memperlihatkan indikator perilaku yang dipersyaratkan Pola Pikir yang Ingin Tahu dan Belajar.'),
('B32b',	'B32',	'B3',	'Tidak memanfaatkan riset secara konsisten untuk menghasilkan manfaat bagi organisasi.'),
('B32c',	'B32',	'B3',	'Menerapkan riset untuk tujuan-tujuan yang bermanfaat seperti pelatihan dan pengembangan, menambah pengetahuan orang lain, mempertanyakan asumsi, atau memperbaiki praktik-praktik yang ada saat ini.'),
('B32d',	'B32',	'B3',	'Mendorong orang lain untuk melakukan riset dengan memanfaatkan berbagai jenis informasi dan data, menggunakannya untuk mempertanyakan asumsi, menambah pengetahuan orang lain, atau memperbaiki praktik- praktik yang ada.'),
('B32e',	'B32',	'B3',	'Menempatkan sistem dan proses yang memungkinkan Indorama untuk menjadi organisasi pembelajar berbasis riset dan pembelajaran yang dilakukan orang-orangnya.'),
('B32f',	'B32',	'B3',	'-'),
('B33a',	'B33',	'B3',	'Tidak memperlihatkan indikator perilaku yang dipersyaratkan Pola Pikir yang Ingin Tahu dan Belajar.'),
('B33b',	'B33',	'B3',	'Tidak secara konsisten menggunakan riset untuk lebih memahami perubahan kebutuhan pelanggan dan industri Indorama.'),
('B33c',	'B33',	'B3',	'Melalui riset, mereka memahami perubahan kebutuhan pelanggan dan industri Indorama.'),
('B33d',	'B33',	'B3',	'Melakukan riset bersama orang lain, dengan cara yang membantu mereka untuk lebih memahami perubahan kebutuhan pelanggan dan industri Indorama, dan mendorong orang lain untuk melakukan hal yang sama.'),
('B33e',	'B33',	'B3',	'Menciptakan budaya yang memungkinkan individu bekerja sama dan berbagi berbagai riset global untuk lebih memahami perubahan kebutuhan pelanggan dan industri Indorama.'),
('B33f',	'B33',	'B3',	'-'),
('C11a',	'C11',	'C1',	'Tidak memperlihatkan indikator perilaku yang diperlukan untuk Kolaborasi dan Kerja Sama Tim.'),
('C11b',	'C11',	'C1',	'Mengetahui manfaat kolaborasi tetapi tidak secara konsisten bekerja sama dengan baik dengan orang lain.'),
('C11c',	'C11',	'C1',	'Secara konsisten berkolaborasi dengan orang lain, dengan tujuan meraih hasil yang lebih baik untuk Indorama.'),
('C11d',	'C11',	'C1',	'Mendobrak hambatan antara individu, tim, dan divisi di seluruh wilayah dan pasar, dengan fokus pada tujuan dan sasaran bersama untuk memungkinkan keberhasilan kolaborasi.'),
('C11e',	'C11',	'C1',	'Menciptakan lingkungan yang mendorong kolaborasi untuk membuat struktur yang lebih informal di seluruh bisnis dan meningkatkan hubungan kerja global.'),
('C11f',	'C11',	'C1',	'-'),
('C12a',	'C12',	'C1',	'Tidak memperlihatkan indikator perilaku yang diperlukan untuk Kolaborasi dan Kerja Sama Tim.'),
('C12b',	'C12',	'C1',	'Terkadang perlu didorong untuk secara aktif melibatkan orang lain dan mengajak mereka bekerja sama dalam memecahkan masalah, mengeksplorasi ide-ide baru atau membuat keputusan.'),
('C12c',	'C12',	'C1',	'Memperhitungkan kompetensi dari seluruh bagian organisasi, melibatkan orang yang tepat ketika mencoba memecahkan masalah tertentu, menjelajahi peluang baru atau ketika membuat keputusan.'),
('C12d',	'C12',	'C1',	'Secara konsisten menyatukan beragam tim individu dengan keterampilan, kemampuan, dan perspektif yang berbeda, mendatangkan ahli eksternal ketika mereka mengetahui keterbatasan, atau kesenjangan dalam tim mereka.'),
('C12e',	'C12',	'C1',	'Menerapkan sistem dan proses yang memungkinkan orang berkolaborasi di seluruh pasar serta memanfaatkan pengetahuan dan keahlian kolektif Indorama.'),
('C12f',	'C12',	'C1',	'-'),
('C13a',	'C13',	'C1',	'Tidak memperlihatkan indikator perilaku yang diperlukan untuk Kolaborasi dan Kerja Sama Tim.'),
('C13b',	'C13',	'C1',	'Terkadang mendengarkan orang lain, tetapi pikiran dan pendapat orang lain tidak selalu ditampilkan dalam keputusan yang mereka buat.'),
('C13c',	'C13',	'C1',	'Secara aktif memfasilitasi interaksi antara anggota tim, menantang dan mendorong orang lain untuk berani berbicara, memastikan kontribusi mereka didengar dengan jelas dan diakui.'),
('C13d',	'C13',	'C1',	'Mempromosikan pentingnya membawa keragaman pemikiran ke dalam setiap keputusan, ide, atau proyek, memastikan percakapan berlanjut hingga serangkaian konsep tim yang jelas tercipta, atau konsensus tercapai.'),
('C13e',	'C13',	'C1',	'Membangun budaya yang setiap orangnya merasa diberdayakan untuk memberikan pendapat, untuk memastikan bahwa ragam pengalaman, gaya, latar belakang, dan perspektif yang berbeda dimanfaatkan dalam membuat pendekatan pekerjaan di seluruh Indorama.'),
('C13f',	'C13',	'C1',	'-'),
('C21a',	'C21',	'C2',	'Tidak memperlihatkan indikator perilaku yang diperlukan untuk Membina Hubungan Saling Percaya.'),
('C21b',	'C21',	'C2',	'Terkadang tidak memahami perasaan dan perspektif orang lain dalam setiap situasi.'),
('C21c',	'C21',	'C2',	'Menumbuhkan rasa empati melalui dialog positif. Secara aktif mendengarkan, memahami, dan menghargai ide, perasaan, dan keyakinan orang lain.'),
('C21d',	'C21',	'C2',	'Mencontohkan perilaku yang membangun hubungan yang berempati berdasarkan rasa percaya, rasa hormat, dan pengertian.'),
('C21e',	'C21',	'C2',	'Menciptakan lingkungan yang mendorong individu untuk membangun hubungan erat dengan orang lain, pelanggan, dan masyarakat yang dilayaninya, dengan meluangkan waktu untuk memahami perasaan dan perspektif orang lain.'),
('C21f',	'C21',	'C2',	'-'),
('C22a',	'C22',	'C2',	'Tidak memperlihatkan indikator perilaku yang diperlukan untuk Membina Hubungan Saling Percaya.'),
('C22b',	'C22',	'C2',	'Berupaya untuk memengaruhi orang lain dengan cara yang positif tetapi terkadang tidak melakukannya secara konsisten.'),
('C22c',	'C22',	'C2',	'Dapat secara positif memengaruhi orang lain dengan memahami sudut pandang mereka, berperilaku dengan tanggung jawab, dan berkontribusi pada keberhasilan pribadi mereka.'),
('C22d',	'C22',	'C2',	'Secara efektif membangun aliansi saling menguntungkan dengan orang lain, dengan benar-benar memahami pikiran, pendapat, dan kebutuhan orang lain, berperilaku dengan rasa percaya, dan berkontribusi pada keberhasilan pribadi mereka. Mendorong orang lain untuk melakukan hal yang sama.'),
('C22e',	'C22',	'C2',	'Menciptakan budaya yang memungkinkan individu memengaruhi orang lain dengan cara yang positif dengan memahami kebutuhan dan tuntutan mereka, berperilaku dengan rasa percaya, dan saling membantu untuk berhasil.'),
('C22f',	'C22',	'C2',	'-'),
('C23a',	'C23',	'C2',	'Tidak memperlihatkan indikator perilaku yang diperlukan untuk Membina Hubungan Saling Percaya.'),
('C23b',	'C23',	'C2',	'Tidak secara konsisten melibatkan atau menyertakan orang lain di luar jaringan langsung mereka.'),
('C23c',	'C23',	'C2',	'Mengajak individu di luar jaringan langsung mereka untuk membangun hubungan yang erat dan jangka panjang dengan orang lain.'),
('C23d',	'C23',	'C2',	'Secara proaktif mencari peluang untuk membangun hubungan positif dengan orang lain di luar jaringan langsung mereka dan di seluruh industri tempat Indorama beroperasi.'),
('C23e',	'C23',	'C2',	'Menumbuhkan budaya di mana individu membangun hubungan jangka panjang yang positif di luar jaringan langsung mereka untuk kesuksesan Indorama di masa mendatang.'),
('C23f',	'C23',	'C2',	'-'),
('C31a',	'C31',	'C3',	'Tidak memperlihatkan indikator perilaku yang diperlukan untuk Mengembangkan Potensi.'),
('C31b',	'C31',	'C3',	'Terkadang perlu didorong untuk memberi peluang kepada individu-individu yang sejalan dengan tujuan pengembangan diri mereka.'),
('C31c',	'C31',	'C3',	'Memberikan kesempatan kepada orang lain untuk mengembangkan diri lebih jauh dalam peran mereka, menggunakan standar/ kriteria yang ditetapkan dan diterapkan secara konsisten.'),
('C31d',	'C31',	'C3',	'Memberikan peluang pengembangan diri yang selaras dengan ambisi pribadi individu dan mengembangkannya sejalan dengan aspirasi karier mereka, dengan menggunakan standar/ kriteria yang ditetapkan dan diterapkan secara konsisten.'),
('C31e',	'C31',	'C3',	'Memperkenalkan inisiatif- inisiatif yang memungkinkan Indorama menyediakan berbagai peluang pengembangan diri yang selaras dengan aspirasi karier mereka yang unik, menggunakan standar/kriteria yang ditetapkan dan diterapkan secara konsisten untuk mencapainya.'),
('C31f',	'C31',	'C3',	'-'),
('C32a',	'C32',	'C3',	'Tidak memperlihatkan indikator perilaku yang diperlukan untuk Mengembangkan Potensi.'),
('C32b',	'C32',	'C3',	'Tidak secara konsisten memberikan umpan balik, pelatihan, pembinaan, dan pendampingan kepada orang lain ketika diperlukan.'),
('C32c',	'C32',	'C3',	'Secara konsisten memberikan umpan balik, pelatihan, pembinaan, dan pendampingan secara tepat waktu dan konstruktif kepada orang lain, dengan tujuan membantu mereka mencapai tujuan pengembangan diri mereka.'),
('C32d',	'C32',	'C3',	'Memberikan tanggung jawab yang menantang yang sesuai dengan kebutuhan pengembangan individu dan strategi Indorama, mendukung mereka dengan memberikan umpan balik yang konstruktif dan bertindak sebagai mentor, pembina atau pelatih.'),
('C32e',	'C32',	'C3',	'Membangun lingkungan yang mendukung peningkatan kemampuan diri orang lain, memungkinkan mereka untuk menyadari potensi optimal mereka. Menciptakan sistem bagi individu untuk secara efektif melatih, membimbing, melatih, dan memberikan umpan balik kepada anggota tim, rekan kerja, dan kolega.'),
('C32f',	'C32',	'C3',	'-'),
('C33a',	'C33',	'C3',	'Tidak memperlihatkan indikator perilaku yang diperlukan untuk Mengembangkan Potensi.'),
('C33b',	'C33',	'C3',	'Tidak secara konsisten mengakui pencapaian orang lain atau terkadang perlu didorong untuk bertindak demikian.'),
('C33c',	'C33',	'C3',	'Secara konsisten mengakui pencapaian orang lain dan meluangkan waktu dan berupaya untuk merayakan keberhasilan.'),
('C33d',	'C33',	'C3',	'Secara proaktif mengakui pencapaian rekan kerja dan mendorong orang lain untuk melakukan hal yang sama.'),
('C33e',	'C33',	'C3',	'Membangun sistem dan proses di seluruh unit bisnis agar orang-orang dapat menghargai dan merayakan keberhasilan satu sama lain.'),
('C33f',	'C33',	'C3',	'-'),
('D11a',	'D11',	'D1',	'Tidak memperlihatkan indikator perilaku yang dibutuhkan Pengetahuan Spesifik.'),
('D11b',	'D11',	'D1',	'Memperlihatkan pemahaman dasar mengenai konsep, proses, peraturan, kepatuhan, dan perundang-undangan terkait bidang mereka.'),
('D11c',	'D11',	'D1',	'Berpengetahuan luas mengenai konsep, proses, peraturan, kepatuhan, dan perundang-undangan terkait bidang spesifik mereka.'),
('D11d',	'D11',	'D1',	'Memperlihatkan pemahaman mendalam mengenai berbagai konsep, proses, metodologi, peraturan, kepatuhan, dan perundang-undangan terkait bidang mereka, berbagi praktik terbaik dengan orang-orang di sekitarnya.'),
('D11e',	'D11',	'D1',	'Menciptakan inisiatif-inisiatif yang memungkinkan orang lain untuk membangun, dan berbagi keahlian bidang spesifik dalam serangkaian konsep, proses, metodologi, peraturan, dan kepatuhan di seluruh unit bisnis.'),
('D11f',	'D11',	'D1',	'-'),
('D12a',	'D12',	'D1',	'Tidak memperlihatkan indikator perilaku yang dibutuhkan Pengetahuan Spesifik.'),
('D12b',	'D12',	'D1',	'Meluangkan waktu untuk meningkatkan pengetahuan teknis atau spesifik, hanya saat diminta melakukan demikian.'),
('D12c',	'D12',	'D1',	'Secara konsisten meluangkan waktu untuk melakukan riset tentang bidang mereka, untuk menggali informasi dan meningkatkan kemampuan teknis.'),
('D12d',	'D12',	'D1',	'Menampilkan tingkat pengetahuan teknis yang tinggi, berupaya tetap mutakhir mengenai perkembangan terbaru di bidangnya untuk mendorong terciptanya dampak positif bagi Indorama dan pelanggannya.'),
('D12e',	'D12',	'D1',	'Memperkenalkan sistem dan proses yang memungkinkan orang lain untuk meningkatkan pengetahuan spesifik mereka, menggunakan informasi ini untuk mendukung terciptanya dampak positif bagi Indorama dan pelanggannya.'),
('D12f',	'D12',	'D1',	'-'),
('D13a',	'D13',	'D1',	'Tidak memperlihatkan indikator perilaku yang dibutuhkan Pengetahuan Spesifik.'),
('D13b',	'D13',	'D1',	'Menerapkan pemahaman dan pengetahuan teknis mereka dalam pelaksanaan tugas dan kegiatan harian, tetapi tidak secara konsisten.'),
('D13c',	'D13',	'D1',	'Secara konsisten menerapkan pemahaman dan pengetahuan teknis mereka dalam pelaksanaan tugas dan kegiatan harian.'),
('D13d',	'D13',	'D1',	'Secara proaktif menerapkan pemahaman dan pengetahuan teknis mereka dalam pelaksanaan tugas dan kegiatan sehari-hari serta mendorong orang lain untuk melakukan hal yang sama.'),
('D13e',	'D13',	'D1',	'Menciptakan peluang agar orang lain dapat menerapkan pengetahuan teknis mereka dalam pelaksanaan perannya dengan cara yang lebih efektif, dengan tujuan untuk mendorong capaian bisnis yang lebih baik bagi Indorama.'),
('D13f',	'D13',	'D1',	'-'),
('D21a',	'D21',	'D2',	'Tidak memperlihatkan indikator perilaku yang diperlukan untuk Mendorong Inovasi dan Perubahan.'),
('D21b',	'D21',	'D2',	'Memahami manfaat inovasi dan kemajuan teknologi, tetapi hanya merujuk pada ide-ide orang lain, tidak mengembangkan ide sendiri.'),
('D21c',	'D21',	'D2',	'Secara konsisten menciptakan ide-ide kreatif, opsi atau solusi, yang berhubungan dengan tugas atau masalah tertentu yang sedang menjadi perhatian.'),
('D21d',	'D21',	'D2',	'Memanfaatkan konsep di luar ranah mereka untuk membuat ide-ide baru yang diterapkan di luar tugas yang ada untuk menciptakan solusi inovatif yang mendorong pertumbuhan dan keberlanjutan.'),
('D21e',	'D21',	'D2',	'Secara terus-menerus merancang dan mengimplementasikan solusi inovatif yang berdampak positif bagi masa depan seluruh organisasi dan/atau pasar.'),
('D21f',	'D21',	'D2',	'-'),
('D22a',	'D22',	'D2',	'Tidak memperlihatkan indikator perilaku yang diperlukan untuk Mendorong Inovasi dan Perubahan.'),
('D22b',	'D22',	'D2',	'Dapat membentuk ide-ide baru untuk menyelesaikan tugas dan tantangan, tetapi ide-ide ini tidak selalu realistis dan dapat ditindaklanjuti. Terkadang merasa tidak nyaman mengambil risiko apa pun.'),
('D22c',	'D22',	'D2',	'Menggunakan kreativitas untuk menguraikan masalah dan mengatasi tantangan. Berani mengambil risiko yang telah diperhitungkan, jika perlu.'),
('D22d',	'D22',	'D2',	'Mempromosikan pentingnya inovasi dan pengambilan risiko berdasarkan informasi, mendorong orang lain dalam tim dan divisi mereka untuk menantang diri mereka sendiri untuk berpikir lebih kreatif.'),
('D22e',	'D22',	'D2',	'Mengembangkan budaya organisasi yang mendorong dan mendukung orang lain untuk menciptakan ide-ide baru atau mengambil risiko dengan perhitungan, dengan tujuan mendorong pertumbuhan yang berkelanjutan atau dampak bisnis yang positif.'),
('D22f',	'D22',	'D2',	'-'),
('D23a',	'D23',	'D2',	'Tidak memperlihatkan indikator perilaku yang diperlukan untuk Mendorong Inovasi dan Perubahan.'),
('D23b',	'D23',	'D2',	'Komunikasi yang sederhana dan jelas tentang isu-isu dan ide-ide yang kompleks tidak selalu tercapai, yang dapat membuat orang lain tidak yakin atau tidak memahami poin-poin utama yang mereka sampaikan.'),
('D23c',	'D23',	'D2',	'Komunikasi yang jelas, sederhana dan terstruktur disertai kontak mata yang baik dan minim gangguan. Isu-isu dan ide yang kompleks disederhanakan dan dipahami dengan jelas oleh semua orang.'),
('D23d',	'D23',	'D2',	'Komunikasi yang benar- benar memotivasi, melibatkan audiensi dengan menggunakan konten dan cerita yang menarik untuk membantu menjelaskan masalah dan ide yang kompleks secara sederhana.'),
('D23e',	'D23',	'D2',	'Bertanggung jawab untuk memperkenalkan inisiatif- inisiatif yang membantu orang lain untuk memperbaiki cara komunikasi mereka dan khususnya cara mereka melibatkan orang lain dengan menjelaskan ide kompleks menggunakan istilah-istilah yang sederhana.'),
('D23f',	'D23',	'D2',	'-'),
('D31a',	'D31',	'D3',	'Tidak memperlihatkan indikator perilaku yang dibutuhkan untuk Peningkatan yang Berkelanjutan'),
('D31b',	'D31',	'D3',	'Mendefinisikan dan menetapkan standar keberhasilan hanya pada situasi tertentu atau hanya untuk tugas-tugas khusus.'),
('D31c',	'D31',	'D3',	'Secara konsisten mendefinisikan dan menetapkan standar keberhasilan dalam peran mereka dan Indorama, menggunakan matriks utama untuk memantau kemajuan.'),
('D31d',	'D31',	'D3',	'Meningkatkan keberhasilan kolektif Indorama dengan memperkenalkan standar keberhasilan yang lebih tinggi untuk tim/divisi mereka dan menggunakan matriks utama untuk melacak kinerja – mendorong orang lain untuk melakukan hal yang sama.'),
('D31e',	'D31',	'D3',	'Memungkinkan budaya yang memberdayakan orang lain untuk menetapkan standar kinerja yang tinggi di seluruh bagian organisasi dan memantau kinerja terhadap standar ini secara reguler.'),
('D31f',	'D31',	'D3',	'-'),
('D32a',	'D32',	'D3',	'Tidak memperlihatkan indikator perilaku yang dibutuhkan untuk Peningkatan yang Berkelanjutan'),
('D32b',	'D32',	'D3',	'Terkadang tidak menggunakan data untuk mengambil keputusan atau memantau kemajuan secara konsisten.'),
('D32c',	'D32',	'D3',	'Keputusan penting dibuat berdasarkan data dan secara konsisten dipantau.'),
('D32d',	'D32',	'D3',	'Secara konsisten menggunakan data untuk membuat keputusan yang diinformasikan, mengubah cara pendekatan berdasarkan informasi baru jika sesuai dan memotivasi orang lain untuk melakukan hal yang sama.'),
('D32e',	'D32',	'D3',	'Menempatkan sistem dan proses yang memungkinkan individu untuk menggunakan data dan informasi yang relevan dalam membuat keputusan, serta mendukung perubahan yang direkomendasikan dalam kegiatan operasional bisnis.'),
('D32f',	'D32',	'D3',	'-'),
('D33a',	'D33',	'D3',	'Tidak memperlihatkan indikator perilaku yang dibutuhkan untuk Peningkatan yang Berkelanjutan'),
('D33b',	'D33',	'D3',	'Mempertanyakan cara suatu pekerjaan dilakukan tetapi terkadang perlu didorong untuk melakukan demikian.'),
('D33c',	'D33',	'D3',	'Mempertanyakan cara suatu pekerjaan dilakukan di Indorama untuk menentukan apa yang dapat ditingkatkan perusahaan dan apa yang perlu diubah untuk mencapainya.'),
('D33d',	'D33',	'D3',	'Memungkinkan rekan kerja di dalam tim/divisinya untuk mempertanyakan cara kerja dan mengambil tindakan yang jelas untuk mewujudkan perubahan ini.'),
('D33e',	'D33',	'D3',	'Membangun budaya perbaikan terus-menerus, memungkinkan orang lain untuk mempertanyakan cara suatu pekerjaan dilakukan dan berhasil menerapkan perubahan untuk mengoptimalkan kinerja.'),
('D33f',	'D33',	'D3',	'-');

DROP TABLE IF EXISTS `nilai_en`;
CREATE TABLE `nilai_en` (
  `id_nilai` varchar(15) COLLATE utf8mb4_general_ci NOT NULL,
  `id_struktur` varchar(15) CHARACTER SET utf8mb4 COLLATE utf8mb4_0900_ai_ci NOT NULL,
  `id_kompetensi` varchar(15) CHARACTER SET utf8mb4 COLLATE utf8mb4_general_ci NOT NULL,
  `deskripsi` varchar(500) COLLATE utf8mb4_general_ci NOT NULL,
  PRIMARY KEY (`id_nilai`),
  KEY `id_struktur` (`id_struktur`),
  KEY `id_kompetensi` (`id_kompetensi`),
  CONSTRAINT `nilai_en_ibfk_1` FOREIGN KEY (`id_struktur`) REFERENCES `struktur_en` (`id_struktur`),
  CONSTRAINT `nilai_en_ibfk_2` FOREIGN KEY (`id_kompetensi`) REFERENCES `kompetensi_en` (`id_kompetensi`)
) ENGINE=InnoDB DEFAULT CHARSET=utf8mb4 COLLATE=utf8mb4_general_ci;

INSERT INTO `nilai_en` (`id_nilai`, `id_struktur`, `id_kompetensi`, `deskripsi`) VALUES
('A11a',	'A11',	'A1',	'Does not show the behavioural indicators required for Acting Responsibly.'),
('A11b',	'A11',	'A1',	'Makes reference to the ethical ways in which Indorama does business, but a clear focus on high standards of conduct is not always present in their actions, decisions or in the way they communicate.'),
('A11c',	'A11',	'A1',	'Demonstrates a strong advocacy for the ethical ways in which Indorama does business, championing the importance of integrity through their actions, communications and decision-making.'),
('A11d',	'A11',	'A1',	'Ensures colleagues and peers advocate the ethical ways in which Indorama does business, actively finding ways to demonstrate the importance of integrity to external networks and the wider community.'),
('A11e',	'A11',	'A1',	'Champions a culture across the organisation which empowers individuals to consider Indorama’s ethical way of doing business, and the importance of integrity, in the actions, decisions and communications they make.'),
('A11f',	'A11',	'A1',	'-'),
('A12a',	'A12',	'A1',	'Does not show the behavioural indicators required for Acting Responsibly.'),
('A12b',	'A12',	'A1',	'They consider the importance of Indorama’s Compass, Code of Conduct, and ESG objectives but this may not be consistently demonstrated in the decisions they make.'),
('A12c',	'A12',	'A1',	'Consistently makes decisions which are in line with Indorama’s Compass, Code of Conduct, and ESG objectives.'),
('A12d',	'A12',	'A1',	'Proactively encourages other to make decisions in line with Indorama’s Compass, Code of Conduct, and ESG objectives.'),
('A12e',	'A12',	'A1',	'Creates processes and systems that enable everybody at Indorama to make decisions in line with Indorama’s Compass, Code of Conduct, and ESG objectives.'),
('A12f',	'A12',	'A1',	'-'),
('A13a',	'A13',	'A1',	'Does not show the behavioural indicators required for Acting Responsibly.'),
('A13b',	'A13',	'A1',	'Clear evidence of considering employee, asset, and environmental safety before taking decisions or actions is not demonstrated on a consistent basis.'),
('A13c',	'A13',	'A1',	'Clear steps are taken to ensure employee, asset, and environmental safety is considered before decisions and actions are made.'),
('A13d',	'A13',	'A1',	'Ensures that employee, asset, and environmental safety is always considered before decisions and actions are taken and encourages others to do the same by advocating the importance of safety in the workplace.'),
('A13e',	'A13',	'A1',	'Drives a culture where employee, asset, and environmental safety is paramount and always considered before decisions and actions are taken.'),
('A13f',	'A13',	'A1',	'-'),
('A21a',	'A21',	'A2',	'Does not show the behavioural indicators required for Building Confidence.'),
('A21b',	'A21',	'A2',	'Tries to use their best judgement to make timely and accurate decisions but may turn to others for clarification or to make the final decision.'),
('A21c',	'A21',	'A2',	'Effectively uses their judgement to make timely decisions in a self- assured way.'),
('A21d',	'A21',	'A2',	'Makes timely and confident decisions. Encourages and supports others to do the same.'),
('A21e',	'A21',	'A2',	'Creates a culture where timely and confident decision are made by all leaders.'),
('A21f',	'A21',	'A2',	'-'),
('A22a',	'A22',	'A2',	'Does not show the behavioural indicators required for Building Confidence.'),
('A22b',	'A22',	'A2',	'May not consistently take accountability for their decisions, which may leave others unsure of responsibilities.'),
('A22c',	'A22',	'A2',	'Takes accountability for – and faces up to – difficult challenges, being open and transparent about their actions, decisions, and mistakes.'),
('A22d',	'A22',	'A2',	'Exemplifies the importance of individuals taking accountability for their actions and being transparent in decision- making across Indorama.'),
('A22e',	'A22',	'A2',	'Drives a culture of transparency and accountability which positively impacts the future success of Indorama.'),
('A22f',	'A22',	'A2',	'-'),
('A23a',	'A23',	'A2',	'Does not show the behavioural indicators required for Building Confidence.'),
('A23b',	'A23',	'A2',	'May not consistently communicate their message clearly and in a way that builds the confidence of their audience.'),
('A23c',	'A23',	'A2',	'Shows confidence in their ability to succeed through their clear messaging and communication.'),
('A23d',	'A23',	'A2',	'Builds confidence, optimism and excitement in Indorama’s ability to succeed through their clear messaging and communication.'),
('A23e',	'A23',	'A2',	'Enables others across Indorama to communicate in a way that instils confidence about Indorama’s ability to achieve collective success.'),
('A23f',	'A23',	'A2',	'-'),
('A31a',	'A31',	'A3',	'Does not show the behavioural indicators required for Acting Strategically.'),
('A31b',	'A31',	'A3',	'Compares a number of alternative options before making decisions but needs prompting or support when analysing the benefits and risks associated with each.'),
('A31c',	'A31',	'A3',	'Weighs up alternate options or concepts, by evaluating their benefits and risks to Indorama’s strategic objectives.'),
('A31d',	'A31',	'A3',	'Conducts a full analysis and risk assessment of all options before making key decisions, taking both Indorama’s current and future context into account.'),
('A31e',	'A31',	'A3',	'Implements systems or processes which ensure full analyses and risk assessments are completed before decisions are made at all levels and functions across Indorama.'),
('A31f',	'A31',	'A3',	'-'),
('A32a',	'A32',	'A3',	'Does not show the behavioural indicators required for Acting Strategically.'),
('A32b',	'A32',	'A3',	'May not always consider the perspectives of others when making important decisions, maintaining their original approach.'),
('A32c',	'A32',	'A3',	'Takes into account the opinions and priorities of a broad group of people before making decisions.'),
('A32d',	'A32',	'A3',	'Encourages individuals in their team and function to consider the opinions and priorities of others before making decisions.'),
('A32e',	'A32',	'A3',	'Creates a culture where people are encouraged to consider the opinions and priorities of others, and challenge decisions which do not provide sufficient evidence of this.'),
('A32f',	'A32',	'A3',	'-'),
('A33a',	'A33',	'A3',	'Does not show the behavioural indicators required for Acting Strategically.'),
('A33b',	'A33',	'A3',	'Their lack of understanding of Indorama’s and its customer’s future needs, means that decisions may not be consistently future- focused.'),
('A33c',	'A33',	'A3',	'Demonstrates a clear understanding of Indorama’s and its customer’s future needs, in order to make tactical decisions which meet its desired future state.'),
('A33d',	'A33',	'A3',	'Enables others to better understand the future needs of Indorama, and its customers, in order to align their activity and decisions with its desired future state.'),
('A33e',	'A33',	'A3',	'Sets a culture where the organization/function is always looking forward, anticipating the customer’s needs and aligning Indorama’s capabilities to meet its desired future state.'),
('A33f',	'A33',	'A3',	'-'),
('B11a',	'B11',	'B1',	'Does not show the behavioural indicators required for Making it Happen.'),
('B11b',	'B11',	'B1',	'Designs plans which enable projects or initiatives to be delivered to scope and on time but may not do so consistently.'),
('B11c',	'B11',	'B1',	'Consistently designs and implements plans to be delivered to scope and on time, mitigating risks and clearly setting out the responsibilities of others in achieving these plans.'),
('B11d',	'B11',	'B1',	'Designs and implements robust plans that consider Indorama’s strategic priorities with clear contingencies for overcoming potential risks that may occur.'),
('B11e',	'B11',	'B1',	'Creates a environment that allows individuals to plan in a way that ensures that value is consistently delivered to Indorama and its customers.'),
('B11f',	'B11',	'B1',	'-'),
('B12a',	'B12',	'B1',	'Does not show the behavioural indicators required for Making it Happen.'),
('B12b',	'B12',	'B1',	'Tries to remain flexible and takes action to overcome obstacles where possible, but may use a fixed mindset without adapting it as needed.'),
('B12c',	'B12',	'B1',	'Shows adaptability to changing situations, revising plans and strategies as appropriate to overcome obstacles and finding solutions.'),
('B12d',	'B12',	'B1',	'Sets an example for adapting to changing situations, overcoming obstacles, and finding solutions, and enables others to do the same.'),
('B12e',	'B12',	'B1',	'Puts a culture in place across the business that encourages people to adapt to changing situations, be solution-oriented, and overcome barriers so that Indorama can continue to achieve its maximum impact.'),
('B12f',	'B12',	'B1',	'-'),
('B13a',	'B13',	'B1',	'Does not show the behavioural indicators required for Making it Happen.'),
('B13b',	'B13',	'B1',	'May not consistently deliver work at the desired quality level or in a timely manner.'),
('B13c',	'B13',	'B1',	'Consistently delivers work at a high standard and in a timely manner.'),
('B13d',	'B13',	'B1',	'Sets an example for delivering work at a high standard and in a timely manner, and enables others to do the same.'),
('B13e',	'B13',	'B1',	'Implements ways of working which allow individuals to deliver work at an exceptional standard and achieve the desired results for themselves, Indorama, and its customers.'),
('B13f',	'B13',	'B1',	'-'),
('B21a',	'B21',	'B2',	'Does not show the behavioural indicators required for Developing Self.'),
('B21b',	'B21',	'B2',	'Takes action to better understand their personal strengths and identifies areas for growth by reflecting on their capabilities but may not do so regularly.'),
('B21c',	'B21',	'B2',	'Can clearly identify their strengths and where they need to improve, takes timely and consistent action to improve as per a defined development plan'),
('B21d',	'B21',	'B2',	'Is open with peers, colleagues and managers about their personal development journey, clearly defining development goals and regularly updating their development plan. Encourages others to do the same.'),
('B21e',	'B21',	'B2',	'Enables processes and systems across the business which provide individuals, including themselves, with the opportunity to focus on their personal growth, enabling them to plan and take action to develop themselves.'),
('B21f',	'B21',	'B2',	'-'),
('B22a',	'B22',	'B2',	'Does not show the behavioural indicators required for Developing Self.'),
('B22b',	'B22',	'B2',	'Is inconsistent in acknowledging and asking for feedback.'),
('B22c',	'B22',	'B2',	'Asks immediate colleagues for timely and constructive feedback and acts constructively on the inputs provided.'),
('B22d',	'B22',	'B2',	'Always asks for timely and constructive feedback from a variety of different colleagues, using it to inform their development, and encourages others to do so.'),
('B22e',	'B22',	'B2',	'Builds a culture of open feedback by role modelling and encouraging everyone at Indorama to provide timely and constructive feedback to others.'),
('B22f',	'B22',	'B2',	'-'),
('B23a',	'B23',	'B2',	'Does not show the behavioural indicators required for Developing Self.'),
('B23b',	'B23',	'B2',	'May not actively seek for stretching opportunities, tending to focus on opportunities which represent their current capability level.'),
('B23c',	'B23',	'B2',	'Seeks stretching opportunities and takes on extra responsibilities to improve their capabilities and grow themselves.'),
('B23d',	'B23',	'B2',	'Proactively seeks stretching opportunities outside their comfort zone, which align with the strategic objectives of Indorama, encouraging others to do the same.'),
('B23e',	'B23',	'B2',	'Creates an environment where people feel safe and empowered to take on opportunities outside their comfort zone to help accelerate their own development, in line with the strategic objectives of Indorama.'),
('B23f',	'B23',	'B2',	'-'),
('B31a',	'B31',	'B3',	'Does not show the behavioural indicators required for Curious and Learning Mindset.'),
('B31b',	'B31',	'B3',	'Tends to conduct research to support their understanding of a specific task but may need prompting to do so.'),
('B31c',	'B31',	'B3',	'Consistently conducts research to keep up-to- date with current affairs and things that might be impacting Indorama as a business.'),
('B31d',	'B31',	'B3',	'Conducts thorough research and fact-checks across a wide range of information sources (including internal information, internet search, customer feedback etc.) to keep themselves up-to-date on the marketplace, as well as Indorama’s competitors and its wider strategy.'),
('B31e',	'B31',	'B3',	'Supports an environment where individuals use a broad range of information to keep up-to-date on the industry, as well as Indorama’s competitors and its wider strategy.'),
('B31f',	'B31',	'B3',	'-'),
('B32a',	'B32',	'B3',	'Does not show the behavioural indicators required for Curious and Learning Mindset.'),
('B32b',	'B32',	'B3',	'Does not consistently use their research to generate benefits for the organization.'),
('B32c',	'B32',	'B3',	'Applies their research for beneficial purposes such as training and development, upgrading knowledge of others, challenging existing assumptions, or improving existing practices.'),
('B32d',	'B32',	'B3',	'Encourages others to do research using a variety of different types of information and data, using it to challenge assumptions, upgrade knowledge of others, or improve existing practices.'),
('B32e',	'B32',	'B3',	'Puts systems and processes in place that enable Indorama to be a learning organization based on the research and learnings of its people.'),
('B32f',	'B32',	'B3',	'-'),
('B33a',	'B33',	'B3',	'Does not show the behavioural indicators required for Curious and Learning Mindset.'),
('B33b',	'B33',	'B3',	'They do not consistently use research to better understand the changing needs of Indorama’s customers and industry.'),
('B33c',	'B33',	'B3',	'Through their research they clearly understand the changing needs of Indorama’s customers and industry.'),
('B33d',	'B33',	'B3',	'Shares research with others, in a way that helps them to better understand the changing needs of Indorama’s customers and industry, and encourages others to do the same.'),
('B33e',	'B33',	'B3',	'Creates a culture where individuals gather and share broad sets of research in order to better understand the changing needs of Indorama’s customers and industry.'),
('B33f',	'B33',	'B3',	'-'),
('C11a',	'C11',	'C1',	'Does not show the behavioural indicators required for Collaboration and Teamwork.'),
('C11b',	'C11',	'C1',	'Recognises the benefit of collaboration but may not consistently work well with others.'),
('C11c',	'C11',	'C1',	'Consistently collaborates with others, with the aim of driving better outcomes for Indorama.'),
('C11d',	'C11',	'C1',	'Breaks down barriers between individuals, teams, and functions across regions and markets, emphasising their common purpose and goals to enable successful collaboration.'),
('C11e',	'C11',	'C1',	'Creates an environment where collaboration is promoted to break down silos across the business and improve global working relationships.'),
('C11f',	'C11',	'C1',	'-'),
('C12a',	'C12',	'C1',	'Does not show the behavioural indicators required for Collaboration and Teamwork.'),
('C12b',	'C12',	'C1',	'May need to be prompted to actively reach out to others and bring them together to help solve problems, explore new ideas or make decisions.'),
('C12c',	'C12',	'C1',	'Considers the expertise from across the organisation, bringing the right people together when attempting to solve specific problems, exploring new opportunities or when making decisions.'),
('C12d',	'C12',	'C1',	'Consistently brings together diverse teams of individuals with different skills, capabilities and perspectives, inviting external expertise when they recognise their own limits, or a gap within their team.'),
('C12e',	'C12',	'C1',	'Puts systems and processes in place to enable people to collaborate across markets and harness the collective knowledge and expertise of Indorama.'),
('C12f',	'C12',	'C1',	'-'),
('C13a',	'C13',	'C1',	'Does not show the behavioural indicators required for Collaboration and Teamwork.'),
('C13b',	'C13',	'C1',	'May listen to others, but their thoughts and opinions are not always demonstrated in the decisions they make.'),
('C13c',	'C13',	'C1',	'Actively facilitates interactions between team members, inviting challenges and encouraging others to speak up, making sure that their contribution is clearly heard and recognised.'),
('C13d',	'C13',	'C1',	'Promotes the importance of bringing diversity of thought into each decision, idea or project, ensuring conversations continue until a clear set of team concepts are created, or consensus reached.'),
('C13e',	'C13',	'C1',	'Builds a culture where everybody feels empowered to give their opinion, to ensure that different experiences, styles, backgrounds and perspectives are leveraged when approaching work across Indorama.'),
('C13f',	'C13',	'C1',	'-'),
('C21a',	'C21',	'C2',	'Does not show the behavioural indicators required for Nurturing Trusted Relationships.'),
('C21b',	'C21',	'C2',	'May not listen to others’ feelings and perspectives in every situation.'),
('C21c',	'C21',	'C2',	'Creates a feeling of empathy using positive dialogue. Actively listens, understands, and respects the ideas, feelings, and beliefs of others.'),
('C21d',	'C21',	'C2',	'Sets an example for building empathetic relationships based on trust, respect, and understanding.'),
('C21e',	'C21',	'C2',	'Creates an environment where individuals are encouraged to build strong relationships with others, customers, and the communities it serves, by taking the time to understand the feelings and perspectives of others.'),
('C21f',	'C21',	'C2',	'-'),
('C22a',	'C22',	'C2',	'Does not show the behavioural indicators required for Nurturing Trusted Relationships.'),
('C22b',	'C22',	'C2',	'Makes attempts to influence others in a positive way but may not do so on a consistent basis.'),
('C22c',	'C22',	'C2',	'Can positively influence others by understanding their point of view, behaving with trust, and contributing to their personal success.'),
('C22d',	'C22',	'C2',	'Effectively builds win-win alliances between themselves and other people, by truly understanding the thoughts, opinions, and needs of others, behaving with trust, and contributing to their personal success. Encourages others to do the same.'),
('C22e',	'C22',	'C2',	'Creates a culture where people influence others in a positive way by understanding their needs and requirements, behaving with trust, and helping each other to succeed.'),
('C22f',	'C22',	'C2',	'-'),
('C23a',	'C23',	'C2',	'Does not show the behavioural indicators required for Nurturing Trusted Relationships.'),
('C23b',	'C23',	'C2',	'Does not consistently engage or include others beyond their immediate network.'),
('C23c',	'C23',	'C2',	'Reaches out to individuals beyond their immediate network to build strong, lasting connections with others.'),
('C23d',	'C23',	'C2',	'Proactively looks for opportunities to build positive connections with others beyond their immediate network and across the industries in which Indorama operates.'),
('C23e',	'C23',	'C2',	'Develops a culture where individuals build lasting, positive connections beyond their immediate network for Indorama’s future success.'),
('C23f',	'C23',	'C2',	'-'),
('C31a',	'C31',	'C3',	'Does not show the behavioural indicators required for Developing Talent.'),
('C31b',	'C31',	'C3',	'May need prompting to provide individuals with stretching opportunities that are in line with their development goals.'),
('C31c',	'C31',	'C3',	'Provides development opportunities to others to stretch them further in their role, using defined and consistently applied standards/criteria.'),
('C31d',	'C31',	'C3',	'Provides development opportunities that align to individual’s personal ambitions and will stretch them in line with their career aspirations, using defined and consistently applied standards/criteria.'),
('C31e',	'C31',	'C3',	'Introduces initiatives that enable Indorama to provide its people with a variety of development opportunities which align to their unique career aspirations, using defined and consistently applied standards/criteria to achieve this.'),
('C31f',	'C31',	'C3',	'-'),
('C32a',	'C32',	'C3',	'Does not show the behavioural indicators required for Developing Talent.'),
('C32b',	'C32',	'C3',	'Does not consistently provide feedback, training, coaching and mentoring to others when it is required.'),
('C32c',	'C32',	'C3',	'Consistently provides timely and constructive feedback, training, coaching and mentoring to others, with the aim of helping them to achieve their development goals.'),
('C32d',	'C32',	'C3',	'Allocates challenging responsibilities in line with individuals’ development requirements and Indorama’s strategy, supporting them by providing constructive feedback and acting as a mentor, coach or trainer.'),
('C32e',	'C32',	'C3',	'Builds a supportive environment that enhances the capabilities of others, enabling them to realise their full potential. Creates ways for individuals to effectively coach, mentor, train and give feedback to team members, peers and colleagues.'),
('C32f',	'C32',	'C3',	'-'),
('C33a',	'C33',	'C3',	'Does not show the behavioural indicators required for Developing Talent.'),
('C33b',	'C33',	'C3',	'May not consistently recognise the achievements of others or may need prompting to do so.'),
('C33c',	'C33',	'C3',	'Consistently recognises the achievement of others and makes time and effort to celebrate successes.'),
('C33d',	'C33',	'C3',	'Proactively recognises the achievements of colleagues and encourages others to do the same.'),
('C33e',	'C33',	'C3',	'Sets up systems and processes across the business for people to recognise and celebrate each other’s successes.'),
('C33f',	'C33',	'C3',	'-'),
('D11a',	'D11',	'D1',	'Does not show the behavioural indicators required for Domain Knowledge.'),
('D11b',	'D11',	'D1',	'Displays a basic understanding of concepts, processes, regulation, compliance and legislation relevant to their domain.'),
('D11c',	'D11',	'D1',	'Is knowledgeable in concepts, processes, regulation, compliance and legislation related to their specific domain.'),
('D11d',	'D11',	'D1',	'Displays an in-depth understanding of a broad range of concepts, processes, methodologies, regulations, compliance and legislation relevant to their domain, sharing best practice with those around them.'),
('D11e',	'D11',	'D1',	'Develops initiatives which enable others to build, and share, subject-matter expertise in a broad range of concepts, processes, methodologies, regulations and compliance across the business.'),
('D11f',	'D11',	'D1',	'-'),
('D12a',	'D12',	'D1',	'Does not show the behavioural indicators required for Domain Knowledge.'),
('D12b',	'D12',	'D1',	'Spends time increasing their relevant technical or domain knowledge, but only when required.'),
('D12c',	'D12',	'D1',	'Consistently spends time researching their domain, to gather more information and improve their technical expertise.'),
('D12d',	'D12',	'D1',	'Demonstrates a high degree of technical knowledge, keeping themselves up-to- date with the latest advances in their field to drive positive outcomes for Indorama and its customers.'),
('D12e',	'D12',	'D1',	'Introduces systems and processes that enable others to improve their domain knowledge, using this information to help drive positive outcomes for Indorama and its customers.'),
('D12f',	'D12',	'D1',	'-'),
('D13a',	'D13',	'D1',	'Does not show the behavioural indicators required for Domain Knowledge.'),
('D13b',	'D13',	'D1',	'Applies their technical understanding and knowledge to daily tasks and activities but does so on an inconsistent basis.'),
('D13c',	'D13',	'D1',	'Consistently applies their technical understanding and knowledge to daily tasks and activities.'),
('D13d',	'D13',	'D1',	'Proactively applies their technical understanding and knowledge to daily tasks and activities and encourages others to do the same.'),
('D13e',	'D13',	'D1',	'Creates opportunities for people to apply their technical knowledge to their role more effectively, with the aim of driving better business outcomes for Indorama.'),
('D13f',	'D13',	'D1',	'-'),
('D21a',	'D21',	'D2',	'Does not show the behavioural indicators required for Driving Innovation and Change.'),
('D21b',	'D21',	'D2',	'Is clear on the benefit of innovation and technological advances, but draws upon the ideas of others, rather than developing their own.'),
('D21c',	'D21',	'D2',	'Consistently forms creative ideas, options or solutions, that relate to the specific task or issue being considered.'),
('D21d',	'D21',	'D2',	'Draws upon concepts outside of their immediate context to form new ideas which are applied beyond the task at hand to create innovative solutions for growth and sustainability.'),
('D21e',	'D21',	'D2',	'Constantly designs and implements innovative solutions that positively impact the future of the entire organisation and/or marketplace.'),
('D21f',	'D21',	'D2',	'-'),
('D22a',	'D22',	'D2',	'Does not show the behavioural indicators required for Driving Innovation and Change.'),
('D22b',	'D22',	'D2',	'May form new ideas to solve tasks and challenges, but these ideas may not always be realistic and actionable. May feel uncomfortable taking any sort of risk.'),
('D22c',	'D22',	'D2',	'Uses creativity to unblock issues and overcome challenges. Is comfortable taking calculated risks, where appropriate.'),
('D22d',	'D22',	'D2',	'Promotes the value of innovation and informed risk taking, encouraging others in their team and function to challenge themselves to think more creatively.'),
('D22e',	'D22',	'D2',	'Develops an organisational culture that encourages and supports others to create new ideas or to take calculated risks, with the aim of driving sustainable growth or positive business outcomes.'),
('D22f',	'D22',	'D2',	'-'),
('D23a',	'D23',	'D2',	'Does not show the behavioural indicators required for Driving Innovation and Change.'),
('D23b',	'D23',	'D2',	'The simple and clear communication of complex issues and ideas is not always achieved, which may leave others unsure of their key points or confused.'),
('D23c',	'D23',	'D2',	'Communication is clear, simple and well structured with good eye contact and minimal distractions. Complex issues and ideas are simplified and clearly understood by all.'),
('D23d',	'D23',	'D2',	'Communication is truly inspirational, engaging their audience by using compelling content and stories to help explain complex issues and ideas in simple terms.'),
('D23e',	'D23',	'D2',	'Responsible for the introduction of initiatives which help others to improve their communication and in particular how they engage others by explaining complex ideas in simple terms.'),
('D23f',	'D23',	'D2',	'-'),
('D31a',	'D31',	'D3',	'Does not show the behavioural indicators required for Continuous Improvement.'),
('D31b',	'D31',	'D3',	'Defines and sets standards for success but may only do so in specific situations or for certain tasks.'),
('D31c',	'D31',	'D3',	'Consistently defines and sets standards for success within their role and Indorama, using key metrics to track against these.'),
('D31d',	'D31',	'D3',	'Enhances the collective success of Indorama by introducing higher standards of success for their team / division and using key metrics to track performance – encouraging others to do the same.'),
('D31e',	'D31',	'D3',	'Enables a culture that empowers others to set high standards of performance across the organisation and continuously track performance against them.'),
('D31f',	'D31',	'D3',	'-'),
('D32a',	'D32',	'D3',	'Does not show the behavioural indicators required for Continuous Improvement.'),
('D32b',	'D32',	'D3',	'May not consistently use data to make decisions or track their progress.'),
('D32c',	'D32',	'D3',	'Key decisions are made using data and consistently tracked.'),
('D32d',	'D32',	'D3',	'Consistently uses data to make informed decisions, changing their approach where appropriate based on new information and encouraging others to do the same.'),
('D32e',	'D32',	'D3',	'Puts in place systems and processes that enable individuals to use data and relevant information when making decisions, and to support recommended changes in the business’s operations.'),
('D32f',	'D32',	'D3',	'-'),
('D33a',	'D33',	'D3',	'Does not show the behavioural indicators required for Continuous Improvement.'),
('D33b',	'D33',	'D3',	'Challenges the way things are done but may need prompting to do this at times.'),
('D33c',	'D33',	'D3',	'Challenges the way things are done at Indorama to determine where the company can improve and what needs to change to achieve this.'),
('D33d',	'D33',	'D3',	'Enables colleagues in their team / function to challenge ways of working and takes clear action towards realising these changes.'),
('D33e',	'D33',	'D3',	'Builds a culture of continuous improvement, enabling others to challenge the way things are done and successfully implement changes to optimise performance.'),
('D33f',	'D33',	'D3',	'-');

DROP TABLE IF EXISTS `password_resets`;
CREATE TABLE `password_resets` (
  `email` varchar(255) COLLATE utf8mb4_unicode_ci NOT NULL,
  `token` varchar(255) COLLATE utf8mb4_unicode_ci NOT NULL,
  `created_at` timestamp NULL DEFAULT NULL,
  PRIMARY KEY (`email`)
) ENGINE=InnoDB DEFAULT CHARSET=utf8mb4 COLLATE=utf8mb4_unicode_ci;


DROP TABLE IF EXISTS `peran`;
CREATE TABLE `peran` (
  `id_peran` varchar(15) NOT NULL,
  `nm_peran` varchar(50) NOT NULL,
  PRIMARY KEY (`id_peran`)
) ENGINE=InnoDB DEFAULT CHARSET=utf8mb4 COLLATE=utf8mb4_0900_ai_ci;

INSERT INTO `peran` (`id_peran`, `nm_peran`) VALUES
('1',	'Multifungsional'),
('2',	'Manufaktur'),
('3',	'Pemasaran'),
('4',	'Komersial/Rantai Pasok'),
('5',	'SDM'),
('6',	'Layanan'),
('7',	'Non Manajemen');

DROP TABLE IF EXISTS `peran_en`;
CREATE TABLE `peran_en` (
  `id_peran` varchar(15) NOT NULL,
  `nm_peran` varchar(50) NOT NULL,
  PRIMARY KEY (`id_peran`)
) ENGINE=InnoDB DEFAULT CHARSET=utf8mb4 COLLATE=utf8mb4_0900_ai_ci;

INSERT INTO `peran_en` (`id_peran`, `nm_peran`) VALUES
('1',	'Multifunctional'),
('2',	'Manufacturing'),
('3',	'Marketing'),
('4',	'Commercial/Supply Chain'),
('5',	'HR'),
('6',	'Services'),
('7',	'Non-Management');

DROP TABLE IF EXISTS `peringkat`;
CREATE TABLE `peringkat` (
  `id_peringkat` int NOT NULL AUTO_INCREMENT,
  `id_peran` varchar(15) CHARACTER SET utf8mb4 COLLATE utf8mb4_0900_ai_ci NOT NULL,
  `id_level` int NOT NULL,
  `id_kompetensi` varchar(15) CHARACTER SET utf8mb4 COLLATE utf8mb4_0900_ai_ci DEFAULT NULL,
  `score` varchar(15) COLLATE utf8mb4_general_ci DEFAULT NULL,
  PRIMARY KEY (`id_peringkat`),
  KEY `id_peran` (`id_peran`),
  KEY `id_level` (`id_level`),
  KEY `id_kompetensi` (`id_kompetensi`),
  CONSTRAINT `peringkat_ibfk_1` FOREIGN KEY (`id_peran`) REFERENCES `peran` (`id_peran`),
  CONSTRAINT `peringkat_ibfk_2` FOREIGN KEY (`id_level`) REFERENCES `level` (`id_level`),
  CONSTRAINT `peringkat_ibfk_3` FOREIGN KEY (`id_kompetensi`) REFERENCES `kompetensi` (`id_kompetensi`)
) ENGINE=InnoDB DEFAULT CHARSET=utf8mb4 COLLATE=utf8mb4_general_ci;

INSERT INTO `peringkat` (`id_peringkat`, `id_peran`, `id_level`, `id_kompetensi`, `score`) VALUES
(1,	'1',	1,	'A1',	'5'),
(2,	'1',	1,	'A2',	'4'),
(3,	'1',	1,	'A3',	'4'),
(4,	'1',	1,	'B1',	'4'),
(5,	'1',	1,	'B2',	'3'),
(6,	'1',	1,	'B3',	'4'),
(7,	'1',	1,	'C1',	'4'),
(8,	'1',	1,	'C2',	'4'),
(9,	'1',	1,	'C3',	'4'),
(10,	'1',	1,	'D1',	'3'),
(11,	'1',	1,	'D2',	'4'),
(12,	'1',	1,	'D3',	'3'),
(13,	'1',	2,	'A1',	'4'),
(14,	'1',	2,	'A2',	'3'),
(15,	'1',	2,	'A3',	'4'),
(16,	'1',	2,	'B1',	'4'),
(17,	'1',	2,	'B2',	'3'),
(18,	'1',	2,	'B3',	'3'),
(19,	'1',	2,	'C1',	'3'),
(20,	'1',	2,	'C2',	'3'),
(21,	'1',	2,	'C3',	'3'),
(22,	'1',	2,	'D1',	'3'),
(23,	'1',	2,	'D2',	'3'),
(24,	'1',	2,	'D3',	'3'),
(25,	'2',	1,	'A1',	'5'),
(26,	'2',	1,	'A2',	'4'),
(27,	'2',	1,	'A3',	'4'),
(28,	'2',	1,	'B1',	'4'),
(29,	'2',	1,	'B2',	'3'),
(30,	'2',	1,	'B3',	'4'),
(31,	'2',	1,	'C1',	'4'),
(32,	'2',	1,	'C2',	'3'),
(33,	'2',	1,	'C3',	'3'),
(34,	'2',	1,	'D1',	'4'),
(35,	'2',	1,	'D2',	'4'),
(36,	'2',	1,	'D3',	'4'),
(37,	'2',	2,	'A1',	'4'),
(38,	'2',	2,	'A2',	'3'),
(39,	'2',	2,	'A3',	'3'),
(40,	'2',	2,	'B1',	'4'),
(41,	'2',	2,	'B2',	'3'),
(42,	'2',	2,	'B3',	'3'),
(43,	'2',	2,	'C1',	'3'),
(44,	'2',	2,	'C2',	'3'),
(45,	'2',	2,	'C3',	'3'),
(46,	'2',	2,	'D1',	'3'),
(47,	'2',	2,	'D2',	'3'),
(48,	'2',	2,	'D3',	'4'),
(49,	'2',	3,	'A1',	'3'),
(50,	'2',	3,	'A2',	'-'),
(51,	'2',	3,	'A3',	'-'),
(52,	'2',	3,	'B1',	'3'),
(53,	'2',	3,	'B2',	'3'),
(54,	'2',	3,	'B3',	'3'),
(55,	'2',	3,	'C1',	'3'),
(56,	'2',	3,	'C2',	'3'),
(57,	'2',	3,	'C3',	'-'),
(58,	'2',	3,	'D1',	'3'),
(59,	'2',	3,	'D2',	'-'),
(60,	'2',	3,	'D3',	'3'),
(61,	'3',	1,	'A1',	'4'),
(62,	'3',	1,	'A2',	'4'),
(63,	'3',	1,	'A3',	'4'),
(64,	'3',	1,	'B1',	'4'),
(65,	'3',	1,	'B2',	'3'),
(66,	'3',	1,	'B3',	'4'),
(67,	'3',	1,	'C1',	'4'),
(68,	'3',	1,	'C2',	'5'),
(69,	'3',	1,	'C3',	'3'),
(70,	'3',	1,	'D1',	'4'),
(71,	'3',	1,	'D2',	'4'),
(72,	'3',	1,	'D3',	'3'),
(73,	'3',	2,	'A1',	'3'),
(74,	'3',	2,	'A2',	'3'),
(75,	'3',	2,	'A3',	'3'),
(76,	'3',	2,	'B1',	'4'),
(77,	'3',	2,	'B2',	'3'),
(78,	'3',	2,	'B3',	'4'),
(79,	'3',	2,	'C1',	'3'),
(80,	'3',	2,	'C2',	'4'),
(81,	'3',	2,	'C3',	'3'),
(82,	'3',	2,	'D1',	'3'),
(83,	'3',	2,	'D2',	'33'),
(84,	'3',	2,	'D3',	'3'),
(85,	'3',	3,	'A1',	'3'),
(86,	'3',	3,	'A2',	'-'),
(87,	'3',	3,	'A3',	'-'),
(88,	'3',	3,	'B1',	'3'),
(89,	'3',	3,	'B2',	'3'),
(90,	'3',	3,	'B3',	'3'),
(91,	'3',	3,	'C1',	'3'),
(92,	'3',	3,	'C2',	'3'),
(93,	'3',	3,	'C3',	'-'),
(94,	'3',	3,	'D1',	'3'),
(95,	'3',	3,	'D2',	'-'),
(96,	'3',	3,	'D3',	'3'),
(97,	'4',	1,	'A1',	'5'),
(98,	'4',	1,	'A2',	'4'),
(99,	'4',	1,	'A3',	'4'),
(100,	'4',	1,	'B1',	'4'),
(101,	'4',	1,	'B2',	'3'),
(102,	'4',	1,	'B3',	'4'),
(103,	'4',	1,	'C1',	'3'),
(104,	'4',	1,	'C2',	'4'),
(105,	'4',	1,	'C3',	'3'),
(106,	'4',	1,	'D1',	'4'),
(107,	'4',	1,	'D2',	'4'),
(108,	'4',	1,	'D3',	'4'),
(109,	'4',	2,	'A1',	'4'),
(110,	'4',	2,	'A2',	'3'),
(111,	'4',	2,	'A3',	'4'),
(112,	'4',	2,	'B1',	'4'),
(113,	'4',	2,	'B2',	'3'),
(114,	'4',	2,	'B3',	'3'),
(115,	'4',	2,	'C1',	'3'),
(116,	'4',	2,	'C2',	'3'),
(117,	'4',	2,	'C3',	'3'),
(118,	'4',	2,	'D1',	'3'),
(119,	'4',	2,	'D2',	'3'),
(120,	'4',	2,	'D3',	'3'),
(121,	'4',	3,	'A1',	'3'),
(122,	'4',	3,	'A2',	'-'),
(123,	'4',	3,	'A3',	'-'),
(124,	'4',	3,	'B1',	'3'),
(125,	'4',	3,	'B2',	'3'),
(126,	'4',	3,	'B3',	'3'),
(127,	'4',	3,	'C1',	'3'),
(128,	'4',	3,	'C2',	'3'),
(129,	'4',	3,	'C3',	'-'),
(130,	'4',	3,	'D1',	'3'),
(131,	'4',	3,	'D2',	'-'),
(132,	'4',	3,	'D3',	'3'),
(133,	'5',	1,	'A1',	'4'),
(134,	'5',	1,	'A2',	'4'),
(135,	'5',	1,	'A3',	'4'),
(136,	'5',	1,	'B1',	'3'),
(137,	'5',	1,	'B2',	'4'),
(138,	'5',	1,	'B3',	'3'),
(139,	'5',	1,	'C1',	'4'),
(140,	'5',	1,	'C2',	'5'),
(141,	'5',	1,	'C3',	'4'),
(142,	'5',	1,	'D1',	'4'),
(143,	'5',	1,	'D2',	'4'),
(144,	'5',	1,	'D3',	'3'),
(145,	'5',	2,	'A1',	'4'),
(146,	'5',	2,	'A2',	'3'),
(147,	'5',	2,	'A3',	'3'),
(148,	'5',	2,	'B1',	'3'),
(149,	'5',	2,	'B2',	'3'),
(150,	'5',	2,	'B3',	'3'),
(151,	'5',	2,	'C1',	'4'),
(152,	'5',	2,	'C2',	'4'),
(153,	'5',	2,	'C3',	'3'),
(154,	'5',	2,	'D1',	'3'),
(155,	'5',	2,	'D2',	'3'),
(156,	'5',	2,	'D3',	'3'),
(157,	'5',	3,	'A1',	'3'),
(158,	'5',	3,	'A2',	'-'),
(159,	'5',	3,	'A3',	'-'),
(160,	'5',	3,	'B1',	'3'),
(161,	'5',	3,	'B2',	'3'),
(162,	'5',	3,	'B3',	'3'),
(163,	'5',	3,	'C1',	'3'),
(164,	'5',	3,	'C2',	'3'),
(165,	'5',	3,	'C3',	'-'),
(166,	'5',	3,	'D1',	'3'),
(167,	'5',	3,	'D2',	'-'),
(168,	'5',	3,	'D3',	'3'),
(169,	'6',	1,	'A1',	'4'),
(170,	'6',	1,	'A2',	'3'),
(171,	'6',	1,	'A3',	'4'),
(172,	'6',	1,	'B1',	'4'),
(173,	'6',	1,	'B2',	'3'),
(174,	'6',	1,	'B3',	'4'),
(175,	'6',	1,	'C1',	'4'),
(176,	'6',	1,	'C2',	'4'),
(177,	'6',	1,	'C3',	'3'),
(178,	'6',	1,	'D1',	'4'),
(179,	'6',	1,	'D2',	'5'),
(180,	'6',	1,	'D3',	'4'),
(181,	'6',	2,	'A1',	'3'),
(182,	'6',	2,	'A2',	'3'),
(183,	'6',	2,	'A3',	'3'),
(184,	'6',	2,	'B1',	'4'),
(185,	'6',	2,	'B2',	'3'),
(186,	'6',	2,	'B3',	'3'),
(187,	'6',	2,	'C1',	'3'),
(188,	'6',	2,	'C2',	'3'),
(189,	'6',	2,	'C3',	'3'),
(190,	'6',	2,	'D1',	'4'),
(191,	'6',	2,	'D2',	'3'),
(192,	'6',	2,	'D3',	'4'),
(193,	'6',	3,	'A1',	'3'),
(194,	'6',	3,	'A2',	'-'),
(195,	'6',	3,	'A3',	'-'),
(196,	'6',	3,	'B1',	'3'),
(197,	'6',	3,	'B2',	'3'),
(198,	'6',	3,	'B3',	'3'),
(199,	'6',	3,	'C1',	'3'),
(200,	'6',	3,	'C2',	'3'),
(201,	'6',	3,	'C3',	'-'),
(202,	'6',	3,	'D1',	'3'),
(203,	'6',	3,	'D2',	'-'),
(204,	'6',	3,	'D3',	'3'),
(205,	'7',	4,	'A1',	'3'),
(206,	'7',	4,	'A2',	'-'),
(207,	'7',	4,	'A3',	'-'),
(208,	'7',	4,	'B1',	'-'),
(209,	'7',	4,	'B2',	'3'),
(210,	'7',	4,	'B3',	'-'),
(211,	'7',	4,	'C1',	'3'),
(212,	'7',	4,	'C2',	'-'),
(213,	'7',	4,	'C3',	'-'),
(214,	'7',	4,	'D1',	'3'),
(215,	'7',	4,	'D2',	'-'),
(216,	'7',	4,	'D3',	'3');

DROP TABLE IF EXISTS `personal_access_tokens`;
CREATE TABLE `personal_access_tokens` (
  `id` bigint unsigned NOT NULL AUTO_INCREMENT,
  `tokenable_type` varchar(255) COLLATE utf8mb4_unicode_ci NOT NULL,
  `tokenable_id` bigint unsigned NOT NULL,
  `name` varchar(255) COLLATE utf8mb4_unicode_ci NOT NULL,
  `token` varchar(64) COLLATE utf8mb4_unicode_ci NOT NULL,
  `abilities` text COLLATE utf8mb4_unicode_ci,
  `last_used_at` timestamp NULL DEFAULT NULL,
  `expires_at` timestamp NULL DEFAULT NULL,
  `created_at` timestamp NULL DEFAULT NULL,
  `updated_at` timestamp NULL DEFAULT NULL,
  PRIMARY KEY (`id`),
  UNIQUE KEY `personal_access_tokens_token_unique` (`token`),
  KEY `personal_access_tokens_tokenable_type_tokenable_id_index` (`tokenable_type`,`tokenable_id`)
) ENGINE=InnoDB DEFAULT CHARSET=utf8mb4 COLLATE=utf8mb4_unicode_ci;


DROP TABLE IF EXISTS `profile`;
CREATE TABLE `profile` (
  `id_profile` int NOT NULL AUTO_INCREMENT,
  `peran` varchar(15) CHARACTER SET utf8mb4 COLLATE utf8mb4_0900_ai_ci NOT NULL,
  `level` int NOT NULL,
  `nilai` varchar(15) CHARACTER SET utf8mb4 COLLATE utf8mb4_0900_ai_ci DEFAULT NULL,
  PRIMARY KEY (`id_profile`),
  KEY `peran` (`peran`),
  KEY `level` (`level`),
  KEY `nilai` (`nilai`),
  CONSTRAINT `profile_ibfk_1` FOREIGN KEY (`peran`) REFERENCES `peran` (`id_peran`),
  CONSTRAINT `profile_ibfk_2` FOREIGN KEY (`level`) REFERENCES `level` (`id_level`),
  CONSTRAINT `profile_ibfk_3` FOREIGN KEY (`nilai`) REFERENCES `nilai` (`id_nilai`)
) ENGINE=InnoDB DEFAULT CHARSET=utf8mb4 COLLATE=utf8mb4_0900_ai_ci;

INSERT INTO `profile` (`id_profile`, `peran`, `level`, `nilai`) VALUES
(10,	'2',	1,	'A11e'),
(11,	'2',	1,	'A21d'),
(12,	'2',	1,	'A31d'),
(13,	'2',	1,	'B11d'),
(14,	'2',	1,	'B21c'),
(15,	'2',	1,	'B31d'),
(16,	'2',	1,	'C11d'),
(17,	'2',	1,	'C21c'),
(18,	'2',	1,	'C31c'),
(19,	'2',	1,	'D11d'),
(20,	'2',	1,	'D21d'),
(21,	'2',	1,	'D31d'),
(22,	'2',	1,	'A12e'),
(23,	'2',	1,	'A13e'),
(24,	'2',	1,	'A22d'),
(25,	'2',	1,	'A23d'),
(26,	'2',	1,	'A32d'),
(27,	'2',	1,	'A33d'),
(28,	'2',	1,	'B12d'),
(29,	'2',	1,	'B13d'),
(30,	'2',	1,	'B22c'),
(31,	'2',	1,	'B23c'),
(32,	'2',	1,	'B32d'),
(33,	'2',	1,	'B33d'),
(34,	'2',	1,	'C12d'),
(35,	'2',	1,	'C13d'),
(36,	'2',	1,	'C22c'),
(37,	'2',	1,	'C23c'),
(38,	'2',	1,	'C32c'),
(39,	'2',	1,	'C33c'),
(40,	'2',	1,	'D12d'),
(41,	'2',	1,	'D13d'),
(42,	'2',	1,	'D22d'),
(43,	'2',	1,	'D23d'),
(44,	'2',	1,	'D32d'),
(45,	'2',	1,	'D33d'),
(46,	'2',	2,	'A11d'),
(47,	'2',	2,	'A12d'),
(48,	'2',	2,	'A13d'),
(49,	'2',	2,	'A21c'),
(50,	'2',	2,	'A22c'),
(51,	'2',	2,	'A23c'),
(52,	'2',	2,	'A31c'),
(53,	'2',	2,	'A32c'),
(54,	'2',	2,	'A33c'),
(55,	'2',	2,	'B11d'),
(56,	'2',	2,	'B12d'),
(57,	'2',	2,	'B13d'),
(58,	'2',	2,	'B21c'),
(59,	'2',	2,	'B22c'),
(60,	'2',	2,	'B23c'),
(61,	'2',	2,	'B31c'),
(62,	'2',	2,	'B32c'),
(63,	'2',	2,	'B33c'),
(64,	'2',	2,	'C11c'),
(65,	'2',	2,	'C12c'),
(66,	'2',	2,	'C13c'),
(67,	'2',	2,	'C21c'),
(68,	'2',	2,	'C22c'),
(69,	'2',	2,	'C23c'),
(70,	'2',	2,	'C31c'),
(71,	'2',	2,	'C32c'),
(72,	'2',	2,	'C33c'),
(73,	'2',	2,	'D11c'),
(74,	'2',	2,	'D12c'),
(75,	'2',	2,	'D13c'),
(76,	'2',	2,	'D21c'),
(77,	'2',	2,	'D22c'),
(78,	'2',	2,	'D23c'),
(79,	'2',	2,	'D31d'),
(80,	'2',	2,	'D32d'),
(81,	'2',	2,	'D33d'),
(82,	'2',	3,	'A11c'),
(83,	'2',	3,	'A12c'),
(84,	'2',	3,	'A13c'),
(85,	'2',	3,	'B11c'),
(86,	'2',	3,	'B12c'),
(87,	'2',	3,	'B13c'),
(88,	'2',	3,	'B21c'),
(89,	'2',	3,	'B22c'),
(90,	'2',	3,	'B23c'),
(91,	'2',	3,	'B31c'),
(92,	'2',	3,	'B32c'),
(93,	'2',	3,	'B33c'),
(94,	'2',	3,	'C11c'),
(95,	'2',	3,	'C12c'),
(96,	'2',	3,	'C13c'),
(97,	'2',	3,	'C21c'),
(98,	'2',	3,	'C22c'),
(99,	'2',	3,	'C23c'),
(100,	'2',	3,	'D11c'),
(101,	'2',	3,	'D12c'),
(102,	'2',	3,	'D13c'),
(103,	'2',	3,	'D31d'),
(104,	'2',	3,	'D32d'),
(105,	'2',	3,	'D33d'),
(106,	'3',	1,	'A11d'),
(107,	'3',	1,	'A12d'),
(108,	'3',	1,	'A13d'),
(109,	'3',	1,	'A21d'),
(110,	'3',	1,	'A22d'),
(111,	'3',	1,	'A23d'),
(112,	'3',	1,	'A31d'),
(113,	'3',	1,	'A32d'),
(114,	'3',	1,	'A33d'),
(115,	'3',	1,	'B11d'),
(116,	'3',	1,	'B12d'),
(117,	'3',	1,	'B13d'),
(118,	'3',	1,	'B21c'),
(119,	'3',	1,	'B22c'),
(120,	'3',	1,	'B23c'),
(121,	'3',	1,	'B31d'),
(122,	'3',	1,	'B32d'),
(123,	'3',	1,	'B33d'),
(124,	'3',	1,	'C11d'),
(125,	'3',	1,	'C12d'),
(126,	'3',	1,	'C13d'),
(127,	'3',	1,	'C21e'),
(128,	'3',	1,	'C22e'),
(129,	'3',	1,	'C23e'),
(130,	'3',	1,	'C31c'),
(131,	'3',	1,	'C32c'),
(132,	'3',	1,	'C33c'),
(133,	'3',	1,	'D11d'),
(134,	'3',	1,	'D12d'),
(135,	'3',	1,	'D13d'),
(136,	'3',	1,	'D21d'),
(137,	'3',	1,	'D22d'),
(138,	'3',	1,	'D23d'),
(139,	'3',	1,	'D31c'),
(140,	'3',	1,	'D32c'),
(141,	'3',	1,	'D33c'),
(142,	'3',	2,	'A11c'),
(143,	'3',	2,	'A12c'),
(144,	'3',	2,	'A13c'),
(145,	'3',	2,	'A21c'),
(146,	'3',	2,	'A22c'),
(147,	'3',	2,	'A23c'),
(148,	'3',	2,	'A31c'),
(149,	'3',	2,	'A32c'),
(150,	'3',	2,	'A33c'),
(151,	'3',	2,	'B11d'),
(152,	'3',	2,	'B12d'),
(153,	'3',	2,	'B13d'),
(154,	'3',	2,	'B21c'),
(155,	'3',	2,	'B22c'),
(156,	'3',	2,	'B23c'),
(157,	'3',	2,	'B31d'),
(158,	'3',	2,	'B32d'),
(159,	'3',	2,	'B33d'),
(160,	'3',	2,	'C11c'),
(161,	'3',	2,	'C12c'),
(162,	'3',	2,	'C13c'),
(163,	'3',	2,	'C21d'),
(164,	'3',	2,	'C22d'),
(165,	'3',	2,	'C23d'),
(166,	'3',	2,	'C31c'),
(167,	'3',	2,	'C32c'),
(168,	'3',	2,	'C33c'),
(169,	'3',	2,	'D11c'),
(170,	'3',	2,	'D12c'),
(171,	'3',	2,	'D13c'),
(172,	'3',	2,	'D21c'),
(173,	'3',	2,	'D22c'),
(174,	'3',	2,	'D23c'),
(175,	'3',	2,	'D31c'),
(176,	'3',	2,	'D32c'),
(177,	'3',	2,	'D33c'),
(178,	'3',	3,	'A11c'),
(179,	'3',	3,	'A12c'),
(180,	'3',	3,	'A13c'),
(181,	'3',	3,	'B11c'),
(182,	'3',	3,	'B12c'),
(183,	'3',	3,	'B13c'),
(184,	'3',	3,	'B21c'),
(185,	'3',	3,	'B22c'),
(186,	'3',	3,	'B23c'),
(187,	'3',	3,	'B31c'),
(188,	'3',	3,	'B32c'),
(189,	'3',	3,	'B33c'),
(190,	'3',	3,	'C11c'),
(191,	'3',	3,	'C12c'),
(192,	'3',	3,	'C13c'),
(193,	'3',	3,	'C21c'),
(194,	'3',	3,	'C22c'),
(195,	'3',	3,	'C23c'),
(196,	'3',	3,	'D11c'),
(197,	'3',	3,	'D12c'),
(198,	'3',	3,	'D13c'),
(199,	'3',	3,	'D31c'),
(200,	'3',	3,	'D32c'),
(201,	'3',	3,	'D33c'),
(202,	'4',	1,	'A11e'),
(203,	'4',	1,	'A12e'),
(204,	'4',	1,	'A13e'),
(205,	'4',	1,	'A21d'),
(206,	'4',	1,	'A22d'),
(207,	'4',	1,	'A23d'),
(208,	'4',	1,	'A31d'),
(209,	'4',	1,	'A32d'),
(210,	'4',	1,	'A33d'),
(211,	'4',	1,	'B11d'),
(212,	'4',	1,	'B12d'),
(213,	'4',	1,	'B13d'),
(214,	'4',	1,	'B21c'),
(215,	'4',	1,	'B22c'),
(216,	'4',	1,	'B23c'),
(217,	'4',	1,	'B31d'),
(218,	'4',	1,	'B32d'),
(219,	'4',	1,	'B33d'),
(220,	'4',	1,	'C11c'),
(221,	'4',	1,	'C12c'),
(222,	'4',	1,	'C13c'),
(223,	'4',	1,	'C21d'),
(224,	'4',	1,	'C22d'),
(225,	'4',	1,	'C23d'),
(226,	'4',	1,	'C31c'),
(227,	'4',	1,	'C32c'),
(228,	'4',	1,	'C33c'),
(229,	'4',	1,	'D11d'),
(230,	'4',	1,	'D12d'),
(231,	'4',	1,	'D13d'),
(232,	'4',	1,	'D21d'),
(233,	'4',	1,	'D22d'),
(234,	'4',	1,	'D23d'),
(235,	'4',	1,	'D31d'),
(236,	'4',	1,	'D32d'),
(237,	'4',	1,	'D33d'),
(238,	'4',	2,	'A11d'),
(239,	'4',	2,	'A12d'),
(240,	'4',	2,	'A13d'),
(241,	'4',	2,	'A21c'),
(242,	'4',	2,	'A22c'),
(243,	'4',	2,	'A23c'),
(244,	'4',	2,	'A31d'),
(245,	'4',	2,	'A32d'),
(246,	'4',	2,	'A33d'),
(247,	'4',	2,	'B11d'),
(248,	'4',	2,	'B12d'),
(249,	'4',	2,	'B13d'),
(250,	'4',	2,	'B21c'),
(251,	'4',	2,	'B22c'),
(252,	'4',	2,	'B23c'),
(253,	'4',	2,	'B31c'),
(254,	'4',	2,	'B32c'),
(255,	'4',	2,	'B33c'),
(256,	'4',	2,	'C11c'),
(257,	'4',	2,	'C12c'),
(258,	'4',	2,	'C13c'),
(259,	'4',	2,	'C21c'),
(260,	'4',	2,	'C22c'),
(261,	'4',	2,	'C23c'),
(262,	'4',	2,	'C31c'),
(263,	'4',	2,	'C32c'),
(264,	'4',	2,	'C33c'),
(265,	'4',	2,	'D11c'),
(266,	'4',	2,	'D12c'),
(267,	'4',	2,	'D13c'),
(268,	'4',	2,	'D21c'),
(269,	'4',	2,	'D22c'),
(270,	'4',	2,	'D23c'),
(271,	'4',	2,	'D31c'),
(272,	'4',	2,	'D32c'),
(273,	'4',	2,	'D33c'),
(274,	'4',	3,	'A11c'),
(275,	'4',	3,	'A12c'),
(276,	'4',	3,	'A13c'),
(277,	'4',	3,	'B11c'),
(278,	'4',	3,	'B12c'),
(279,	'4',	3,	'B13c'),
(280,	'4',	3,	'B21c'),
(281,	'4',	3,	'B22c'),
(282,	'4',	3,	'B23c'),
(283,	'4',	3,	'B31c'),
(284,	'4',	3,	'B32c'),
(285,	'4',	3,	'B33c'),
(286,	'4',	3,	'C11c'),
(287,	'4',	3,	'C12c'),
(288,	'4',	3,	'C13c'),
(289,	'4',	3,	'C21c'),
(290,	'4',	3,	'C22c'),
(291,	'4',	3,	'C23c'),
(292,	'4',	3,	'D11c'),
(293,	'4',	3,	'D12c'),
(294,	'4',	3,	'D13c'),
(295,	'4',	3,	'D31c'),
(296,	'4',	3,	'D32c'),
(297,	'4',	3,	'D33c'),
(298,	'5',	1,	'A11d'),
(299,	'5',	1,	'A12d'),
(300,	'5',	1,	'A13d'),
(301,	'5',	1,	'A21d'),
(302,	'5',	1,	'A22d'),
(303,	'5',	1,	'A23d'),
(304,	'5',	1,	'A31d'),
(305,	'5',	1,	'A32d'),
(306,	'5',	1,	'A33d'),
(307,	'5',	1,	'B11c'),
(308,	'5',	1,	'B12c'),
(309,	'5',	1,	'B13c'),
(310,	'5',	1,	'B21d'),
(311,	'5',	1,	'B22d'),
(312,	'5',	1,	'B23d'),
(313,	'5',	1,	'B31c'),
(314,	'5',	1,	'B32c'),
(315,	'5',	1,	'B33c'),
(316,	'5',	1,	'C11d'),
(317,	'5',	1,	'C12d'),
(318,	'5',	1,	'C13d'),
(319,	'5',	1,	'C21e'),
(320,	'5',	1,	'C22e'),
(321,	'5',	1,	'C23e'),
(322,	'5',	1,	'C31d'),
(323,	'5',	1,	'C32d'),
(324,	'5',	1,	'C33d'),
(325,	'5',	1,	'D11d'),
(326,	'5',	1,	'D12d'),
(327,	'5',	1,	'D13d'),
(328,	'5',	1,	'D21d'),
(329,	'5',	1,	'D22d'),
(330,	'5',	1,	'D23d'),
(331,	'5',	1,	'D31c'),
(332,	'5',	1,	'D32c'),
(333,	'5',	1,	'D33c'),
(334,	'5',	2,	'A11d'),
(335,	'5',	2,	'A12d'),
(336,	'5',	2,	'A13d'),
(337,	'5',	2,	'A21c'),
(338,	'5',	2,	'A22c'),
(339,	'5',	2,	'A23c'),
(340,	'5',	2,	'A31c'),
(341,	'5',	2,	'A32c'),
(342,	'5',	2,	'A33c'),
(343,	'5',	2,	'B11c'),
(344,	'5',	2,	'B12c'),
(345,	'5',	2,	'B13c'),
(346,	'5',	2,	'B21c'),
(347,	'5',	2,	'B22c'),
(348,	'5',	2,	'B23c'),
(349,	'5',	2,	'B31c'),
(350,	'5',	2,	'B32c'),
(351,	'5',	2,	'B33c'),
(352,	'5',	2,	'C11d'),
(353,	'5',	2,	'C12d'),
(354,	'5',	2,	'C13d'),
(355,	'5',	2,	'C21d'),
(356,	'5',	2,	'C22d'),
(357,	'5',	2,	'C23d'),
(358,	'5',	2,	'C31c'),
(359,	'5',	2,	'C32c'),
(360,	'5',	2,	'C33c'),
(361,	'5',	2,	'D11c'),
(362,	'5',	2,	'D12c'),
(363,	'5',	2,	'D13c'),
(364,	'5',	2,	'D21c'),
(365,	'5',	2,	'D22c'),
(366,	'5',	2,	'D23c'),
(367,	'5',	2,	'D31c'),
(368,	'5',	2,	'D32c'),
(369,	'5',	2,	'D33c'),
(370,	'5',	3,	'A11c'),
(371,	'5',	3,	'A12c'),
(372,	'5',	3,	'A13c'),
(373,	'5',	3,	'B11c'),
(374,	'5',	3,	'B12c'),
(375,	'5',	3,	'B13c'),
(376,	'5',	3,	'B21c'),
(377,	'5',	3,	'B22c'),
(378,	'5',	3,	'B23c'),
(379,	'5',	3,	'B31c'),
(380,	'5',	3,	'B32c'),
(381,	'5',	3,	'B33c'),
(382,	'5',	3,	'C11c'),
(383,	'5',	3,	'C12c'),
(384,	'5',	3,	'C13c'),
(385,	'5',	3,	'C21c'),
(386,	'5',	3,	'C22c'),
(387,	'5',	3,	'C23c'),
(388,	'5',	3,	'D11c'),
(389,	'5',	3,	'D12c'),
(390,	'5',	3,	'D13c'),
(391,	'5',	3,	'D31c'),
(392,	'5',	3,	'D32c'),
(393,	'5',	3,	'D33c'),
(394,	'6',	1,	'A11d'),
(395,	'6',	1,	'A12d'),
(396,	'6',	1,	'A13d'),
(397,	'6',	1,	'A21c'),
(398,	'6',	1,	'A22c'),
(399,	'6',	1,	'A23c'),
(400,	'6',	1,	'A31d'),
(401,	'6',	1,	'A32d'),
(402,	'6',	1,	'A33d'),
(403,	'6',	1,	'B11d'),
(404,	'6',	1,	'B12d'),
(405,	'6',	1,	'B13d'),
(406,	'6',	1,	'B21c'),
(407,	'6',	1,	'B22c'),
(408,	'6',	1,	'B23c'),
(409,	'6',	1,	'B31d'),
(410,	'6',	1,	'B32d'),
(411,	'6',	1,	'B33d'),
(412,	'6',	1,	'C11d'),
(413,	'6',	1,	'C12d'),
(414,	'6',	1,	'C13d'),
(415,	'6',	1,	'C21d'),
(416,	'6',	1,	'C22d'),
(417,	'6',	1,	'C23d'),
(418,	'6',	1,	'C31c'),
(419,	'6',	1,	'C32c'),
(420,	'6',	1,	'C33c'),
(421,	'6',	1,	'D11d'),
(422,	'6',	1,	'D12d'),
(423,	'6',	1,	'D13d'),
(424,	'6',	1,	'D21e'),
(425,	'6',	1,	'D22e'),
(426,	'6',	1,	'D23e'),
(427,	'6',	1,	'D31d'),
(428,	'6',	1,	'D32d'),
(429,	'6',	1,	'D33d'),
(430,	'6',	2,	'A11c'),
(431,	'6',	2,	'A12c'),
(432,	'6',	2,	'A13c'),
(433,	'6',	2,	'A21c'),
(434,	'6',	2,	'A22c'),
(435,	'6',	2,	'A23c'),
(436,	'6',	2,	'A31c'),
(437,	'6',	2,	'A32c'),
(438,	'6',	2,	'A33c'),
(439,	'6',	2,	'B11d'),
(440,	'6',	2,	'B12d'),
(441,	'6',	2,	'B13d'),
(442,	'6',	2,	'B21c'),
(443,	'6',	2,	'B22c'),
(444,	'6',	2,	'B23c'),
(445,	'6',	2,	'B31c'),
(446,	'6',	2,	'B32c'),
(447,	'6',	2,	'B33c'),
(448,	'6',	2,	'C11c'),
(449,	'6',	2,	'C12c'),
(450,	'6',	2,	'C13c'),
(451,	'6',	2,	'C21c'),
(452,	'6',	2,	'C22c'),
(453,	'6',	2,	'C23c'),
(454,	'6',	2,	'C31c'),
(455,	'6',	2,	'C32c'),
(456,	'6',	2,	'C33c'),
(457,	'6',	2,	'D11d'),
(458,	'6',	2,	'D12d'),
(459,	'6',	2,	'D13d'),
(460,	'6',	2,	'D21c'),
(461,	'6',	2,	'D22c'),
(462,	'6',	2,	'D23c'),
(463,	'6',	2,	'D31d'),
(464,	'6',	2,	'D32d'),
(465,	'6',	2,	'D33d'),
(466,	'6',	3,	'A11c'),
(467,	'6',	3,	'A12c'),
(468,	'6',	3,	'A13c'),
(469,	'6',	3,	'B11c'),
(470,	'6',	3,	'B12c'),
(471,	'6',	3,	'B13c'),
(472,	'6',	3,	'B21c'),
(473,	'6',	3,	'B22c'),
(474,	'6',	3,	'B23c'),
(475,	'6',	3,	'B31c'),
(476,	'6',	3,	'B32c'),
(477,	'6',	3,	'B33c'),
(478,	'6',	3,	'C11c'),
(479,	'6',	3,	'C12c'),
(480,	'6',	3,	'C13c'),
(481,	'6',	3,	'C21c'),
(482,	'6',	3,	'C22c'),
(483,	'6',	3,	'C23c'),
(484,	'6',	3,	'D11c'),
(485,	'6',	3,	'D12c'),
(486,	'6',	3,	'D13c'),
(487,	'6',	3,	'D31c'),
(488,	'6',	3,	'D32c'),
(489,	'6',	3,	'D33c'),
(490,	'1',	1,	'A11e'),
(491,	'1',	1,	'A12e'),
(492,	'1',	1,	'A13e'),
(493,	'1',	1,	'A21d'),
(494,	'1',	1,	'A22d'),
(495,	'1',	1,	'A23d'),
(496,	'1',	1,	'A31d'),
(497,	'1',	1,	'A32d'),
(498,	'1',	1,	'A33d'),
(499,	'1',	1,	'B11d'),
(500,	'1',	1,	'B12d'),
(501,	'1',	1,	'B13d'),
(502,	'1',	1,	'B21c'),
(503,	'1',	1,	'B22c'),
(504,	'1',	1,	'B23c'),
(505,	'1',	1,	'B31d'),
(506,	'1',	1,	'B32d'),
(507,	'1',	1,	'B33d'),
(508,	'1',	1,	'C11d'),
(509,	'1',	1,	'C12d'),
(510,	'1',	1,	'C13d'),
(511,	'1',	1,	'C21d'),
(512,	'1',	1,	'C22d'),
(513,	'1',	1,	'C23d'),
(514,	'1',	1,	'C31d'),
(515,	'1',	1,	'C32d'),
(516,	'1',	1,	'C33d'),
(517,	'1',	1,	'D11c'),
(518,	'1',	1,	'D12c'),
(519,	'1',	1,	'D13c'),
(520,	'1',	1,	'D21d'),
(521,	'1',	1,	'D22d'),
(522,	'1',	1,	'D23d'),
(523,	'1',	1,	'D31c'),
(524,	'1',	1,	'D32c'),
(525,	'1',	1,	'D33c'),
(526,	'1',	2,	'A11d'),
(527,	'1',	2,	'A12d'),
(528,	'1',	2,	'A13d'),
(529,	'1',	2,	'A21c'),
(530,	'1',	2,	'A22c'),
(531,	'1',	2,	'A23c'),
(532,	'1',	2,	'A31d'),
(533,	'1',	2,	'A32d'),
(534,	'1',	2,	'A33d'),
(535,	'1',	2,	'B11d'),
(536,	'1',	2,	'B12d'),
(537,	'1',	2,	'B13d'),
(538,	'1',	2,	'B21c'),
(539,	'1',	2,	'B22c'),
(540,	'1',	2,	'B23c'),
(541,	'1',	2,	'B31c'),
(542,	'1',	2,	'B32c'),
(543,	'1',	2,	'B33c'),
(544,	'1',	2,	'C11c'),
(545,	'1',	2,	'C12c'),
(546,	'1',	2,	'C13c'),
(547,	'1',	2,	'C21c'),
(548,	'1',	2,	'C22c'),
(549,	'1',	2,	'C23c'),
(550,	'1',	2,	'C31c'),
(551,	'1',	2,	'C32c'),
(552,	'1',	2,	'C33c'),
(553,	'1',	2,	'D11c'),
(554,	'1',	2,	'D12c'),
(555,	'1',	2,	'D13c'),
(556,	'1',	2,	'D21c'),
(557,	'1',	2,	'D22c'),
(558,	'1',	2,	'D23c'),
(559,	'1',	2,	'D31c'),
(560,	'1',	2,	'D32c'),
(561,	'1',	2,	'D33c'),
(562,	'7',	4,	'A11e'),
(563,	'7',	4,	'A12e'),
(564,	'7',	4,	'A13e'),
(565,	'7',	4,	'B21c'),
(566,	'7',	4,	'B22c'),
(567,	'7',	4,	'B23c'),
(568,	'7',	4,	'C11d'),
(569,	'7',	4,	'C12d'),
(570,	'7',	4,	'C13d'),
(571,	'7',	4,	'D11c'),
(572,	'7',	4,	'D12c'),
(573,	'7',	4,	'D13c'),
(574,	'7',	4,	'D31c'),
(575,	'7',	4,	'D32c'),
(576,	'7',	4,	'D33c'),
(577,	'2',	3,	'A21f'),
(578,	'2',	3,	'A22f'),
(579,	'2',	3,	'A23f'),
(580,	'2',	3,	'A31f'),
(581,	'2',	3,	'A32f'),
(582,	'2',	3,	'A33f'),
(583,	'2',	3,	'C31f'),
(584,	'2',	3,	'C32f'),
(585,	'2',	3,	'C33f'),
(586,	'2',	3,	'D21f'),
(587,	'2',	3,	'D22f'),
(588,	'2',	3,	'D23f'),
(589,	'3',	3,	'A21f'),
(590,	'3',	3,	'A22f'),
(591,	'3',	3,	'A23f'),
(592,	'3',	3,	'A31f'),
(593,	'3',	3,	'A32f'),
(594,	'3',	3,	'A33f'),
(595,	'3',	3,	'C31f'),
(596,	'3',	3,	'C32f'),
(597,	'3',	3,	'C33f'),
(598,	'3',	3,	'D21f'),
(599,	'3',	3,	'D22f'),
(600,	'3',	3,	'D23f'),
(601,	'4',	3,	'A21f'),
(602,	'4',	3,	'A22f'),
(603,	'4',	3,	'A23f'),
(604,	'4',	3,	'A31f'),
(605,	'4',	3,	'A32f'),
(606,	'4',	3,	'A33f'),
(607,	'4',	3,	'C31f'),
(608,	'4',	3,	'C32f'),
(609,	'4',	3,	'C33f'),
(610,	'4',	3,	'D21f'),
(611,	'4',	3,	'D22f'),
(612,	'4',	3,	'D23f'),
(613,	'5',	3,	'A21f'),
(614,	'5',	3,	'A22f'),
(615,	'5',	3,	'A23f'),
(616,	'5',	3,	'A31f'),
(617,	'5',	3,	'A32f'),
(618,	'5',	3,	'A33f'),
(619,	'5',	3,	'C31f'),
(620,	'5',	3,	'C32f'),
(621,	'5',	3,	'C33f'),
(622,	'5',	3,	'D21f'),
(623,	'5',	3,	'D22f'),
(624,	'5',	3,	'D23f'),
(625,	'6',	3,	'A21f'),
(626,	'6',	3,	'A22f'),
(627,	'6',	3,	'A23f'),
(628,	'6',	3,	'A31f'),
(629,	'6',	3,	'A32f'),
(630,	'6',	3,	'A33f'),
(631,	'6',	3,	'C31f'),
(632,	'6',	3,	'C32f'),
(633,	'6',	3,	'C33f'),
(634,	'6',	3,	'D21f'),
(635,	'6',	3,	'D22f'),
(636,	'6',	3,	'D23f'),
(637,	'1',	3,	'A21f'),
(638,	'1',	3,	'A22f'),
(639,	'1',	3,	'A23f'),
(640,	'1',	3,	'A31f'),
(641,	'1',	3,	'A32f'),
(642,	'1',	3,	'A33f'),
(643,	'1',	3,	'C31f'),
(644,	'1',	3,	'C32f'),
(645,	'1',	3,	'C33f'),
(646,	'1',	3,	'D21f'),
(647,	'1',	3,	'D22f'),
(648,	'1',	3,	'D23f');

DROP TABLE IF EXISTS `profile_en`;
CREATE TABLE `profile_en` (
  `id_profile` int NOT NULL AUTO_INCREMENT,
  `peran` varchar(15) CHARACTER SET utf8mb4 COLLATE utf8mb4_0900_ai_ci NOT NULL,
  `level` int NOT NULL,
  `nilai` varchar(15) CHARACTER SET utf8mb4 COLLATE utf8mb4_general_ci DEFAULT NULL,
  PRIMARY KEY (`id_profile`),
  KEY `peran` (`peran`),
  KEY `level` (`level`),
  KEY `nilai` (`nilai`),
  CONSTRAINT `profile_en_ibfk_1` FOREIGN KEY (`peran`) REFERENCES `peran_en` (`id_peran`),
  CONSTRAINT `profile_en_ibfk_2` FOREIGN KEY (`level`) REFERENCES `level` (`id_level`),
  CONSTRAINT `profile_en_ibfk_3` FOREIGN KEY (`nilai`) REFERENCES `nilai_en` (`id_nilai`)
) ENGINE=InnoDB DEFAULT CHARSET=utf8mb4 COLLATE=utf8mb4_general_ci;

INSERT INTO `profile_en` (`id_profile`, `peran`, `level`, `nilai`) VALUES
(1,	'2',	1,	'A11e'),
(2,	'2',	1,	'A21d'),
(3,	'2',	1,	'A31d'),
(4,	'2',	1,	'B11d'),
(5,	'2',	1,	'B21c'),
(6,	'2',	1,	'B31d'),
(7,	'2',	1,	'C11d'),
(8,	'2',	1,	'C21c'),
(9,	'2',	1,	'C31c'),
(10,	'2',	1,	'D11d'),
(11,	'2',	1,	'D21d'),
(12,	'2',	1,	'D31d'),
(13,	'2',	1,	'A12e'),
(14,	'2',	1,	'A13e'),
(15,	'2',	1,	'A22d'),
(16,	'2',	1,	'A23d'),
(17,	'2',	1,	'A32d'),
(18,	'2',	1,	'A33d'),
(19,	'2',	1,	'B12d'),
(20,	'2',	1,	'B13d'),
(21,	'2',	1,	'B22c'),
(22,	'2',	1,	'B23c'),
(23,	'2',	1,	'B32d'),
(24,	'2',	1,	'B33d'),
(25,	'2',	1,	'C12d'),
(26,	'2',	1,	'C13d'),
(27,	'2',	1,	'C22c'),
(28,	'2',	1,	'C23c'),
(29,	'2',	1,	'C32c'),
(30,	'2',	1,	'C33c'),
(31,	'2',	1,	'D12d'),
(32,	'2',	1,	'D13d'),
(33,	'2',	1,	'D22d'),
(34,	'2',	1,	'D23d'),
(35,	'2',	1,	'D32d'),
(36,	'2',	1,	'D33d'),
(37,	'2',	2,	'A11d'),
(38,	'2',	2,	'A12d'),
(39,	'2',	2,	'A13d'),
(40,	'2',	2,	'A21c'),
(41,	'2',	2,	'A22c'),
(42,	'2',	2,	'A23c'),
(43,	'2',	2,	'A31c'),
(44,	'2',	2,	'A32c'),
(45,	'2',	2,	'A33c'),
(46,	'2',	2,	'B11d'),
(47,	'2',	2,	'B12d'),
(48,	'2',	2,	'B12d'),
(49,	'2',	2,	'B21c'),
(50,	'2',	2,	'B22c'),
(51,	'2',	2,	'B23c'),
(52,	'2',	2,	'B31c'),
(53,	'2',	2,	'B32c'),
(54,	'2',	2,	'B33c'),
(55,	'2',	2,	'C11c'),
(56,	'2',	2,	'C12c'),
(57,	'2',	2,	'C13c'),
(58,	'2',	2,	'C21c'),
(59,	'2',	2,	'C22c'),
(60,	'2',	2,	'C23c'),
(61,	'2',	2,	'C31c'),
(62,	'2',	2,	'C32c'),
(63,	'2',	2,	'C33c'),
(64,	'2',	2,	'D11c'),
(65,	'2',	2,	'D12c'),
(66,	'2',	2,	'D13c'),
(67,	'2',	2,	'D11c'),
(68,	'2',	2,	'D22c'),
(69,	'2',	2,	'D33c'),
(70,	'2',	2,	'D31c'),
(71,	'2',	2,	'D32c'),
(72,	'2',	2,	'D33c'),
(73,	'2',	3,	'A11c'),
(74,	'2',	3,	'A12c'),
(75,	'2',	3,	'A13c'),
(76,	'2',	3,	NULL),
(77,	'2',	3,	NULL),
(78,	'2',	3,	NULL),
(79,	'2',	3,	NULL),
(80,	'2',	3,	NULL),
(81,	'2',	3,	NULL),
(82,	'2',	3,	'B11c'),
(83,	'2',	3,	'B12c'),
(84,	'2',	3,	'B12c'),
(85,	'2',	3,	'B21c'),
(86,	'2',	3,	'B22c'),
(87,	'2',	3,	'B23c'),
(88,	'2',	3,	'B31c'),
(89,	'2',	3,	'B32c'),
(90,	'2',	3,	'B33c'),
(91,	'2',	3,	'C11c'),
(92,	'2',	3,	'C12c'),
(93,	'2',	3,	'C13c'),
(94,	'2',	3,	'C21c'),
(95,	'2',	3,	'C22c'),
(96,	'2',	3,	'C23c'),
(97,	'2',	3,	NULL),
(98,	'2',	3,	NULL),
(99,	'2',	3,	NULL),
(100,	'2',	3,	'D11c'),
(101,	'2',	3,	'D12c'),
(102,	'2',	3,	'D13c'),
(103,	'2',	3,	NULL),
(104,	'2',	3,	NULL),
(105,	'2',	3,	NULL),
(106,	'2',	3,	'D31c'),
(107,	'2',	3,	'D32c'),
(108,	'2',	3,	'D33c'),
(109,	'3',	1,	'A11d'),
(110,	'3',	1,	'A12d'),
(111,	'3',	1,	'A13d'),
(112,	'3',	1,	'A21d'),
(113,	'3',	1,	'A22d'),
(114,	'3',	1,	'A23d'),
(115,	'3',	1,	'A31d'),
(116,	'3',	1,	'A32d'),
(117,	'3',	1,	'A33d'),
(118,	'3',	1,	'B11d'),
(119,	'3',	1,	'B12d'),
(120,	'3',	1,	'B13d'),
(121,	'3',	1,	'B21c'),
(122,	'3',	1,	'B22c'),
(123,	'3',	1,	'B23c'),
(124,	'3',	1,	'B31d'),
(125,	'3',	1,	'B32d'),
(126,	'3',	1,	'B33d'),
(127,	'3',	1,	'C11d'),
(128,	'3',	1,	'C12d'),
(129,	'3',	1,	'C13d'),
(130,	'3',	1,	'C21e'),
(131,	'3',	1,	'C22e'),
(132,	'3',	1,	'C23e'),
(133,	'3',	1,	'C31c'),
(134,	'3',	1,	'C32c'),
(135,	'3',	1,	'C33c'),
(136,	'3',	1,	'D11d'),
(137,	'3',	1,	'D12d'),
(138,	'3',	1,	'D13d'),
(139,	'3',	1,	'D21d'),
(140,	'3',	1,	'D22d'),
(141,	'3',	1,	'D23d'),
(142,	'3',	1,	'D31c'),
(143,	'3',	1,	'D32c'),
(144,	'3',	1,	'D33c'),
(145,	'3',	2,	'A11c'),
(146,	'3',	2,	'A12c'),
(147,	'3',	2,	'A13c'),
(148,	'3',	2,	'A21c'),
(149,	'3',	2,	'A22c'),
(150,	'3',	2,	'A23c'),
(151,	'3',	2,	'A31c'),
(152,	'3',	2,	'A32c'),
(153,	'3',	2,	'A33c'),
(154,	'3',	2,	'B11d'),
(155,	'3',	2,	'B12d'),
(156,	'3',	2,	'B13d'),
(157,	'3',	2,	'B21c'),
(158,	'3',	2,	'B22c'),
(159,	'3',	2,	'B23c'),
(160,	'3',	2,	'B31d'),
(161,	'3',	2,	'B32d'),
(162,	'3',	2,	'B33d'),
(163,	'3',	2,	'C11c'),
(164,	'3',	2,	'C12c'),
(165,	'3',	2,	'C13c'),
(166,	'3',	2,	'C21d'),
(167,	'3',	2,	'C22d'),
(168,	'3',	2,	'C23d'),
(169,	'3',	2,	'C31c'),
(170,	'3',	2,	'C32c'),
(171,	'3',	2,	'C33c'),
(172,	'3',	2,	'D11c'),
(173,	'3',	2,	'D12c'),
(174,	'3',	2,	'D13c'),
(175,	'3',	2,	'D21c'),
(176,	'3',	2,	'D22c'),
(177,	'3',	2,	'D23c'),
(178,	'3',	2,	'D31c'),
(179,	'3',	2,	'D32c'),
(180,	'3',	2,	'D33c'),
(181,	'3',	3,	'A11c'),
(182,	'3',	3,	'A12c'),
(183,	'3',	3,	'A13c'),
(184,	'3',	3,	'B11c'),
(185,	'3',	3,	'B12c'),
(186,	'3',	3,	'B13c'),
(187,	'3',	3,	'B21c'),
(188,	'3',	3,	'B22c'),
(189,	'3',	3,	'B23c'),
(190,	'3',	3,	'B31c'),
(191,	'3',	3,	'B32c'),
(192,	'3',	3,	'B33c'),
(193,	'3',	3,	'C11c'),
(194,	'3',	3,	'C12c'),
(195,	'3',	3,	'C13c'),
(196,	'3',	3,	'C21c'),
(197,	'3',	3,	'C22c'),
(198,	'3',	3,	'C23c'),
(199,	'3',	3,	'D11c'),
(200,	'3',	3,	'D12c'),
(201,	'3',	3,	'D13c'),
(202,	'3',	3,	'D31c'),
(203,	'3',	3,	'D32c'),
(204,	'3',	3,	'D33c'),
(205,	'4',	1,	'A11e'),
(206,	'4',	1,	'A12e'),
(207,	'4',	1,	'A13e'),
(208,	'4',	1,	'A21d'),
(209,	'4',	1,	'A22d'),
(210,	'4',	1,	'A23d'),
(211,	'4',	1,	'A31d'),
(212,	'4',	1,	'A32d'),
(213,	'4',	1,	'A33d'),
(214,	'4',	1,	'B11d'),
(215,	'4',	1,	'B12d'),
(216,	'4',	1,	'B13d'),
(217,	'4',	1,	'B21c'),
(218,	'4',	1,	'B22c'),
(219,	'4',	1,	'B23c'),
(220,	'4',	1,	'B31d'),
(221,	'4',	1,	'B32d'),
(222,	'4',	1,	'B33d'),
(223,	'4',	1,	'C11c'),
(224,	'4',	1,	'C12c'),
(225,	'4',	1,	'C13c'),
(226,	'4',	1,	'C21d'),
(227,	'4',	1,	'C22d'),
(228,	'4',	1,	'C23d'),
(229,	'4',	1,	'C31c'),
(230,	'4',	1,	'C32c'),
(231,	'4',	1,	'C33c'),
(232,	'4',	1,	'D11d'),
(233,	'4',	1,	'D12d'),
(234,	'4',	1,	'D13d'),
(235,	'4',	1,	'D21d'),
(236,	'4',	1,	'D22d'),
(237,	'4',	1,	'D23d'),
(238,	'4',	1,	'D31d'),
(239,	'4',	1,	'D32d'),
(240,	'4',	1,	'D33d'),
(241,	'4',	2,	'A11d'),
(242,	'4',	2,	'A12d'),
(243,	'4',	2,	'A13d'),
(244,	'4',	2,	'A21c'),
(245,	'4',	2,	'A22c'),
(246,	'4',	2,	'A23c'),
(247,	'4',	2,	'A31d'),
(248,	'4',	2,	'A32d'),
(249,	'4',	2,	'A33d'),
(250,	'4',	2,	'B11d'),
(251,	'4',	2,	'B12d'),
(252,	'4',	2,	'B13d'),
(253,	'4',	2,	'B21c'),
(254,	'4',	2,	'B22c'),
(255,	'4',	2,	'B23c'),
(256,	'4',	2,	'B31c'),
(257,	'4',	2,	'B32c'),
(258,	'4',	2,	'B33c'),
(259,	'4',	2,	'C11c'),
(260,	'4',	2,	'C12c'),
(261,	'4',	2,	'C13c'),
(262,	'4',	2,	'C21c'),
(263,	'4',	2,	'C22c'),
(264,	'4',	2,	'C23c'),
(265,	'4',	2,	'C31c'),
(266,	'4',	2,	'C32c'),
(267,	'4',	2,	'C33c'),
(268,	'4',	2,	'D11c'),
(269,	'4',	2,	'D12c'),
(270,	'4',	2,	'D13c'),
(271,	'4',	2,	'D21c'),
(272,	'4',	2,	'D22c'),
(273,	'4',	2,	'D23c'),
(274,	'4',	2,	'D31c'),
(275,	'4',	2,	'D32c'),
(276,	'4',	2,	'D33c'),
(277,	'4',	3,	'A11c'),
(278,	'4',	3,	'A12c'),
(279,	'4',	3,	'A13c'),
(280,	'4',	3,	'B11c'),
(281,	'4',	3,	'B12c'),
(282,	'4',	3,	'B13c'),
(283,	'4',	3,	'B21c'),
(284,	'4',	3,	'B22c'),
(285,	'4',	3,	'B23c'),
(286,	'4',	3,	'B31c'),
(287,	'4',	3,	'B32c'),
(288,	'4',	3,	'B33c'),
(289,	'4',	3,	'C11c'),
(290,	'4',	3,	'C12c'),
(291,	'4',	3,	'C13c'),
(292,	'4',	3,	'C21c'),
(293,	'4',	3,	'C22c'),
(294,	'4',	3,	'C23c'),
(295,	'4',	3,	'D11c'),
(296,	'4',	3,	'D12c'),
(297,	'4',	3,	'D13c'),
(298,	'4',	3,	'D31c'),
(299,	'4',	3,	'D32c'),
(300,	'4',	3,	'D33c'),
(301,	'5',	1,	'A11d'),
(302,	'5',	1,	'A12d'),
(303,	'5',	1,	'A13d'),
(304,	'5',	1,	'A21d'),
(305,	'5',	1,	'A22d'),
(306,	'5',	1,	'A23d'),
(307,	'5',	1,	'A31d'),
(308,	'5',	1,	'A32d'),
(309,	'5',	1,	'A33d'),
(310,	'5',	1,	'B11c'),
(311,	'5',	1,	'B12c'),
(312,	'5',	1,	'B13c'),
(313,	'5',	1,	'B21d'),
(314,	'5',	1,	'B22d'),
(315,	'5',	1,	'B23d'),
(316,	'5',	1,	'B31c'),
(317,	'5',	1,	'B32c'),
(318,	'5',	1,	'B33c'),
(319,	'5',	1,	'C11d'),
(320,	'5',	1,	'C12d'),
(321,	'5',	1,	'C13d'),
(322,	'5',	1,	'C21e'),
(323,	'5',	1,	'C22e'),
(324,	'5',	1,	'C23e'),
(325,	'5',	1,	'C31d'),
(326,	'5',	1,	'C32d'),
(327,	'5',	1,	'C33d'),
(328,	'5',	1,	'D11d'),
(329,	'5',	1,	'D12d'),
(330,	'5',	1,	'D13d'),
(331,	'5',	1,	'D21d'),
(332,	'5',	1,	'D22d'),
(333,	'5',	1,	'D23d'),
(334,	'5',	1,	'D31c'),
(335,	'5',	1,	'D32c'),
(336,	'5',	1,	'D33c'),
(337,	'5',	2,	'A11d'),
(338,	'5',	2,	'A12d'),
(339,	'5',	2,	'A13d'),
(340,	'5',	2,	'A21c'),
(341,	'5',	2,	'A22c'),
(342,	'5',	2,	'A23c'),
(343,	'5',	2,	'A31c'),
(344,	'5',	2,	'A32c'),
(345,	'5',	2,	'A33c'),
(346,	'5',	2,	'B11c'),
(347,	'5',	2,	'B12c'),
(348,	'5',	2,	'B13c'),
(349,	'5',	2,	'B21c'),
(350,	'5',	2,	'B22c'),
(351,	'5',	2,	'B23c'),
(352,	'5',	2,	'B31c'),
(353,	'5',	2,	'B32c'),
(354,	'5',	2,	'B33c'),
(355,	'5',	2,	'C11d'),
(356,	'5',	2,	'C12d'),
(357,	'5',	2,	'C13d'),
(358,	'5',	2,	'C21d'),
(359,	'5',	2,	'C22d'),
(360,	'5',	2,	'C23d'),
(361,	'5',	2,	'C31c'),
(362,	'5',	2,	'C32c'),
(363,	'5',	2,	'C33c'),
(364,	'5',	2,	'D11c'),
(365,	'5',	2,	'D12c'),
(366,	'5',	2,	'D13c'),
(367,	'5',	2,	'D21c'),
(368,	'5',	2,	'D22c'),
(369,	'5',	2,	'D23c'),
(370,	'5',	2,	'D31c'),
(371,	'5',	2,	'D32c'),
(372,	'5',	2,	'D33c'),
(373,	'5',	3,	'A11c'),
(374,	'5',	3,	'A12c'),
(375,	'5',	3,	'A13c'),
(376,	'5',	3,	'B11c'),
(377,	'5',	3,	'B12c'),
(378,	'5',	3,	'B13c'),
(379,	'5',	3,	'B21c'),
(380,	'5',	3,	'B22c'),
(381,	'5',	3,	'B23c'),
(382,	'5',	3,	'B31c'),
(383,	'5',	3,	'B32c'),
(384,	'5',	3,	'B33c'),
(385,	'5',	3,	'C11c'),
(386,	'5',	3,	'C12c'),
(387,	'5',	3,	'C13c'),
(388,	'5',	3,	'C21c'),
(389,	'5',	3,	'C22c'),
(390,	'5',	3,	'C23c'),
(391,	'5',	3,	'D11c'),
(392,	'5',	3,	'D12c'),
(393,	'5',	3,	'D13c'),
(394,	'5',	3,	'D31c'),
(395,	'5',	3,	'D32c'),
(396,	'5',	3,	'D33c'),
(397,	'6',	1,	'A11d'),
(398,	'6',	1,	'A12d'),
(399,	'6',	1,	'A13d'),
(400,	'6',	1,	'A21c'),
(401,	'6',	1,	'A22c'),
(402,	'6',	1,	'A23c'),
(403,	'6',	1,	'A31d'),
(404,	'6',	1,	'A32d'),
(405,	'6',	1,	'A33d'),
(406,	'6',	1,	'B11d'),
(407,	'6',	1,	'B12d'),
(408,	'6',	1,	'B13d'),
(409,	'6',	1,	'B21c'),
(410,	'6',	1,	'B22c'),
(411,	'6',	1,	'B23c'),
(412,	'6',	1,	'B31d'),
(413,	'6',	1,	'B32d'),
(414,	'6',	1,	'B33d'),
(415,	'6',	1,	'C11d'),
(416,	'6',	1,	'C12d'),
(417,	'6',	1,	'C13d'),
(418,	'6',	1,	'C21d'),
(419,	'6',	1,	'C22d'),
(420,	'6',	1,	'C23d'),
(421,	'6',	1,	'C31c'),
(422,	'6',	1,	'C32c'),
(423,	'6',	1,	'C33c'),
(424,	'6',	1,	'D11d'),
(425,	'6',	1,	'D12d'),
(426,	'6',	1,	'D13d'),
(427,	'6',	1,	'D21e'),
(428,	'6',	1,	'D22e'),
(429,	'6',	1,	'D23e'),
(430,	'6',	1,	'D31d'),
(431,	'6',	1,	'D32d'),
(432,	'6',	1,	'D33d'),
(433,	'6',	2,	'A11c'),
(434,	'6',	2,	'A12c'),
(435,	'6',	2,	'A13c'),
(436,	'6',	2,	'A21c'),
(437,	'6',	2,	'A22c'),
(438,	'6',	2,	'A23c'),
(439,	'6',	2,	'A31c'),
(440,	'6',	2,	'A32c'),
(441,	'6',	2,	'A33c'),
(442,	'6',	2,	'B11d'),
(443,	'6',	2,	'B12d'),
(444,	'6',	2,	'B13d'),
(445,	'6',	2,	'B21c'),
(446,	'6',	2,	'B22c'),
(447,	'6',	2,	'B23c'),
(448,	'6',	2,	'B31c'),
(449,	'6',	2,	'B32c'),
(450,	'6',	2,	'B33c'),
(451,	'6',	2,	'C11c'),
(452,	'6',	2,	'C12c'),
(453,	'6',	2,	'C13c'),
(454,	'6',	2,	'C21c'),
(455,	'6',	2,	'C22c'),
(456,	'6',	2,	'C23c'),
(457,	'6',	2,	'C31c'),
(458,	'6',	2,	'C32c'),
(459,	'6',	2,	'C33c'),
(460,	'6',	2,	'D11d'),
(461,	'6',	2,	'D12d'),
(462,	'6',	2,	'D13d'),
(463,	'6',	2,	'D21c'),
(464,	'6',	2,	'D22c'),
(465,	'6',	2,	'D23c'),
(466,	'6',	2,	'D31d'),
(467,	'6',	2,	'D32d'),
(468,	'6',	2,	'D33d'),
(469,	'6',	3,	'A11c'),
(470,	'6',	3,	'A12c'),
(471,	'6',	3,	'A13c'),
(472,	'6',	3,	'B11c'),
(473,	'6',	3,	'B12c'),
(474,	'6',	3,	'B13c'),
(475,	'6',	3,	'B21c'),
(476,	'6',	3,	'B22c'),
(477,	'6',	3,	'B23c'),
(478,	'6',	3,	'B31c'),
(479,	'6',	3,	'B32c'),
(480,	'6',	3,	'B33c'),
(481,	'6',	3,	'C11c'),
(482,	'6',	3,	'C12c'),
(483,	'6',	3,	'C13c'),
(484,	'6',	3,	'C21c'),
(485,	'6',	3,	'C22c'),
(486,	'6',	3,	'C23c'),
(487,	'6',	3,	'D11c'),
(488,	'6',	3,	'D12c'),
(489,	'6',	3,	'D13c'),
(490,	'6',	3,	'D31c'),
(491,	'6',	3,	'D32c'),
(492,	'6',	3,	'D33c'),
(493,	'1',	1,	'A11e'),
(494,	'1',	1,	'A12e'),
(495,	'1',	1,	'A13e'),
(496,	'1',	1,	'A21d'),
(497,	'1',	1,	'A22d'),
(498,	'1',	1,	'A23d'),
(499,	'1',	1,	'A31d'),
(500,	'1',	1,	'A32d'),
(501,	'1',	1,	'A33d'),
(502,	'1',	1,	'B11d'),
(503,	'1',	1,	'B12d'),
(504,	'1',	1,	'B13d'),
(505,	'1',	1,	'B21c'),
(506,	'1',	1,	'B22c'),
(507,	'1',	1,	'B23c'),
(508,	'1',	1,	'B31d'),
(509,	'1',	1,	'B32d'),
(510,	'1',	1,	'B33d'),
(511,	'1',	1,	'C11d'),
(512,	'1',	1,	'C12d'),
(513,	'1',	1,	'C13d'),
(514,	'1',	1,	'C21d'),
(515,	'1',	1,	'C22d'),
(516,	'1',	1,	'C23d'),
(517,	'1',	1,	'C31d'),
(518,	'1',	1,	'C32d'),
(519,	'1',	1,	'C33d'),
(520,	'1',	1,	'D11c'),
(521,	'1',	1,	'D12c'),
(522,	'1',	1,	'D13c'),
(523,	'1',	1,	'D21d'),
(524,	'1',	1,	'D22d'),
(525,	'1',	1,	'D23d'),
(526,	'1',	1,	'D31c'),
(527,	'1',	1,	'D32c'),
(528,	'1',	1,	'D33c'),
(529,	'1',	2,	'A11d'),
(530,	'1',	2,	'A12d'),
(531,	'1',	2,	'A13d'),
(532,	'1',	2,	'A21c'),
(533,	'1',	2,	'A22c'),
(534,	'1',	2,	'A23c'),
(535,	'1',	2,	'A31d'),
(536,	'1',	2,	'A32d'),
(537,	'1',	2,	'A33d'),
(538,	'1',	2,	'B11d'),
(539,	'1',	2,	'B12d'),
(540,	'1',	2,	'B13d'),
(541,	'1',	2,	'B21c'),
(542,	'1',	2,	'B22c'),
(543,	'1',	2,	'B23c'),
(544,	'1',	2,	'B31c'),
(545,	'1',	2,	'B32c'),
(546,	'1',	2,	'B33c'),
(547,	'1',	2,	'C11c'),
(548,	'1',	2,	'C12c'),
(549,	'1',	2,	'C13c'),
(550,	'1',	2,	'C21c'),
(551,	'1',	2,	'C22c'),
(552,	'1',	2,	'C23c'),
(553,	'1',	2,	'C31c'),
(554,	'1',	2,	'C32c'),
(555,	'1',	2,	'C33c'),
(556,	'1',	2,	'D11c'),
(557,	'1',	2,	'D12c'),
(558,	'1',	2,	'D13c'),
(559,	'1',	2,	'D21c'),
(560,	'1',	2,	'D22c'),
(561,	'1',	2,	'D23c'),
(562,	'1',	2,	'D31c'),
(563,	'1',	2,	'D32c'),
(564,	'1',	2,	'D33c'),
(565,	'7',	4,	'A11e'),
(566,	'7',	4,	'A12e'),
(567,	'7',	4,	'A13e'),
(568,	'7',	4,	'B21c'),
(569,	'7',	4,	'B22c'),
(570,	'7',	4,	'B23c'),
(571,	'7',	4,	'C11d'),
(572,	'7',	4,	'C12d'),
(573,	'7',	4,	'C13d'),
(574,	'7',	4,	'D11c'),
(575,	'7',	4,	'D12c'),
(576,	'7',	4,	'D13c'),
(577,	'7',	4,	'D31c'),
(578,	'7',	4,	'D32c'),
(579,	'7',	4,	'D33c'),
(580,	'2',	3,	'A21f'),
(581,	'2',	3,	'A22f'),
(582,	'2',	3,	'A23f'),
(583,	'2',	3,	'A31f'),
(584,	'2',	3,	'A32f'),
(585,	'2',	3,	'A33f'),
(586,	'2',	3,	'C31f'),
(587,	'2',	3,	'C32f'),
(588,	'2',	3,	'C33f'),
(589,	'2',	3,	'D21f'),
(590,	'2',	3,	'D22f'),
(591,	'2',	3,	'D23f'),
(592,	'3',	3,	'A21f'),
(593,	'3',	3,	'A22f'),
(594,	'3',	3,	'A23f'),
(595,	'3',	3,	'A31f'),
(596,	'3',	3,	'A32f'),
(597,	'3',	3,	'A33f'),
(598,	'3',	3,	'C31f'),
(599,	'3',	3,	'C32f'),
(600,	'3',	3,	'C33f'),
(601,	'3',	3,	'D21f'),
(602,	'3',	3,	'D22f'),
(603,	'3',	3,	'D23f'),
(604,	'4',	3,	'A21f'),
(605,	'4',	3,	'A22f'),
(606,	'4',	3,	'A23f'),
(607,	'4',	3,	'A31f'),
(608,	'4',	3,	'A32f'),
(609,	'4',	3,	'A33f'),
(610,	'4',	3,	'C31f'),
(611,	'4',	3,	'C32f'),
(612,	'4',	3,	'C33f'),
(613,	'4',	3,	'D21f'),
(614,	'4',	3,	'D22f'),
(615,	'4',	3,	'D23f'),
(616,	'5',	3,	'A21f'),
(617,	'5',	3,	'A22f'),
(618,	'5',	3,	'A23f'),
(619,	'5',	3,	'A31f'),
(620,	'5',	3,	'A32f'),
(621,	'5',	3,	'A33f'),
(622,	'5',	3,	'C31f'),
(623,	'5',	3,	'C32f'),
(624,	'5',	3,	'C33f'),
(625,	'5',	3,	'D21f'),
(626,	'5',	3,	'D22f'),
(627,	'5',	3,	'D23f'),
(628,	'6',	3,	'A21f'),
(629,	'6',	3,	'A22f'),
(630,	'6',	3,	'A23f'),
(631,	'6',	3,	'A31f'),
(632,	'6',	3,	'A32f'),
(633,	'6',	3,	'A33f'),
(634,	'6',	3,	'C31f'),
(635,	'6',	3,	'C32f'),
(636,	'6',	3,	'C33f'),
(637,	'6',	3,	'D21f'),
(638,	'6',	3,	'D22f'),
(639,	'6',	3,	'D23f'),
(640,	'1',	3,	'A21f'),
(641,	'1',	3,	'A22f'),
(642,	'1',	3,	'A23f'),
(643,	'1',	3,	'A31f'),
(644,	'1',	3,	'A32f'),
(645,	'1',	3,	'A33f'),
(646,	'1',	3,	'C31f'),
(647,	'1',	3,	'C32f'),
(648,	'1',	3,	'C33f'),
(649,	'1',	3,	'D21f'),
(650,	'1',	3,	'D22f'),
(651,	'1',	3,	'D23f');

DROP TABLE IF EXISTS `questions`;
CREATE TABLE `questions` (
  `id` bigint unsigned NOT NULL AUTO_INCREMENT,
  `exam_id` bigint unsigned NOT NULL,
  `question_type` enum('text','audio') CHARACTER SET utf8mb4 COLLATE utf8mb4_unicode_ci NOT NULL DEFAULT 'text',
  `question` text CHARACTER SET utf8mb4 COLLATE utf8mb4_unicode_ci,
  `question_file` text CHARACTER SET utf8mb4 COLLATE utf8mb4_unicode_ci,
  `option_1` text CHARACTER SET utf8mb4 COLLATE utf8mb4_unicode_ci,
  `option_2` text CHARACTER SET utf8mb4 COLLATE utf8mb4_unicode_ci,
  `option_3` text CHARACTER SET utf8mb4 COLLATE utf8mb4_unicode_ci,
  `option_4` text CHARACTER SET utf8mb4 COLLATE utf8mb4_unicode_ci,
  `option_5` text CHARACTER SET utf8mb4 COLLATE utf8mb4_unicode_ci,
  `answer` int NOT NULL,
  `created_at` timestamp NULL DEFAULT NULL,
  `updated_at` timestamp NULL DEFAULT NULL,
  PRIMARY KEY (`id`),
  KEY `questions_exam_id_foreign` (`exam_id`),
  CONSTRAINT `questions_exam_id_foreign` FOREIGN KEY (`exam_id`) REFERENCES `exams` (`id`) ON DELETE CASCADE
) ENGINE=InnoDB DEFAULT CHARSET=utf8mb4 COLLATE=utf8mb4_unicode_ci;

INSERT INTO `questions` (`id`, `exam_id`, `question_type`, `question`, `question_file`, `option_1`, `option_2`, `option_3`, `option_4`, `option_5`, `answer`, `created_at`, `updated_at`) VALUES
(1,	1,	'text',	'<p>&nbsp;</p>\n<p class=\"MsoNormal\" style=\"text-align: justify;\"><strong><span lang=\"EN-US\" style=\"font-size: 12.0pt; line-height: 107%; font-family: \'Arial Nova\',sans-serif; mso-fareast-font-family: \'Arial Nova\'; mso-bidi-font-family: \'Arial Nova\';\">Manakah yang benar dari pernyataan di bawah ini:</span></strong></p>\n<p></p>',	NULL,	'<p>Kompetensi adalah serangkaian perilaku individual yang terlihat, terukur dan dangat&nbsp;&nbsp;&nbsp; penting bagi keberhasilan kinerja individu dan organisasi</p>',	'<p>Kompetensi adalah bagaimana seseorang bertindak untuk membuat, mengubah atau menjaga sesuatu agar tetap sama. Hal ini merupakan respon terhadap apa yang ada dalam pikiran, perasaan dan lingkungannya</p>',	'<p>Kompetensi adalah proses untuk melakukan sesuatu dengan tujuan tertentu yang didasari oleh niat individu</p>',	'<p>Semua Jawaban Benar</p>',	'<p>Semua Jawaban Salah</p>',	1,	'2023-06-12 03:45:00',	'2023-06-12 03:45:00'),
(2,	1,	'text',	'Apa tujuan Indorama seperti yang tertulis dalam kompas',	NULL,	'Perusahaan yang pertama muncul di pikiran, berorientasi kepada pelanggan',	'Material Essential, Hidup yang lebih baik',	'Ramah Lingkungan, Tata kelola perusahaan baik',	'Semua jawaban benar',	'Semua jawaban salah',	2,	'2023-06-12 03:51:24',	'2023-06-12 03:51:24'),
(3,	1,	'text',	'Apa visi Indorama seperti yang tertulis dalam kompas',	NULL,	'Menjadi penguasa pasar di industri tekstil',	'Kualitas terbaik dan tercepat dalam pengiriman',	'Perusahaan material pilihan pelanggan dan karyawan',	'Semua jawaban benar',	'Semua jawaban salah',	3,	'2023-06-12 03:51:24',	'2023-06-12 03:51:24'),
(4,	1,	'text',	'Apa saja kemampuan yang dimiliki Indorama seperti  yang tertulis dalam kompas',	NULL,	'Berinvestasi untuk masa depan, relasi jangka panjang, mengutamakan manusia, terbaik di kelasnya dalam aset dan operasi',	'Inovasi, ketangkasan dan fokus pada pelanggan',	'Pemimpin yang menginspirasi, budaya saling mendukung dan kerjasama tim',	'Semua jawaban benar',	'Semua jawaban salah',	1,	'2023-06-12 03:51:24',	'2023-06-12 03:51:24');

DROP TABLE IF EXISTS `struktur`;
CREATE TABLE `struktur` (
  `id_struktur` varchar(15) NOT NULL,
  `nm_struktur` varchar(75) NOT NULL,
  `id_kompetensi` varchar(15) CHARACTER SET utf8mb4 COLLATE utf8mb4_0900_ai_ci NOT NULL,
  PRIMARY KEY (`id_struktur`),
  KEY `id_kompetensi` (`id_kompetensi`),
  CONSTRAINT `struktur_ibfk_1` FOREIGN KEY (`id_kompetensi`) REFERENCES `kompetensi` (`id_kompetensi`)
) ENGINE=InnoDB DEFAULT CHARSET=utf8mb4 COLLATE=utf8mb4_0900_ai_ci;

INSERT INTO `struktur` (`id_struktur`, `nm_struktur`, `id_kompetensi`) VALUES
('A11',	'Integritas',	'A1'),
('A12',	'Berorientasi Tujuan',	'A1'),
('A13',	'Keselamatan',	'A1'),
('A21',	'Keputusan yang Meyakinkan',	'A2'),
('A22',	'Akuntabilitas',	'A2'),
('A23',	'Komunikasi yang meyakinkan',	'A2'),
('A31',	'Analisis Biaya/Manfaat',	'A3'),
('A32',	'Mempertimbangkan pendapat orang lain',	'A3'),
('A33',	'Berorientasi masa depan',	'A3'),
('B11',	'Perencanaan secara terperinci',	'B1'),
('B12',	'Pemecahan masalah',	'B1'),
('B13',	'Menghadirkan kualitas secara konsisten',	'B1'),
('B21',	'Wawas diri',	'B2'),
('B22',	'Menghargai umpan balik',	'B2'),
('B23',	'Mengambil peluang untuk maju',	'B2'),
('B31',	'Riset yang lebih luas',	'B3'),
('B32',	'Memanfaatkan riset',	'B3'),
('B33',	'Memahami pelanggan',	'B3'),
('C11',	'Bekerja sama dengan orang lain',	'C1'),
('C12',	'Membentuk tim yang baik',	'C1'),
('C13',	'Mendorong tim untuk berani mengemukakan pendapat',	'C1'),
('C21',	'Menunjukkan empati',	'C2'),
('C22',	'Memengaruhi melalui kebutuhan orang lain',	'C2'),
('C23',	'Membangun relasi jangka panjang',	'C2'),
('C31',	'Memberi peluang untuk maju',	'C3'),
('C32',	'Umpan balik, pelatihan, pembinaan, pendampingan',	'C3'),
('C33',	'Merayakan keberhasilan orang lain',	'C3'),
('D11',	'Pengetahuan spesifik',	'D1'),
('D12',	'Mengembangkan kemampuan teknis',	'D1'),
('D13',	'Penerapan pengetahuan spesifik',	'D1'),
('D21',	'Berpikir kreatif',	'D2'),
('D22',	'Mengambil risiko berdasarkan informasi',	'D2'),
('D23',	'Komunikasi yang menyenangkan',	'D2'),
('D31',	'Menetapkan standar tinggi',	'D3'),
('D32',	'Membuat keputusan berdasarkan data',	'D3'),
('D33',	'Mengubah status quo',	'D3');

DROP TABLE IF EXISTS `struktur_en`;
CREATE TABLE `struktur_en` (
  `id_struktur` varchar(15) CHARACTER SET utf8mb4 COLLATE utf8mb4_0900_ai_ci NOT NULL,
  `nm_struktur` varchar(75) CHARACTER SET utf8mb4 COLLATE utf8mb4_0900_ai_ci NOT NULL,
  `id_kompetensi` varchar(15) CHARACTER SET utf8mb4 COLLATE utf8mb4_general_ci NOT NULL,
  PRIMARY KEY (`id_struktur`),
  KEY `id_kompetensi` (`id_kompetensi`),
  CONSTRAINT `struktur_en_ibfk_1` FOREIGN KEY (`id_kompetensi`) REFERENCES `kompetensi_en` (`id_kompetensi`)
) ENGINE=InnoDB DEFAULT CHARSET=utf8mb4 COLLATE=utf8mb4_general_ci;

INSERT INTO `struktur_en` (`id_struktur`, `nm_struktur`, `id_kompetensi`) VALUES
('A11',	'Integrity',	'A1'),
('A12',	'Objective-led',	'A1'),
('A13',	'Safety',	'A1'),
('A21',	'Confident Decisions',	'A2'),
('A22',	'Accountability',	'A2'),
('A23',	'Confident communication',	'A2'),
('A31',	'Cost Benefit Analysis',	'A3'),
('A32',	'Considers other opinions',	'A3'),
('A33',	'Future focused',	'A3'),
('B11',	'Detailed planning',	'B1'),
('B12',	'Problem solving',	'B1'),
('B13',	'Consistently delivers quality',	'B1'),
('B21',	'Self awareness',	'B2'),
('B22',	'Values feedback',	'B2'),
('B23',	'Takes development opportunities',	'B2'),
('B31',	'Wider research',	'B3'),
('B32',	'Uses research',	'B3'),
('B33',	'Understands the customer',	'B3'),
('C11',	'Works well with others',	'C1'),
('C12',	'Assembles good teams',	'C1'),
('C13',	'Encourages others to speak up',	'C1'),
('C21',	'Shows empathy',	'C2'),
('C22',	'Influences through the needs of others',	'C2'),
('C23',	'Builds lasting connections',	'C2'),
('C31',	'Provides development opportunities',	'C3'),
('C32',	'Feedback, training, coaching, and mentoring',	'C3'),
('C33',	'Celebrates the success of others',	'C3'),
('D11',	'Domain knowledge',	'D1'),
('D12',	'Improving technical expertise',	'D1'),
('D13',	'Application of domain knowledge',	'D1'),
('D21',	'Creative thinking',	'D2'),
('D22',	'Informed risk taking',	'D2'),
('D23',	'Engaging communication',	'D2'),
('D31',	'Defines high standards',	'D3'),
('D32',	'Data driven decision making',	'D3'),
('D33',	'Challenges the status quo',	'D3');

DROP TABLE IF EXISTS `users`;
CREATE TABLE `users` (
  `id_user` varchar(15) COLLATE utf8mb4_unicode_ci NOT NULL,
  `name` varchar(255) COLLATE utf8mb4_unicode_ci NOT NULL,
  `role` varchar(255) CHARACTER SET utf8mb4 COLLATE utf8mb4_unicode_ci DEFAULT NULL,
  `hp` varchar(15) CHARACTER SET utf8mb4 COLLATE utf8mb4_unicode_ci DEFAULT NULL,
  `function` varchar(15) CHARACTER SET utf8mb4 COLLATE utf8mb4_0900_ai_ci DEFAULT NULL,
  `function_en` varchar(15) CHARACTER SET utf8mb4 COLLATE utf8mb4_0900_ai_ci DEFAULT NULL,
  `level` int DEFAULT NULL,
  `password` varchar(255) CHARACTER SET utf8mb4 COLLATE utf8mb4_unicode_ci NOT NULL,
  `email_verified_at` timestamp NULL DEFAULT NULL,
  `remember_token` varchar(100) CHARACTER SET utf8mb4 COLLATE utf8mb4_unicode_ci DEFAULT NULL,
  `created_at` timestamp NULL DEFAULT NULL,
  `updated_at` timestamp NULL DEFAULT NULL,
  PRIMARY KEY (`id_user`),
  KEY `function` (`function`),
  KEY `level` (`level`),
  KEY `function_en` (`function_en`),
  CONSTRAINT `users_ibfk_1` FOREIGN KEY (`function`) REFERENCES `peran` (`id_peran`),
  CONSTRAINT `users_ibfk_2` FOREIGN KEY (`level`) REFERENCES `level` (`id_level`),
  CONSTRAINT `users_ibfk_3` FOREIGN KEY (`function_en`) REFERENCES `peran_en` (`id_peran`)
) ENGINE=InnoDB DEFAULT CHARSET=utf8mb4 COLLATE=utf8mb4_unicode_ci;

INSERT INTO `users` (`id_user`, `name`, `role`, `hp`, `function`, `function_en`, `level`, `password`, `email_verified_at`, `remember_token`, `created_at`, `updated_at`) VALUES
('001',	'Admin 2',	'admin',	'-',	'7',	'7',	4,	'$2y$10$3uVBR6Tnq7FO4Jum5l5lk.WIZyo9Oe96ZJc4/aYKpC1ytl3uYH.k2',	NULL,	NULL,	'2023-06-08 21:42:41',	'2023-06-08 23:22:03'),
('012345',	'Admin',	'admin',	'-',	'7',	'7',	1,	'$2y$10$ySHkBT1PzdL2Njdj96YK2e1DTzbC4GG5ThK/tNZCFPEGXvTBGcAg.',	NULL,	NULL,	'2023-06-08 18:41:36',	'2023-06-08 20:28:24'),
('100052',	'Willa Setiawati',	NULL,	NULL,	'4',	'4',	2,	'$2y$10$pAv78STpWHKSM5gcHkdLL.lgrjt8Mw16spoTP2Ns2mPfTFB9nJM2e',	NULL,	NULL,	'2023-05-14 23:37:53',	'2023-05-14 23:37:53'),
('100139',	'Dudin Jaenudin',	NULL,	NULL,	'2',	'2',	3,	'$2y$10$4y5TuRXjKI.Dkh2LCj/JUemIRrB6zrf3thwcYk/FsWC03Bh2.0ava',	NULL,	NULL,	'2023-05-14 23:38:09',	'2023-05-14 23:38:09'),
('100142',	'Hery Bachtiar',	NULL,	NULL,	'4',	'4',	3,	'$2y$10$5qJpmIWI6ZJOBV0Rr6hkWOMomRVuzxwK07dcc3etnBltenqSpAf.u',	NULL,	NULL,	'2023-05-14 23:38:09',	'2023-05-14 23:38:09'),
('100160',	'Neneng Rusmiati',	NULL,	NULL,	'4',	'4',	3,	'$2y$10$E1VxKLHHlSvBmqSKzJH/qubn9TpjwfPSjrCTOvr9/rbgdH3IdGOZC',	NULL,	NULL,	'2023-05-14 23:38:00',	'2023-05-14 23:38:00'),
('100165',	'Suwanto',	NULL,	NULL,	'2',	'2',	2,	'$2y$10$4ASwKQo1t9nFkoNkTQRJ/eODQeWeyNVfG2aqEA6CIYd.STkmJn80W',	NULL,	NULL,	'2023-05-14 23:37:59',	'2023-05-14 23:37:59'),
('100197',	'Sugeng Widiyanto',	NULL,	NULL,	'2',	'2',	3,	'$2y$10$4wcJ6yvM0nNw6.YexxSScez8VOK1UQTZxnWPoVY9A/wVKUD7Nq9bi',	NULL,	NULL,	'2023-05-14 23:38:05',	'2023-05-14 23:38:05'),
('100202',	'Dodi Amaris Wahyudi',	NULL,	NULL,	'2',	'2',	3,	'$2y$10$ygFUNgeTpcrFLq2stPY5F.N9bxLnO1QRGekaRMxLN9JgaWK51/Xcm',	NULL,	NULL,	'2023-05-14 23:38:14',	'2023-05-14 23:38:14'),
('100233',	'Surati',	NULL,	NULL,	'2',	'2',	3,	'$2y$10$0KBc6sLLU78oDjgYKLfxTuNP9Kud5W2aYFw2mgsEvv3TRbLOmimFq',	NULL,	NULL,	'2023-05-14 23:38:17',	'2023-05-14 23:38:17'),
('100258',	'Triyono',	NULL,	NULL,	'2',	'2',	3,	'$2y$10$k1dFLWfsynflKi7ejRbmp.3kYufPJkI5vkN.wJ8FpnhYYXMBf20mq',	NULL,	NULL,	'2023-05-14 23:38:07',	'2023-05-14 23:38:07'),
('100262',	'Maryono',	NULL,	NULL,	'2',	'2',	3,	'$2y$10$pZRuBDUIl.HC73sHT8XsPu72lUhsiCVJa2lmG/eL0ZiYzGfIFAZVe',	NULL,	NULL,	'2023-05-14 23:38:05',	'2023-05-14 23:38:05'),
('100264',	'Gatot Wijanarto',	NULL,	NULL,	'4',	'4',	3,	'$2y$10$Qy75LJv5cnsJ0mS8eIVCsOeyxgfEOzAMGLPGiLK.bNyzWquAshkU2',	NULL,	NULL,	'2023-05-14 23:38:19',	'2023-05-14 23:38:19'),
('100401',	'Sugiyarto',	NULL,	NULL,	'2',	'2',	2,	'$2y$10$Bf95TCtOqH0Kqqqb/W893e599Gec8stetFHF2knKfPBJlaWQ.Djbe',	NULL,	NULL,	'2023-05-14 23:37:58',	'2023-05-14 23:37:58'),
('100412',	'Jupri',	NULL,	NULL,	'2',	'2',	3,	'$2y$10$oYjY0kW1M3RKDVN4VZKvE.kXe8jCAb6KZVW3Ow6SgI.0ih4zwAJ0a',	NULL,	NULL,	'2023-05-14 23:38:15',	'2023-05-14 23:38:15'),
('100432',	'Imam Fauzi',	NULL,	NULL,	'2',	'2',	3,	'$2y$10$benKJjcS1ye9d8K3lQCKm.q/gq7nZ72U9hHddjEqup2P2R3o./bDO',	NULL,	NULL,	'2023-05-14 23:38:18',	'2023-05-14 23:38:18'),
('100435',	'Ucu Susana',	NULL,	NULL,	'2',	'2',	3,	'$2y$10$eq66r5KyC2tR85AfI2c9le4qUG2qEHuivJ5N.XJciK3OHPLmtmDJm',	NULL,	NULL,	'2023-05-14 23:38:17',	'2023-05-14 23:38:17'),
('100442',	'Satwati Woelandari',	NULL,	NULL,	'4',	'4',	3,	'$2y$10$/woNY22fCGfs3WvvFaUkKebzudBzJi7tO9J6eIGSj01nql4FXWpd2',	NULL,	NULL,	'2023-05-14 23:38:07',	'2023-05-14 23:38:07'),
('100550',	'Iwan Hermawan',	NULL,	NULL,	'2',	'2',	3,	'$2y$10$q8aLPsisHJly.pH7J2fiT.CLiKr/yT8xS/RI0AXnoBvaiGJXRIGYm',	NULL,	NULL,	'2023-05-14 23:38:16',	'2023-05-14 23:38:16'),
('100552',	'Asep Moch. Yusuf',	NULL,	NULL,	'6',	'6',	2,	'$2y$10$OBBWxxXXPIp5tCk.v6AyYezJvhBfX6dvy44N25G9T1R0kJ18NimzS',	NULL,	NULL,	'2023-05-14 23:38:21',	'2023-05-14 23:38:21'),
('100558',	'Jumanun',	NULL,	NULL,	'2',	'2',	3,	'$2y$10$eU6eY5EIzVhUCWtipsmtheXlLRhNi60pdbEXV36P3p2zlXsoKKUnC',	NULL,	NULL,	'2023-05-14 23:38:08',	'2023-05-14 23:38:08'),
('100576',	'Rudi Rudili',	NULL,	NULL,	'4',	'4',	3,	'$2y$10$aZTzbW729VMkgFBuAL9BDOgo/yCY4Hub99D4LKIZ2qfjXwcpLFwia',	NULL,	NULL,	'2023-05-14 23:38:19',	'2023-05-14 23:38:19'),
('100577',	'Dian Nuraeni',	NULL,	NULL,	'4',	'4',	3,	'$2y$10$/HB4a.l0T/TFD6DIB/3uTuPOYIGMmqKRefKLXSSa7zHE0nvp/27SC',	NULL,	NULL,	'2023-05-14 23:38:03',	'2023-05-14 23:38:03'),
('100632',	'Agus Supriatna',	NULL,	NULL,	'4',	'4',	2,	'$2y$10$kp9jXR9KHui1BmbQHApA7OcEKYYYnU15sJULwHbBvKQbzgIr1nwXe',	NULL,	NULL,	'2023-05-14 23:37:59',	'2023-05-14 23:37:59'),
('100690',	'Poniman',	NULL,	NULL,	'2',	'2',	3,	'$2y$10$cweCpE4rYKySfjeRqq9Hku.Hj2qghbrkSSKTwMbF87UqapyEhxDiu',	NULL,	NULL,	'2023-05-14 23:38:18',	'2023-05-14 23:38:18'),
('100739',	'R. Iin Hindayah',	NULL,	NULL,	'2',	'2',	3,	'$2y$10$bezoeuYMhW1blJPVyiwQCOjZgopReqcSrma7ShUOlyrrVtZ3.fh8C',	NULL,	NULL,	'2023-05-14 23:38:09',	'2023-05-14 23:38:09'),
('100767',	'Yadi Mulyadi',	NULL,	NULL,	'4',	'4',	3,	'$2y$10$CjnfHuWNa9coCVTd8oZ4KeufLVWI5FqsHdyGjOfirYkP8K6UZ25wu',	NULL,	NULL,	'2023-05-14 23:38:03',	'2023-05-14 23:38:03'),
('100786',	'Dewi Mulyasari',	NULL,	NULL,	'4',	'4',	3,	'$2y$10$y3/Y.aWWA3kAwYuRHsaU6.hQQFAyARti9JF0ZAVfIAY3bpuZDB1Eu',	NULL,	NULL,	'2023-05-14 23:38:20',	'2023-05-14 23:38:20'),
('100850',	'Aries Joko Susilo',	NULL,	NULL,	'2',	'2',	3,	'$2y$10$kWBwB5s3ccYzGRc4xLQyV.V3y0ghCf2h7pKImmPE5ypN/bMYyULWu',	NULL,	NULL,	'2023-05-14 23:37:24',	'2023-05-14 23:37:24'),
('100857',	'Oskar Suteja',	NULL,	NULL,	'2',	'2',	3,	'$2y$10$McFrzjEBlA7PJ/yIGEGwe.HBP7o.uA2QXPs0VdzUtv9AKsEWfg.Iu',	NULL,	NULL,	'2023-05-14 23:37:24',	'2023-05-14 23:37:24'),
('100867',	'Heri Wahyudi',	NULL,	NULL,	'4',	'4',	3,	'$2y$10$7W1.L9cnHqqVpbd1PjnJ3uLliT917rHnzZAShen8IdOSW5NxqTbvS',	NULL,	NULL,	'2023-05-14 23:38:12',	'2023-05-14 23:38:12'),
('100889',	'Iwan Setiawan',	NULL,	NULL,	'4',	'4',	3,	'$2y$10$1kTflkOJsIt/RwySPStvM.K3gD6HtX9vfbsSW5Tk/FiF5YN7sOv.C',	NULL,	NULL,	'2023-05-14 23:37:25',	'2023-05-14 23:37:25'),
('100896',	'Umar Chizam',	NULL,	NULL,	'2',	'2',	3,	'$2y$10$gUPQdAS7mbqgrU3LIznAAuCdq2LekLwZ/ou7QoXAx4LR3IZ9HkdxG',	NULL,	NULL,	'2023-05-14 23:38:16',	'2023-05-14 23:38:16'),
('100897',	'Ahmad Faisal',	NULL,	NULL,	'2',	'2',	3,	'$2y$10$JzxE.gW40171OLsGQ5HDTuslqnGx.Oaqx23/eFireFAeACMXcy8Ly',	NULL,	NULL,	'2023-05-14 23:37:25',	'2023-05-14 23:37:25'),
('100917',	'Tamami',	NULL,	NULL,	'2',	'2',	3,	'$2y$10$8e6x.D4tKkzwAua6fGBan.N.xbp6WzeNxUJVbn22OfTpjzpWNfkPm',	NULL,	NULL,	'2023-05-14 23:38:18',	'2023-05-14 23:38:18'),
('100918',	'Sulistyowarni',	NULL,	NULL,	'4',	'4',	3,	'$2y$10$KLPw9AP/QpyAVABYs1gvieEm31eUqvpm7KQSlZ24CzjQP/cyX0XSG',	NULL,	NULL,	'2023-05-14 23:38:20',	'2023-05-14 23:38:20'),
('100923',	'Anida Apriyanti',	NULL,	NULL,	'2',	'2',	3,	'$2y$10$oofdtzDty7lgRHj8gbehoeV89w02PJSFh4dpBM7nPie9ZUgBB/Aha',	NULL,	NULL,	'2023-05-14 23:38:17',	'2023-05-14 23:38:17'),
('100944',	'Arif Purkon',	NULL,	NULL,	'5',	'5',	3,	'$2y$10$MuvpEUNIKMiPD6fte9/7t.xZqVh3LCpf7MD.vsfqQzr2nHdajHqAy',	NULL,	NULL,	'2023-05-14 23:38:18',	'2023-05-14 23:38:18'),
('100947',	'Sudarno',	NULL,	NULL,	'2',	'2',	3,	'$2y$10$yPixmiTx3a.6Wo4EUZHnfO5Jw7UmWvCmLxzUbAm03suFeqmo4MEZK',	NULL,	NULL,	'2023-05-14 23:38:20',	'2023-05-14 23:38:20'),
('100948',	'Hendra Putra',	NULL,	NULL,	'2',	'2',	2,	'$2y$10$PhBsTEqHt8I6CEqE8Xg9/uxzInIYPutHCUlwnzJlSMKkTEJiq/XV6',	NULL,	NULL,	'2023-05-14 23:37:24',	'2023-05-14 23:37:24'),
('100958',	'Nirma Yusnani',	NULL,	NULL,	'4',	'4',	3,	'$2y$10$Z/J8zZQTWZKtVOoGPTjPB.fcZ2wBOlPwQqaEK5okxc/XLVSrRXC1S',	NULL,	NULL,	'2023-05-14 23:37:24',	'2023-05-14 23:37:24'),
('100999',	'Masherry',	NULL,	NULL,	'2',	'2',	3,	'$2y$10$IiiVVGEZOdlMl.nDX99tIO9EgIvhe1S/6SZxxLRYQ0PqNOPdaQrNy',	NULL,	NULL,	'2023-05-14 23:38:06',	'2023-05-14 23:38:06'),
('101020',	'Yurzamzami',	NULL,	NULL,	'2',	'2',	2,	'$2y$10$I2/0qFHeyF.Zfj7B2c86Uu1/.wqCiBzrnMw2866srWTSFtrAAw3tO',	NULL,	NULL,	'2023-05-14 23:37:24',	'2023-05-14 23:37:24'),
('101028',	'Yamin',	NULL,	NULL,	'4',	'4',	3,	'$2y$10$5uvntjTJCdehzTm9m1K23Oe87Z72fXaM4zBoy8HlU2EX5GxFt2k9a',	NULL,	NULL,	'2023-05-14 23:38:18',	'2023-05-14 23:38:18'),
('101041',	'Wahyu .',	NULL,	NULL,	'2',	'2',	3,	'$2y$10$HKKEDDCtwXOZjUL8JWxJg.ri4eTqBQW8rSA5PKc450ZqkkLqaXnMK',	NULL,	NULL,	'2023-05-14 23:37:25',	'2023-05-14 23:37:25'),
('101064',	'Wanri Simanjorang',	NULL,	NULL,	'4',	'4',	3,	'$2y$10$safVsekIvtrIxTSv1gK1IOnI2llZb6M2gkYjOmzDV6BeptvUC0ZjS',	NULL,	NULL,	'2023-05-14 23:38:15',	'2023-05-14 23:38:15'),
('101163',	'Hendrik Sihombing',	NULL,	NULL,	'5',	'5',	3,	'$2y$10$T6qnqxo4TYj6JxJ4.zKhBOf7VUy4T8tu5.7I9wuv6FpIzW5jDNQwS',	NULL,	NULL,	'2023-05-14 23:38:13',	'2023-05-14 23:38:13'),
('101165',	'Nugroho',	NULL,	NULL,	'2',	'2',	3,	'$2y$10$tJmxvmgakKL5zkgTUE/ROutOhdV4b0mMGnS5W8RKHI1BcTtBOLfu.',	NULL,	NULL,	'2023-05-14 23:38:17',	'2023-05-14 23:38:17'),
('101168',	'Amri Abdullah',	NULL,	NULL,	'2',	'2',	2,	'$2y$10$Sptv9wingu7ccafnFbn7GeKRnXLqzQdBRdTB0SCTaWBLMBkHGfsRa',	NULL,	NULL,	'2023-05-14 23:37:56',	'2023-05-14 23:37:56'),
('101227',	'Hari Wiguna',	NULL,	NULL,	'2',	'2',	3,	'$2y$10$0yjEoChXIpDVWcphLMtoxeRT9mwfFHI3kvD8LZu0KIpm62coseAaW',	NULL,	NULL,	'2023-05-14 23:38:07',	'2023-05-14 23:38:07'),
('101243',	'Farlia Rokhyan',	NULL,	NULL,	'2',	'2',	3,	'$2y$10$KdptVBCoUuQKSfSzZtP4.uGraHWPwx98bcvZgX4k/5/EOOHd8AL/6',	NULL,	NULL,	'2023-05-14 23:38:04',	'2023-05-14 23:38:04'),
('101272',	'Rahmat Hidayat',	NULL,	NULL,	'2',	'2',	3,	'$2y$10$/fUqGxwDVdF7dYEgjD0lzuRJ63UgYIxlK8PGNtsUs0oi1OCeYjf8y',	NULL,	NULL,	'2023-05-14 23:38:07',	'2023-05-14 23:38:07'),
('101315',	'Moh Dindin Wahyudin',	NULL,	NULL,	'2',	'2',	3,	'$2y$10$ZHwxNQ.HDp2mc4ndahLBYOpu8ArcsRo3T0nJjI3rPp.QV2znazrWq',	NULL,	NULL,	'2023-05-14 23:38:01',	'2023-05-14 23:38:01'),
('101347',	'Agus  Sapei',	NULL,	NULL,	'2',	'2',	3,	'$2y$10$K1P3g5kkCbp7twdNOYao/eET/xHxPncLqHieojxSXN2pQ.djLPMK6',	NULL,	NULL,	'2023-05-14 23:37:26',	'2023-05-14 23:37:26'),
('101415',	'Bawuk Winandari',	NULL,	NULL,	'6',	'6',	3,	'$2y$10$.Tr3vwJ./wNpO09mzdUn3OmU3al17jelKXs1bn.VYHKAVFhidXuae',	NULL,	NULL,	'2023-05-14 23:37:25',	'2023-05-14 23:37:25'),
('101465',	'Wirdalina',	NULL,	NULL,	'2',	'2',	3,	'$2y$10$DX6o7RKcWWHEYzu4Yvjh/OVMXbliqJouXFR5HL4iukoBx8z4nq/Pa',	NULL,	NULL,	'2023-05-14 23:37:25',	'2023-05-14 23:37:25'),
('101483',	'Datuk',	NULL,	NULL,	'5',	'5',	2,	'$2y$10$m8RlaJIKrLjjJ354PF0bYeWOvktzRGAwJwqNT2mkgvfGJFHl8SXTu',	NULL,	NULL,	'2023-05-14 23:37:53',	'2023-05-14 23:37:53'),
('101505',	'Ahem Endaryoko',	NULL,	NULL,	'2',	'2',	3,	'$2y$10$BqV9Nal05MPp82IGp/YzQuH8Fv99a9/CyFSCyN7H7oqfC9M4X/7Km',	NULL,	NULL,	'2023-05-14 23:37:26',	'2023-05-14 23:37:26'),
('101549',	'Ruhyat',	NULL,	NULL,	'2',	'2',	3,	'$2y$10$xUZ2b5sxDDQxXVTgdeIEQuxEhmBD4vDGmX8yLwf/O2IMoAg9seWZS',	NULL,	NULL,	'2023-05-14 23:38:05',	'2023-05-14 23:38:05'),
('101555',	'Wahyono',	NULL,	NULL,	'2',	'2',	2,	'$2y$10$u2AUxIqI9lMzUz/heeMVc.1na1KWA9eMGDfPCWI1Bp1Q.L6YRotD2',	NULL,	NULL,	'2023-05-14 23:37:58',	'2023-05-14 23:37:58'),
('101561',	'Dodi Sudirman',	NULL,	NULL,	'2',	'2',	3,	'$2y$10$gTcU91CKvHnEV/2UnXlWPeeS9nfMHLroLKYPNrEKa6Ik5xQhtXihW',	NULL,	NULL,	'2023-05-14 23:38:02',	'2023-05-14 23:38:02'),
('101646',	'Choirul Muta Ali',	NULL,	NULL,	'2',	'2',	2,	'$2y$10$BbRUN4ivZaxJwssCoMHUoemXd3nnkaB44CsL91ScAZF7AwvCkzxQe',	NULL,	NULL,	'2023-05-14 23:37:57',	'2023-05-14 23:37:57'),
('101699',	'Weni Husadaningrum',	NULL,	NULL,	'2',	'2',	3,	'$2y$10$/T7MGrRXqUSkHlaCEB4dueIg7gY4IzHUn9xxSY14jpzKIPBsORiH2',	NULL,	NULL,	'2023-05-14 23:38:15',	'2023-05-14 23:38:15'),
('101756',	'Ihwan Asnandar',	NULL,	NULL,	'2',	'2',	3,	'$2y$10$ATkScVScneQsRIYuiFyxQu6UWtiAQf18bUqxbIliMfaU5WkPqRVF6',	NULL,	NULL,	'2023-05-14 23:38:16',	'2023-05-14 23:38:16'),
('101772',	'Muhadi',	NULL,	NULL,	'2',	'2',	2,	'$2y$10$0T3RNIXpOQsgdx3FdcgCLudYlxgN6QXKAQroqWLkt/.NgxaotTu3m',	NULL,	NULL,	'2023-05-14 23:37:59',	'2023-05-14 23:37:59'),
('101790',	'Suprapto',	NULL,	NULL,	'2',	'2',	3,	'$2y$10$J5xUchTpiLMbZu0QrYVYQeCe3seIbZ3mTgjB9G2o6ZzUgcy3xdavq',	NULL,	NULL,	'2023-05-14 23:38:09',	'2023-05-14 23:38:09'),
('101791',	'Gunawan',	NULL,	NULL,	'4',	'4',	3,	'$2y$10$RkXkOTelPgTttz7VDI0tYO.Jm12eiZXBo7ltqyNZqg72KMr19wtVW',	NULL,	NULL,	'2023-05-14 23:37:19',	'2023-05-14 23:37:19'),
('101835',	'Otong Iman Solihin',	NULL,	NULL,	'2',	'2',	2,	'$2y$10$1alugz/XqrhwCxHrZiTsdOCKkammCtozXeMpstOTYxkAex16T590.',	NULL,	NULL,	'2023-05-14 23:37:53',	'2023-05-14 23:37:53'),
('101840',	'Aan Susanti',	NULL,	NULL,	'2',	'2',	3,	'$2y$10$2e.Cu0i1xJx7QHykSvRBVupuZQzVSCFGIdGhM.0/D6goqA2dTZp3W',	NULL,	NULL,	'2023-05-14 23:38:18',	'2023-05-14 23:38:18'),
('101863',	'Dadan Mulyadi',	NULL,	NULL,	'4',	'4',	2,	'$2y$10$k65nEB/2Ac4vBLFfKe.1oe4bigPojpF3pDudS1H3RP3XKHsODPbOC',	NULL,	NULL,	'2023-05-14 23:37:55',	'2023-05-14 23:37:55'),
('101913',	'Susi Rahmawati',	NULL,	NULL,	'2',	'2',	3,	'$2y$10$uHJXyxKYx2sx7IIZmBA26OQ8U.mD/P3oW8Wo7.kwgbWEk5u84.txO',	NULL,	NULL,	'2023-05-14 23:38:09',	'2023-05-14 23:38:09'),
('101946',	'Yusnaidy',	NULL,	NULL,	'2',	'2',	2,	'$2y$10$4P12NdmBiodirCt3dHuCtupOCP3rJ8R9mBwOLnA.DLymMcAWd2uRK',	NULL,	NULL,	'2023-05-14 23:37:56',	'2023-05-14 23:37:56'),
('101974',	'Wenrizal',	NULL,	NULL,	'2',	'2',	3,	'$2y$10$Mfkhd/6n.e.WAK2Z1vbwo.v2AK1w4LtSU2.xcdAvvMpgXzeYW29Um',	NULL,	NULL,	'2023-05-14 23:38:03',	'2023-05-14 23:38:03'),
('101985',	'Fatihin',	NULL,	NULL,	'2',	'2',	3,	'$2y$10$h.biEzelKk.yZtUkrk1mhOC3KwsM88O2YmEvLnVLKLl6QqnTJpxiq',	NULL,	NULL,	'2023-05-14 23:38:16',	'2023-05-14 23:38:16'),
('101990',	'Tian Widyaningsih',	NULL,	NULL,	'2',	'2',	2,	'$2y$10$HZMhKls4dgQVgv8D.MGOF.mZQ.CEcQnWQDBzV5g6OXAjb4ITlSDAS',	NULL,	NULL,	'2023-05-14 23:37:58',	'2023-05-14 23:37:58'),
('102035',	'Annisfun Nahar',	NULL,	NULL,	'2',	'2',	3,	'$2y$10$d0Aw15tWtZ3vEgk0WAI2s.yatLcCuTfaeiBWCPodTa4QPn5//ou6m',	NULL,	NULL,	'2023-05-14 23:38:08',	'2023-05-14 23:38:08'),
('102063',	'M.fiet Wahyono',	NULL,	NULL,	'2',	'2',	3,	'$2y$10$eWzTioo.wS.QYZrnTGBtWOuYtDQQVDNeddV5peMlc3DIW1ZNnwfKe',	NULL,	NULL,	'2023-05-14 23:38:13',	'2023-05-14 23:38:13'),
('102081',	'I Komang Komang Suprenata',	NULL,	NULL,	'2',	'2',	3,	'$2y$10$1Zbh.8zZgPrVYUw8bJ/68OeMJ/qq613E3KGW/N3ng4Hr9YcjF/2l.',	NULL,	NULL,	'2023-05-14 23:38:13',	'2023-05-14 23:38:13'),
('102090',	'Irma Susana',	NULL,	NULL,	'6',	'6',	3,	'$2y$10$7tRoLJ2TeRYkz7vM4p673.JVZ3P1pHHPQROubqwTLtko3RnfVTe16',	NULL,	NULL,	'2023-05-14 23:38:09',	'2023-05-14 23:38:09'),
('102153',	'Maman Yayat Rachyana',	NULL,	NULL,	'4',	'4',	3,	'$2y$10$kH29B43k6ODMDNPPJFz8VOhxyo0LCbIUH9AzaPsDl6tupPwa9vHfe',	NULL,	NULL,	'2023-05-14 23:38:09',	'2023-05-14 23:38:09'),
('102350',	'Evi Rosalina',	NULL,	NULL,	'4',	'4',	3,	'$2y$10$MONy85kyov5ihm6v.YMYCutAQ1YNDqcZHaGc2dvYv323YoQADPfLW',	NULL,	NULL,	'2023-05-14 23:38:15',	'2023-05-14 23:38:15'),
('102396',	'Ika Oktaviani',	NULL,	NULL,	'6',	'6',	3,	'$2y$10$LZzI9tQYllhRbAmcSds5aeAbXrjPvJz78hvDtg2/hyc/b/WURaYle',	NULL,	NULL,	'2023-05-14 23:37:26',	'2023-05-14 23:37:26'),
('102404',	'Cucu Sanusi',	NULL,	NULL,	'2',	'2',	3,	'$2y$10$7vOTSG0R0ImpfSvGqNZIQ.Pk51FPNIv5G2NoE/i2tlOfK4WGvqc/O',	NULL,	NULL,	'2023-05-14 23:37:26',	'2023-05-14 23:37:26'),
('102544',	'Ati Rohayati',	NULL,	NULL,	'4',	'4',	3,	'$2y$10$WsFco6AEv5Hg4apAi/sFDuhF1921hNfvA/8xJz/2EjAF.7UcRs.d.',	NULL,	NULL,	'2023-05-14 23:38:18',	'2023-05-14 23:38:18'),
('102560',	'Medi Manaf',	NULL,	NULL,	'5',	'5',	3,	'$2y$10$fWOD8li2dX.fkovR6ejChehRaA93WGTEqKlzBl8CDSJ1b9tKsEbzS',	NULL,	NULL,	'2023-05-14 23:38:19',	'2023-05-14 23:38:19'),
('102587',	'Dani Usman',	NULL,	NULL,	'2',	'2',	3,	'$2y$10$97EPwctF5LlzIRPtP2iZZe/JhcCb1manwwUvjLrPH4B5dNVkf03ey',	NULL,	NULL,	'2023-05-14 23:38:08',	'2023-05-14 23:38:08'),
('102588',	'Asep Nanang Wahidin',	NULL,	NULL,	'5',	'5',	3,	'$2y$10$I/jfd3vySlk.NebV/6CiveWPNpjFgoUnCrO95XzzoIm7FWjh2UY2O',	NULL,	NULL,	'2023-05-14 23:38:23',	'2023-05-14 23:38:23'),
('102590',	'Zainimar',	NULL,	NULL,	'4',	'4',	2,	'$2y$10$37cWlnM4Z1BiX.hYHRxRjOfO30HLVrGOiUXnTW3mLyZxxiKN5Gc5S',	NULL,	NULL,	'2023-05-14 23:37:58',	'2023-05-14 23:37:58'),
('102592',	'Yudi Saptaji',	NULL,	NULL,	'2',	'2',	3,	'$2y$10$Q/drYelt5F9jAKhL0QkAG.Aerw4VAJiPHBf/3z9vHtIikhGnFa0BC',	NULL,	NULL,	'2023-05-14 23:38:05',	'2023-05-14 23:38:05'),
('102595',	'Arif Rahman Hakim',	NULL,	NULL,	'2',	'2',	3,	'$2y$10$f4E3Yx/WO8lXfpg/CmnLWeG.THJjJAy2PLwBNE36b21nd9SuHCAey',	NULL,	NULL,	'2023-05-14 23:38:19',	'2023-05-14 23:38:19'),
('102603',	'Irma Fitriani Solihat',	NULL,	NULL,	'4',	'4',	3,	'$2y$10$i0hyhfG2eiuB7jsgbkql3eyRLvBrXZBZ6kUA31ukOy3x3e3RriRpa',	NULL,	NULL,	'2023-05-14 23:37:27',	'2023-05-14 23:37:27'),
('102618',	'Hamdani .',	NULL,	NULL,	'2',	'2',	3,	'$2y$10$KzM1PBr2W5p9mrCE0fTFkus8daikBHIJHhlqovcQQwFOmQ39GgvP.',	NULL,	NULL,	'2023-05-14 23:37:27',	'2023-05-14 23:37:27'),
('102648',	'Haryantoro',	NULL,	NULL,	'2',	'2',	3,	'$2y$10$VYmJjN1EeUz71e/ew2AoQOXI/XQgrcfFTCQflE5gj9IKwjPwTjHqS',	NULL,	NULL,	'2023-05-14 23:38:05',	'2023-05-14 23:38:05'),
('102663',	'Yuliana',	NULL,	NULL,	'6',	'6',	3,	'$2y$10$8VknKBxczHgU2QA.J4cSwe8pJKB3LaxZrC7mv6c3KzXyFoFmH/Zky',	NULL,	NULL,	'2023-05-14 23:38:24',	'2023-05-14 23:38:24'),
('102705',	'Erni Kurniawati',	NULL,	NULL,	'4',	'4',	3,	'$2y$10$0FBYH9SvNNnT59BDPantkupN2BuxsOBgwCV0DuaWR59I0av84waRC',	NULL,	NULL,	'2023-05-14 23:38:08',	'2023-05-14 23:38:08'),
('102723',	'Endang Umbarwati',	NULL,	NULL,	'2',	'2',	3,	'$2y$10$UjscOeF7SuykVP1wcGyVGu9FtJqx7Y.cXt7Mm9NPgeyA.g3vKQ2/i',	NULL,	NULL,	'2023-05-14 23:38:16',	'2023-05-14 23:38:16'),
('102730',	'Adhi Wibowo',	NULL,	NULL,	'6',	'6',	2,	'$2y$10$cA/ro.Cn3UWqqMvCCBRhPeI5SnGvcXWFgr0VxJilipzqLATlGB0H6',	NULL,	NULL,	'2023-05-14 23:38:22',	'2023-05-14 23:38:22'),
('102753',	'Aristian Hendy P',	NULL,	NULL,	'4',	'4',	3,	'$2y$10$t.j3J62OQyDI3OuAR9Azoe4VUSvMOq/UQSL.C94i5GH/C7gSMPUDi',	NULL,	NULL,	'2023-05-14 23:38:01',	'2023-05-14 23:38:01'),
('102814',	'Yudi Alip Alip Lesmana Tarigan',	NULL,	NULL,	'6',	'6',	3,	'$2y$10$gKsSFXZb87L.V1UKVLWVgOhk0Iv/RNjTz0fozh6WZhpNKJJBayogK',	NULL,	NULL,	'2023-05-14 23:38:23',	'2023-05-14 23:38:23'),
('102848',	'Deni Wahyudi Ns',	NULL,	NULL,	'2',	'2',	3,	'$2y$10$3ExIY.oRiCq6CqrI/Hn60OwIB40h3JuVbAuPeoT5PT6mo.rGWO.1u',	NULL,	NULL,	'2023-05-14 23:38:12',	'2023-05-14 23:38:12'),
('102872',	'Asep Dadi Mulyadi',	NULL,	NULL,	'2',	'2',	3,	'$2y$10$b5NqFqpwxcotiAcDdcGs4.dIk8gD8VOj3hIcN0ZU1iy9jmYjLC592',	NULL,	NULL,	'2023-05-14 23:38:13',	'2023-05-14 23:38:13'),
('102885',	'Ahmad Aminudin',	NULL,	NULL,	'2',	'2',	3,	'$2y$10$ttJMVzVzfE2NoSZJq9bBl.yMjfyLZAnkSwBdUeXvzBMXl.vLvLDIe',	NULL,	NULL,	'2023-05-14 23:38:01',	'2023-05-14 23:38:01'),
('102904',	'Sri Wardaya',	NULL,	NULL,	'2',	'2',	2,	'$2y$10$ZeH5YmSb25X5Cp3oWQ2OY.0CIdtL8U2rk5SkZWprgFZ5jgSdVxup2',	NULL,	NULL,	'2023-05-14 23:37:54',	'2023-05-14 23:37:54'),
('102921',	'Ilman Haliman',	NULL,	NULL,	'2',	'2',	3,	'$2y$10$Rtu/HPsV9ymVsjny7T/9au6s7d/owSqvyNgnTyNlM3sVWz2wiVYQy',	NULL,	NULL,	'2023-05-14 23:38:05',	'2023-05-14 23:38:05'),
('102962',	'Baran Jaelani',	NULL,	NULL,	'2',	'2',	3,	'$2y$10$G/fUUQf8rPP94hwnz0grmObUOxB63fpq4NpDAZt/T.dajgXac7oo2',	NULL,	NULL,	'2023-05-14 23:38:05',	'2023-05-14 23:38:05'),
('103047',	'Robby Hendar Martin',	NULL,	NULL,	'2',	'2',	3,	'$2y$10$Z4jTWH4FmcgOVzwVf3VBRucQ1zcY0Q633mY7J2kHPCWKvsppostm6',	NULL,	NULL,	'2023-05-14 23:38:15',	'2023-05-14 23:38:15'),
('103072',	'Deni Heryawan',	NULL,	NULL,	'2',	'2',	2,	'$2y$10$8NbhsXskTHz2QjmJ7PlnGeOQr1PDURs7ovaaPOCHQMBdv5qipcp0y',	NULL,	NULL,	'2023-05-14 23:37:55',	'2023-05-14 23:37:55'),
('103079',	'Muhammad Meki Munawar',	NULL,	NULL,	'2',	'2',	2,	'$2y$10$gX.zDuOGKu6LDt4kn3JWeOk95otk0M6gQ/Gh8zhm45npodqx34Pom',	NULL,	NULL,	'2023-05-14 23:37:53',	'2023-05-14 23:37:53'),
('103081',	'Bonifasius Sutardi Kristanto',	NULL,	NULL,	'2',	'2',	3,	'$2y$10$1s4qXRZXzZ.JtAHZmkGEHeK36Yl6kWcKnF7wP/9jxBiyodsYsspe6',	NULL,	NULL,	'2023-05-14 23:38:05',	'2023-05-14 23:38:05'),
('103082',	'Mulyadi',	NULL,	NULL,	'2',	'2',	3,	'$2y$10$Wu2DkTUcBKXlK.GGbhZ23uHrACk9K5nuo6C77tTmdQ0kuIYlT8.Je',	NULL,	NULL,	'2023-05-14 23:38:01',	'2023-05-14 23:38:01'),
('103118',	'S Pirman Nurdin',	NULL,	NULL,	'4',	'4',	3,	'$2y$10$CbtzEfjhtdPOg4NsN9fC5uwZH3cajn5osjFbQolhZicaNRXvXqPcG',	NULL,	NULL,	'2023-05-14 23:38:03',	'2023-05-14 23:38:03'),
('103126',	'Rames',	NULL,	NULL,	'6',	'6',	3,	'$2y$10$nlRtSSVUftzmHqHRmxUaduSN5KLn.y2jdDQDIlGTzCD5AEISc8nQG',	NULL,	NULL,	'2023-05-14 23:38:06',	'2023-05-14 23:38:06'),
('103129',	'Arri R. S.',	NULL,	NULL,	'5',	'5',	2,	'$2y$10$HFkOxR6OMhsxreChFnu8LuSXbtiNmNaKW2TM/x.cKl6.sC0syBkJW',	NULL,	NULL,	'2023-05-14 23:38:22',	'2023-05-14 23:38:22'),
('103130',	'Fathurrahman',	NULL,	NULL,	'2',	'2',	3,	'$2y$10$6ABONUfeXbExKRGIXZKGreL.RaRgFJN9dqA1GZO3lfPcowP8Eej0S',	NULL,	NULL,	'2023-05-14 23:38:05',	'2023-05-14 23:38:05'),
('103134',	'Dinda Puspita Sari',	NULL,	NULL,	'5',	'5',	3,	'$2y$10$htAwG41ixdcyCIOLXZyDzO58NCCq8JT2SMaeTqausNN6UkzBJW4o.',	NULL,	NULL,	'2023-05-14 23:38:26',	'2023-05-14 23:38:26'),
('103148',	'Arief Rahman',	NULL,	NULL,	'2',	'2',	3,	'$2y$10$P2C2YzHzWiZ/POQtiZ94huCP2273tjgs0w9nv1ruCXXrQk8i4onDy',	NULL,	NULL,	'2023-05-14 23:38:20',	'2023-05-14 23:38:20'),
('103154',	'Andrianto',	NULL,	NULL,	'2',	'2',	3,	'$2y$10$h70C7ia6eXKcfhY8nOHd/e6LYgu/WxQRRO/z8hqiqhkljLQWMWzMO',	NULL,	NULL,	'2023-05-14 23:38:08',	'2023-05-14 23:38:08'),
('103168',	'Indra Adiwardhana',	NULL,	NULL,	'2',	'2',	3,	'$2y$10$MiAOFGVFhI0iXbE.DdGpG.dqVoDpSXHnHXpvoTS73/EQ/QZeqtiLC',	NULL,	NULL,	'2023-05-14 23:38:03',	'2023-05-14 23:38:03'),
('103188',	'Nara',	NULL,	NULL,	'2',	'2',	3,	'$2y$10$p0yUsYkivyUkmcodSpuQbeGUub31DONiXGTquKs6KqdqjDbvYLXwC',	NULL,	NULL,	'2023-05-14 23:38:07',	'2023-05-14 23:38:07'),
('103191',	'Asep Hanapiah Sutisna',	NULL,	NULL,	'2',	'2',	3,	'$2y$10$aiCDJ.bvov74R9kcE.zAdO7LWoXavXbD.aQU3bGlVuF9RGHN0oiS6',	NULL,	NULL,	'2023-05-14 23:38:10',	'2023-05-14 23:38:10'),
('103202',	'Dede Supriatna',	NULL,	NULL,	'2',	'2',	3,	'$2y$10$2f6JyomgldBHcWYyy7OBjeEv8OdBz5p0blbftQiAURBeJ10mKg5yi',	NULL,	NULL,	'2023-05-14 23:38:06',	'2023-05-14 23:38:06'),
('103203',	'Rendi Haindaris',	NULL,	NULL,	'2',	'2',	3,	'$2y$10$3RXlXzCahfja6/qhy6J5WO0oYcNrKxSk5FWCcg.H2Oo/TLOMpDFbC',	NULL,	NULL,	'2023-05-14 23:38:15',	'2023-05-14 23:38:15'),
('103207',	'Sugendren',	NULL,	NULL,	'4',	'4',	3,	'$2y$10$rEfLu3gwtEow4.g4Nz8SXum49FQvakhHn2cpXIrFCihwJdvX2GwWG',	NULL,	NULL,	'2023-05-14 23:38:18',	'2023-05-14 23:38:18'),
('103209',	'Deden Kurnia',	NULL,	NULL,	'2',	'2',	3,	'$2y$10$AUnr.Ws6fZKBZvJhoDom3OH76rZjpV1G485g56mNu1LhjqpuV50GS',	NULL,	NULL,	'2023-05-14 23:38:13',	'2023-05-14 23:38:13'),
('103218',	'Reni Gustriani',	NULL,	NULL,	'2',	'2',	3,	'$2y$10$RQnu6mxN3pfEKXRIy8hDLuPxT/T1iODbmufEeCAPvjFRUSLJHOxpe',	NULL,	NULL,	'2023-05-14 23:38:10',	'2023-05-14 23:38:10'),
('103235',	'Dani Nadiryan',	NULL,	NULL,	'2',	'2',	3,	'$2y$10$c.SmSHOrRczPgneZEcRvG.aWMTEIi6wz6lOT4XMTrUOyC2vkhzfWa',	NULL,	NULL,	'2023-05-14 23:38:05',	'2023-05-14 23:38:05'),
('103247',	'Ahmad Sriwidodo',	NULL,	NULL,	'2',	'2',	3,	'$2y$10$/SICQr3m5Shs6.qYWn9npukaaF6PjJkVVvmZnSropbMz4o6DLqtbO',	NULL,	NULL,	'2023-05-14 23:38:08',	'2023-05-14 23:38:08'),
('103253',	'Ahmad Siregar',	NULL,	NULL,	'6',	'6',	3,	'$2y$10$0ktkaKUXm1Dbp.YKtSmG.OlKP2Jo/jqEjQuqVBc8XAgvrauyUT4PO',	NULL,	NULL,	'2023-05-14 23:38:25',	'2023-05-14 23:38:25'),
('103256',	'Riki Mulyawan',	NULL,	NULL,	'2',	'2',	3,	'$2y$10$EVNktdxhg4aYeL.m3CnZpurSU/gedw2HPGztYsTv9Q0uq6gFh3AxO',	NULL,	NULL,	'2023-05-14 23:38:15',	'2023-05-14 23:38:15'),
('103257',	'Ade Riyatno',	NULL,	NULL,	'2',	'2',	3,	'$2y$10$X1iUTL9o.37FiG7F/vwla.scoYTZmwKuey57m4YroLYSXy1jlMW..',	NULL,	NULL,	'2023-05-14 23:38:13',	'2023-05-14 23:38:13'),
('103268',	'Syauqi Waldi',	NULL,	NULL,	'2',	'2',	3,	'$2y$10$qqZZDNhXX1aGbIFiYzcMvuqoqRS1fhFZYKaNBixd4wV4kV6wu0RFi',	NULL,	NULL,	'2023-05-14 23:38:04',	'2023-05-14 23:38:04'),
('103272',	'Monalisa',	NULL,	NULL,	'2',	'2',	2,	'$2y$10$e//bCHGyrqBGi4qTeB9vm.MUmEyiDskmMj28KWyrdqfwNDyLyCIyS',	NULL,	NULL,	'2023-05-14 23:37:59',	'2023-05-14 23:37:59'),
('103275',	'Arif Setyono',	NULL,	NULL,	'2',	'2',	3,	'$2y$10$SncenUNhf/DxGtKNaGCJU.NHHOnCWOXAYIi1iyUzHpvBMCI43XRPy',	NULL,	NULL,	'2023-05-14 23:38:08',	'2023-05-14 23:38:08'),
('103282',	'Rafiq Wibowo',	NULL,	NULL,	'2',	'2',	2,	'$2y$10$iESa0BuVyX/JF3NSlG2jUucVT4XBrBeEyaRh1.VklNGzwvpe35GZy',	NULL,	NULL,	'2023-05-14 23:37:59',	'2023-05-14 23:37:59'),
('103298',	'Rully Hariadi',	NULL,	NULL,	'4',	'4',	3,	'$2y$10$MxC16dUtMFLLvZBJ.dxoqea3NoYXx/2hBuEpLxk76okMjlKQagYdm',	NULL,	NULL,	'2023-05-14 23:38:05',	'2023-05-14 23:38:05'),
('103299',	'Desri Susanto',	NULL,	NULL,	'2',	'2',	3,	'$2y$10$m51h9rxuyIzI2dVdHxuZd.FCPz9Fs4wabEsTwRdsBL3H5kw52cAle',	NULL,	NULL,	'2023-05-14 23:38:09',	'2023-05-14 23:38:09'),
('103302',	'Faisal Reza Al-kahfi',	NULL,	NULL,	'2',	'2',	3,	'$2y$10$SaGQFqHpjvEs2tEtazly5eq7DZoi4Vver/wBxs7RQBCubvEq617aG',	NULL,	NULL,	'2023-05-14 23:38:15',	'2023-05-14 23:38:15'),
('103304',	'Agung Ristianto',	NULL,	NULL,	'2',	'2',	2,	'$2y$10$7QuESGHJ2Y.FxzqJdCw7MeEDR3CFehTHyVEC6zLhLOSlufb/pd.fS',	NULL,	NULL,	'2023-05-14 23:37:56',	'2023-05-14 23:37:56'),
('103317',	'Galam',	NULL,	NULL,	'2',	'2',	2,	'$2y$10$gQ2WUzjRp9ChbXFxnJH64OhXrkZMa3Ydl0urnApPGSMMM4pvcG3z.',	NULL,	NULL,	'2023-05-14 23:37:59',	'2023-05-14 23:37:59'),
('103348',	'Budi Santoso',	NULL,	NULL,	'2',	'2',	3,	'$2y$10$WXMFMtVLCP4EnawP4gkq9O5XJgpOW3DwTm5JzNoibnYGR7DjHnVxe',	NULL,	NULL,	'2023-05-14 23:38:09',	'2023-05-14 23:38:09'),
('103357',	'Bubud  Budhiman Sumarna',	NULL,	NULL,	'2',	'2',	3,	'$2y$10$jH.ZWuVlXySO1DPhx3Y8ku1rnNmlyHDIowCVtID.vu0jzPvj5Amu6',	NULL,	NULL,	'2023-05-14 23:37:26',	'2023-05-14 23:37:26'),
('103386',	'Refhi Kusmayanti',	NULL,	NULL,	'6',	'6',	3,	'$2y$10$sQ1Paow8esyK.ijMou2oseXtZOR4cv73X55JMKUBHvEzzptoSzZP.',	NULL,	NULL,	'2023-05-14 23:38:25',	'2023-05-14 23:38:25'),
('103395',	'Iriani Yunilda',	NULL,	NULL,	'4',	'4',	3,	'$2y$10$rNiudu3QJDaoFW.okmNlK.g4NhXQCHoy/8ol23Lpy9cyBz26EHXnu',	NULL,	NULL,	'2023-05-14 23:37:27',	'2023-05-14 23:37:27'),
('103398',	'Hendra Gunawan',	NULL,	NULL,	'2',	'2',	3,	'$2y$10$xfAOfo5eXEJq/m4ZE0afJeAfcmFUSypReQb/Lkb.S20SvFjcyW2Vm',	NULL,	NULL,	'2023-05-14 23:38:02',	'2023-05-14 23:38:02'),
('103438',	'Dwiyanto Setiadi',	NULL,	NULL,	'2',	'2',	3,	'$2y$10$POJILwZGP5WRc0IV4S301eVjsZvVwnM2tIG1uCWPgOcQEUsY6pEcq',	NULL,	NULL,	'2023-05-14 23:38:08',	'2023-05-14 23:38:08'),
('103445',	'Reysa Eriani',	NULL,	NULL,	'2',	'2',	3,	'$2y$10$gfF5BaNEyop4CTOwEb6dR.79YBpKon25L7XQ6pw.8dludTl3o1fDO',	NULL,	NULL,	'2023-05-14 23:38:19',	'2023-05-14 23:38:19'),
('103456',	'Wiwin Suhada',	NULL,	NULL,	'5',	'5',	3,	'$2y$10$mTvwn2F.cRf81Xlw/nBqL.KO1TiyaOcnHimXvCGpq8pnmfKet6djO',	NULL,	NULL,	'2023-05-14 23:38:16',	'2023-05-14 23:38:16'),
('103461',	'Yulisna',	NULL,	NULL,	'5',	'5',	3,	'$2y$10$BGANiuKnBylC5z9a8qlKm.Xn7s5qxI9mrIgy0ULlGaTMSW8C9iR6G',	NULL,	NULL,	'2023-05-14 23:38:24',	'2023-05-14 23:38:24'),
('103466',	'Tuti Pudyastuti',	NULL,	NULL,	'6',	'6',	3,	'$2y$10$KKVtUYb6x7wy8S0tIEQMAOTAS8ZI2EpCH5lEgQlEl/VDekcXc.Ptu',	NULL,	NULL,	'2023-05-14 23:38:17',	'2023-05-14 23:38:17'),
('103489',	'Lia Rhomawanti',	NULL,	NULL,	'4',	'4',	3,	'$2y$10$MHcDGBqRCOySQRnyh6AoiuuzREVlA7XHdINAIdXy10s4priFtNV3.',	NULL,	NULL,	'2023-05-14 23:38:14',	'2023-05-14 23:38:14'),
('103506',	'Wida Marliany',	NULL,	NULL,	'5',	'5',	2,	'$2y$10$vxZjM8PhhxJplxRxcmrxCuQ2NF6IbNieLbpu0gqO1GFixj7NSPw7O',	NULL,	NULL,	'2023-05-14 23:38:22',	'2023-05-14 23:38:22'),
('103521',	'Joni Sartono',	NULL,	NULL,	'2',	'2',	2,	'$2y$10$edrrq0xir6c7msd4A8Vb4uGaNd0ivm/YvzI5sg7pYgPpECgswcKJe',	NULL,	NULL,	'2023-05-14 23:37:59',	'2023-05-14 23:37:59'),
('103528',	'Mohammad Azhar Al Ramadhan',	NULL,	NULL,	'6',	'6',	3,	'$2y$10$MvdhLDQ6XyUsH4otu49fEe2oYfvrmBWBU/uyWNQWefjyvik20TYRO',	NULL,	NULL,	'2023-05-14 23:38:23',	'2023-05-14 23:38:23'),
('103530',	'Dendi Setiawan',	NULL,	NULL,	'2',	'2',	3,	'$2y$10$BT.azyjGyEGgTC1XFjVcdeVXNfzVXhJgDTjlBIUn8Iyn24slgoNz.',	NULL,	NULL,	'2023-05-14 23:38:02',	'2023-05-14 23:38:02'),
('103531',	'Galih Nugraha',	NULL,	NULL,	'5',	'5',	2,	'$2y$10$SkOU0KnVZ37v1mhW3Hca6e1MRJkiEmtpzVAHlTdeDY/02FpIWsXbC',	NULL,	NULL,	'2023-05-14 23:37:56',	'2023-05-14 23:37:56'),
('103532',	'Yoga Pranata',	NULL,	NULL,	'2',	'2',	3,	'$2y$10$NijkH5NpQ5kmfbrjmpnojesnsKa2JphXGUeQDDOmOmgXfiqpMr/s.',	NULL,	NULL,	'2023-05-14 23:38:15',	'2023-05-14 23:38:15'),
('103533',	'Richardo Joshua Hamonangan Sibarani',	NULL,	NULL,	'2',	'2',	3,	'$2y$10$A4yzPz4ODxz/LUnbdAgM/ubd2r9OY8KcFaAPnY1OGwF6xGdrzmnCK',	NULL,	NULL,	'2023-05-14 23:38:08',	'2023-05-14 23:38:08'),
('103541',	'David Richardo',	NULL,	NULL,	'2',	'2',	3,	'$2y$10$E7gghUIZGz5Sy72SCv6JAei7akSpqqn6Geix77UwvCNDNh1WoVhhy',	NULL,	NULL,	'2023-05-14 23:38:18',	'2023-05-14 23:38:18'),
('103550',	'Asep Minhayul Arifin',	NULL,	NULL,	'2',	'2',	3,	'$2y$10$a5dBsZaFjKbKwOAI1RlVhO172N0mZPuXxfnVsKfxMasoAG6Yfvwxy',	NULL,	NULL,	'2023-05-14 23:38:14',	'2023-05-14 23:38:14'),
('103556',	'Indra Septiana',	NULL,	NULL,	'2',	'2',	3,	'$2y$10$AWLNW6b8KUFUK.JzQ8N/1eEZgr9DuonC/gazIYvLTqx8HHBtsRyVi',	NULL,	NULL,	'2023-05-14 23:38:20',	'2023-05-14 23:38:20'),
('103557',	'Tantan Lesmana',	NULL,	NULL,	'2',	'2',	3,	'$2y$10$Dk4W8TtLkmRamNRAmAz0ze4d1jjV29piwpfqjlNiAKMn5nem7o13i',	NULL,	NULL,	'2023-05-14 23:38:15',	'2023-05-14 23:38:15'),
('103558',	'M. Arif Hasanudin',	NULL,	NULL,	'2',	'2',	3,	'$2y$10$b05LZpjIAMCs.hlIQ.6YeusWvmMabq5/pXACdaNcmjK0aSqurSHEq',	NULL,	NULL,	'2023-05-14 23:38:04',	'2023-05-14 23:38:04'),
('103559',	'Zaenal Abubakar Siddik',	NULL,	NULL,	'2',	'2',	3,	'$2y$10$S2mTeZ1b9.82mWT.T6CRF.GVAWtgyzc06e5Byq7EguEZ/2V2WheIW',	NULL,	NULL,	'2023-05-14 23:37:25',	'2023-05-14 23:37:25'),
('103563',	'Budhi Heryadi',	NULL,	NULL,	'6',	'6',	3,	'$2y$10$eepjH0teC8n9JL/8JS2Wke709QUPOe7ClebQIULwZVhYio8TPtZ1a',	NULL,	NULL,	'2023-05-14 23:38:29',	'2023-05-14 23:38:29'),
('103566',	'Rezha Sandria Sandria Ariyadi Nugraha',	NULL,	NULL,	'2',	'2',	3,	'$2y$10$DX4tUd98WyR5SxBR5tmGC.HiGXpwA6Pd8MPWa6nju5PymwZdTNUcK',	NULL,	NULL,	'2023-05-14 23:38:06',	'2023-05-14 23:38:06'),
('103569',	'Rizky Nur Rachman',	NULL,	NULL,	'2',	'2',	3,	'$2y$10$JNvWQe2t/KiPCMmhCuflIeKLfLEHdSc/ZToemicASSJmqDvewiwTa',	NULL,	NULL,	'2023-05-14 23:38:00',	'2023-05-14 23:38:00'),
('103574',	'Waslim',	NULL,	NULL,	'4',	'4',	3,	'$2y$10$Xc9cB3YK6735u8gOo6rCGuebfm2QCe/H8y.69ASY3K27rPSQyYnuS',	NULL,	NULL,	'2023-05-14 23:38:19',	'2023-05-14 23:38:19'),
('103579',	'Ryan Febrianto Hidayat',	NULL,	NULL,	'2',	'2',	3,	'$2y$10$gpLDAZ8TCnj1osnOu9MdzOYrXSK9EsA5NxX/gVD2k7PicA5Iv6HBG',	NULL,	NULL,	'2023-05-14 23:38:06',	'2023-05-14 23:38:06'),
('103581',	'Muhammad Ath Thariq',	NULL,	NULL,	'2',	'2',	3,	'$2y$10$zatIzkCVx88.mF5PyoqK/.Uitrv9llPs2L5X0/INK4R4YMagyHDp.',	NULL,	NULL,	'2023-05-14 23:37:24',	'2023-05-14 23:37:24'),
('103585',	'Asril Marjohan',	NULL,	NULL,	'4',	'4',	3,	'$2y$10$QkdtNCfdwH.Q5LSAzljbC.ClkEDxN73BwEku/p8p2F1Apxtby7dT6',	NULL,	NULL,	'2023-05-14 23:38:08',	'2023-05-14 23:38:08'),
('103588',	'Dian Lestari',	NULL,	NULL,	'2',	'2',	3,	'$2y$10$OaUG/IKfv3hATg8.LKbP/.dMWK6p/rUZtGLwFgxZhE2lVKYGpuEhO',	NULL,	NULL,	'2023-05-14 23:37:25',	'2023-05-14 23:37:25'),
('103600',	'Asep Yoga Jaenudin',	NULL,	NULL,	'2',	'2',	3,	'$2y$10$FEe8JIz8bzedzGlofZHB8ufqOuZ9C.qdCvK415goNujI0OgVexrjG',	NULL,	NULL,	'2023-05-14 23:38:18',	'2023-05-14 23:38:18'),
('103614',	'Iqbal Aji Muhtar',	NULL,	NULL,	'2',	'2',	3,	'$2y$10$aDHe0zjF9WVbI9pWttXoUubnSX9tnEayWz92jyuCT1EFd87.3lgLG',	NULL,	NULL,	'2023-05-14 23:38:11',	'2023-05-14 23:38:11'),
('103615',	'Ilham',	NULL,	NULL,	'2',	'2',	3,	'$2y$10$k8Ca8SVGAbl9BuC9I/ryWONsI8PWzSH1BJlZ.kCi2swQDKiJ7UNs.',	NULL,	NULL,	'2023-05-14 23:38:16',	'2023-05-14 23:38:16'),
('103616',	'Muhammad Irvan Ghifari',	NULL,	NULL,	'2',	'2',	3,	'$2y$10$33p3Ukh.3Vqkx2us1Bahku1M4yZDcr6WdXkNpdWeEkVEKD7Kev/72',	NULL,	NULL,	'2023-05-14 23:38:00',	'2023-05-14 23:38:00'),
('103617',	'Anwar Nur Rohman',	NULL,	NULL,	'2',	'2',	3,	'$2y$10$uOHCEfE6FyLK.rtoF93W4Ou9zEBmiOP9KfHpOkbYo7bPxHOaEkV3C',	NULL,	NULL,	'2023-05-14 23:38:03',	'2023-05-14 23:38:03'),
('103618',	'Zaenal zaenal Arifin',	NULL,	NULL,	'2',	'2',	3,	'$2y$10$F9F/YskbCpfaChuCz2xb2.ZMsNzCW1YfmSTYLLeg78bG/EqSCGkBC',	NULL,	NULL,	'2023-05-14 23:38:05',	'2023-05-14 23:38:05'),
('103621',	'Sebastian Bach',	NULL,	NULL,	'2',	'2',	3,	'$2y$10$0I3/ozlKrlguk/Oj4JliduqxEyvP8knCnt6OFb8JiLWa2FSla65yO',	NULL,	NULL,	'2023-05-14 23:38:08',	'2023-05-14 23:38:08'),
('103637',	'M. Mustaqim',	NULL,	NULL,	'2',	'2',	3,	'$2y$10$Rz8lpXHyTOHQNYDctfATjOf3y56JYSgAHjGuDy7lpxIyqRdPxeae.',	NULL,	NULL,	'2023-05-14 23:38:07',	'2023-05-14 23:38:07'),
('103655',	'Ronal Meidy Suhendar',	NULL,	NULL,	'2',	'2',	3,	'$2y$10$nbHDzLZG3tXeh18X.6/HCOZ8q0GqCzC2HUiNyeTBJ.0RRwSsFk0ki',	NULL,	NULL,	'2023-05-14 23:38:07',	'2023-05-14 23:38:07'),
('103657',	'Muhammad Restu Rizaldy',	NULL,	NULL,	'2',	'2',	3,	'$2y$10$GBzzmPk1O3TK4lSM0J/At.Iz8wj8x9WS8UROkFyCkYigOH9jiBzMC',	NULL,	NULL,	'2023-05-14 23:38:00',	'2023-05-14 23:38:00'),
('103658',	'Adinda Apriani Iskandar',	NULL,	NULL,	'2',	'2',	3,	'$2y$10$0aIvfb8phv5zf2pfzvQbleK4oLdMyYqDMB8YTW2g5SdP8q3rwPK/u',	NULL,	NULL,	'2023-05-14 23:38:01',	'2023-05-14 23:38:01'),
('103659',	'Hasan Yusuf',	NULL,	NULL,	'2',	'2',	3,	'$2y$10$uRGrR7/wYQm/X0IB2u4ic.EybjAffQ/aDscJXSH27ekucEp9KR/vm',	NULL,	NULL,	'2023-05-14 23:38:04',	'2023-05-14 23:38:04'),
('103660',	'Muhamad Imanuddin',	NULL,	NULL,	'2',	'2',	3,	'$2y$10$DOaj3tS9vMXzPoNJ0Ux6AuZ9w.rHW2Rd4/4B5nPXE6xoTfLZAHkL2',	NULL,	NULL,	'2023-05-14 23:38:16',	'2023-05-14 23:38:16'),
('103662',	'Annisa Nur Amalina',	NULL,	NULL,	'4',	'4',	3,	'$2y$10$QQPpRBMP8gJtPrP4ZmOxgOXmr9a9cD58OpiGbAT9FXHazEMU72P36',	NULL,	NULL,	'2023-05-14 23:38:13',	'2023-05-14 23:38:13'),
('103663',	'Budiyanto',	NULL,	NULL,	'4',	'4',	3,	'$2y$10$LmB9hkxe31wKSqxdp9.0guMK.nh1cSDqCJSUvuWTzNgOebOzLkpWy',	NULL,	NULL,	'2023-05-14 23:38:14',	'2023-05-14 23:38:14'),
('103664',	'Ucok Stefanus Sinabutar',	NULL,	NULL,	'2',	'2',	3,	'$2y$10$lFXkv6selFwb6N2QWm5Lh.3YaRMq8U00FdcnBfNw251fEA5upyrei',	NULL,	NULL,	'2023-05-14 23:38:14',	'2023-05-14 23:38:14'),
('103665',	'Hendra Purnama',	NULL,	NULL,	'2',	'2',	3,	'$2y$10$zlP0eNrSitEhkEztKEW41ujtNslG/UZZEFwhn/911IiI0Hrm3OFw6',	NULL,	NULL,	'2023-05-14 23:38:13',	'2023-05-14 23:38:13'),
('103666',	'Agam Prakoso',	NULL,	NULL,	'2',	'2',	3,	'$2y$10$YIEB1UUIWJr0vGpxuRTyHuY2vpPyUyFlT10cZw3juKUMRfyn09uTG',	NULL,	NULL,	'2023-05-14 23:38:07',	'2023-05-14 23:38:07'),
('103667',	'Gugun Gunawan',	NULL,	NULL,	'2',	'2',	3,	'$2y$10$gCw0K4Kk4rFElPU5y4G2QONLdYoV5loo.03t5rtnmPH7/llX1aJ7O',	NULL,	NULL,	'2023-05-14 23:38:20',	'2023-05-14 23:38:20'),
('103668',	'Aldy Naufaldy Dharmawan',	NULL,	NULL,	'2',	'2',	3,	'$2y$10$xngp.NEqY.11cTpkh6u/1ufJcrruBuR/kSQj/cCwzY4Zj0CYOqFsa',	NULL,	NULL,	'2023-05-14 23:38:05',	'2023-05-14 23:38:05'),
('103669',	'Muhamad Mauzul Kahfi',	NULL,	NULL,	'2',	'2',	3,	'$2y$10$manrMMZAKhjwJZyK5YCQj.52nbhfhabCkOvFvWz5Nt8/s24TpU6ge',	NULL,	NULL,	'2023-05-14 23:38:02',	'2023-05-14 23:38:02'),
('103670',	'Daud Baehaqi',	NULL,	NULL,	'2',	'2',	3,	'$2y$10$sNyo9jbN.KPOgACJ7PtMxOi9qh9pLzPtNPkp20O6E1594qHRHi59.',	NULL,	NULL,	'2023-05-14 23:38:00',	'2023-05-14 23:38:00'),
('103676',	'Eldi Hermawan',	NULL,	NULL,	'2',	'2',	3,	'$2y$10$Ne4.GLhQl7rwnW0LwW6hS.Vaa/nquIYHCLBbjNesen291aKGzbX1K',	NULL,	NULL,	'2023-05-14 23:38:01',	'2023-05-14 23:38:01'),
('103677',	'Muftio Gani',	NULL,	NULL,	'2',	'2',	3,	'$2y$10$xWTWQGU4g8l/wv/AyjQuZ.BKEytobfnB7GF0nc6OQT5eDp1XyM2Ju',	NULL,	NULL,	'2023-05-14 23:37:25',	'2023-05-14 23:37:25'),
('103678',	'Rudi Setiawan',	NULL,	NULL,	'2',	'2',	3,	'$2y$10$rkhe.g7UGzF9hNkXU0ECBuXbM9bTdvBJt7xl36EjVG6741HJzCjie',	NULL,	NULL,	'2023-05-14 23:38:20',	'2023-05-14 23:38:20'),
('103679',	'Dian Sasongko',	NULL,	NULL,	'2',	'2',	3,	'$2y$10$y.1CpldxHjN6iWPUlqUJKOZSPpE9WoX/ORVHIuKUcQmLUW71WcmF2',	NULL,	NULL,	'2023-05-14 23:38:13',	'2023-05-14 23:38:13'),
('103680',	'Fahad Rifai',	NULL,	NULL,	'2',	'2',	3,	'$2y$10$n5pV382fK4Zb3Wp9mDX/sOVZolLDXvXWLCSkbJlIyVm/n61sEqKT6',	NULL,	NULL,	'2023-05-14 23:38:03',	'2023-05-14 23:38:03'),
('103681',	'Yayu Mulyani',	NULL,	NULL,	'5',	'5',	3,	'$2y$10$YZDGGLhX0PzDnHMP/BIYjOs4Ru/OAMDPfDRzKxFIIqRwNNhr6YG.q',	NULL,	NULL,	'2023-05-14 23:38:13',	'2023-05-14 23:38:13'),
('103682',	'Azis Ajimah',	NULL,	NULL,	'2',	'2',	3,	'$2y$10$J5KbAObZ12zepci0h5FpF.P44E.wF1/4Vy6XG0LjQfH4AWPbCYcha',	NULL,	NULL,	'2023-05-14 23:38:04',	'2023-05-14 23:38:04'),
('103683',	'Dwi Maulana',	NULL,	NULL,	'2',	'2',	3,	'$2y$10$vsFzsN3rL2HwZtgm5Z7mdulDCHx0SInXO9Y0tsxX3r7D3al8g6AB.',	NULL,	NULL,	'2023-05-14 23:38:08',	'2023-05-14 23:38:08'),
('103684',	'Rizki Muhamad Ramdhan',	NULL,	NULL,	'2',	'2',	3,	'$2y$10$6QGjUjPFhHOO/4af/4zOnuEOHqA54jsylyyGF6lr1EjWURwLy5rym',	NULL,	NULL,	'2023-05-14 23:38:03',	'2023-05-14 23:38:03'),
('103702',	'Dodik Hermawan',	NULL,	NULL,	'2',	'2',	3,	'$2y$10$LmHHC1aKmdkVmlNcDClTpuHjRhtwwSgihMve12pe.l00v.aiFo7C.',	NULL,	NULL,	'2023-05-14 23:37:27',	'2023-05-14 23:37:27'),
('103703',	'Reswanto .',	NULL,	NULL,	'2',	'2',	3,	'$2y$10$Jg0wugnNlHj.qWKP8opm3.NRBXv7KBVt.OsWR0apYlPbIUf/xNJxa',	NULL,	NULL,	'2023-05-14 23:37:27',	'2023-05-14 23:37:27'),
('103706',	'Muryono .',	NULL,	NULL,	'4',	'4',	3,	'$2y$10$CrHRI9WjU0R8ubWJ6EBI/eXwYZuVQggbRFoffS3szTOXkUxhUuwuy',	NULL,	NULL,	'2023-05-14 23:37:24',	'2023-05-14 23:37:24'),
('103708',	'Tohari Padli Hidayat',	NULL,	NULL,	'4',	'4',	3,	'$2y$10$k6Ghj8OPl.E1cTxg4NLeg.NqbWinqTyP7P44SgMdZ6NqMaJ2lSfsy',	NULL,	NULL,	'2023-05-14 23:38:03',	'2023-05-14 23:38:03'),
('103709',	'Ahmad Zaini Alwi',	NULL,	NULL,	'4',	'4',	3,	'$2y$10$p6UMWRlyPLUVHZd7tzcPXeojHPr/l108Rr2wBBcrmuIG1qhavi4kK',	NULL,	NULL,	'2023-05-14 23:38:04',	'2023-05-14 23:38:04'),
('103710',	'Rinna Octaviani',	NULL,	NULL,	'4',	'4',	3,	'$2y$10$RtFIBeohkWPStHiCdvqTEuBWRfABRaX2JEtJWGja5/uklLCYBvzPe',	NULL,	NULL,	'2023-05-14 23:37:26',	'2023-05-14 23:37:26'),
('103711',	'Arizalni Nurul Akbar',	NULL,	NULL,	'2',	'2',	3,	'$2y$10$gMXs/8XdiCgyt6KHyHXYIu82TnQBkyWbShmOGLcuR23.MBu3DRUsC',	NULL,	NULL,	'2023-05-14 23:37:27',	'2023-05-14 23:37:27'),
('121212',	'Priscillia Nainggolan',	NULL,	NULL,	'3',	'3',	3,	'$2y$10$VEhs5X5ZlzTVETVxm7WLnezOFvLk2p65Gwl2UPkJ2Xq/PV3VoIBIS',	NULL,	NULL,	'2023-05-14 23:38:20',	'2023-05-14 23:38:20'),
('190075',	'Indra Permana',	NULL,	NULL,	'2',	'2',	2,	'$2y$10$5iZBnzabGPBRfs7pN4mRnOfP6tQKuAb9F8K5PLD2zwPxQr3FHGsUq',	NULL,	NULL,	'2023-05-14 23:37:51',	'2023-05-14 23:37:51'),
('190093',	'Mulyadi',	NULL,	NULL,	'2',	'2',	2,	'$2y$10$QFSKOSM6TBJ77YXm8FQP0OGU5fzYDMlzdFcW.WYu3xPhMMZXLlKRK',	NULL,	NULL,	'2023-05-14 23:37:52',	'2023-05-14 23:37:52'),
('190095',	'Danny Utama Krysmayana',	NULL,	NULL,	'2',	'2',	2,	'$2y$10$myiTzkZvGT4KD6SWAkCw4uLXCI4hZdQ5DLWO95dNMlPUXn80ZPDEK',	NULL,	NULL,	'2023-05-14 23:37:58',	'2023-05-14 23:37:58'),
('190099',	'Dwi Yulianto',	NULL,	NULL,	'4',	'4',	2,	'$2y$10$/AWj/ocM0j53VL64LTVMouC8IUwB4YsWD4S36tXNFpdD7gGikhvFm',	NULL,	NULL,	'2023-05-14 23:38:22',	'2023-05-14 23:38:22'),
('190101',	'Sutaryah',	NULL,	NULL,	'4',	'4',	2,	'$2y$10$7PYTjIkxcVu7WeUd2SqxrOKUIcenflftX.W0.qiUv5JAdMFn7qRZG',	NULL,	NULL,	'2023-05-14 23:36:24',	'2023-05-14 23:36:24'),
('190102',	'Tine Ratnasuminar Widiawati',	NULL,	NULL,	'4',	'4',	2,	'$2y$10$XJgWK53AgHhPSRETcG86IeVGkbcOxGLr8lwe.CSXGTfmQvkqsU2NS',	NULL,	NULL,	'2023-05-14 23:37:30',	'2023-05-14 23:37:30'),
('190103',	'Rahmi Indriani',	NULL,	NULL,	'4',	'4',	2,	'$2y$10$MMnJmt/DHR4FxbjZBWKsyeF/so3BnQLp0IRRhmdHL/sC.Gx58oWYa',	NULL,	NULL,	'2023-05-14 23:37:59',	'2023-05-14 23:37:59'),
('190104',	'Karina Indah Dianti',	NULL,	NULL,	'4',	'4',	2,	'$2y$10$XhuhkfHNq6EpQr./j8wSdecLAOLUHBFq..cZFrDoroC/S5ImgCV0y',	NULL,	NULL,	'2023-05-14 23:37:52',	'2023-05-14 23:37:52'),
('190109',	'Abdul Haris Fitri',	NULL,	NULL,	'2',	'2',	2,	'$2y$10$EEIOo4Q8xWSeveJL./qljOfT3mCQzGOGOV9aGaPwKOguzievFhEqC',	NULL,	NULL,	'2023-05-14 23:37:55',	'2023-05-14 23:37:55'),
('190114',	'Budi Hermanto',	NULL,	NULL,	'4',	'4',	2,	'$2y$10$L0oufOxlhMxPXENZbOKh6Or4HxLlUhhBMfuR0t30oXsUw4I3HbXVW',	NULL,	NULL,	'2023-05-14 23:37:54',	'2023-05-14 23:37:54'),
('190117',	'Irsan Harnowo',	NULL,	NULL,	'2',	'2',	2,	'$2y$10$iBO7yl8G6ERmI2/.WbZiju11y1ZwcQY8p4AuoLkU0CCt7o4Lv4txu',	NULL,	NULL,	'2023-05-14 23:37:57',	'2023-05-14 23:37:57'),
('190118',	'Himawan',	NULL,	NULL,	'2',	'2',	3,	'$2y$10$vExOyACpu4LWtfrI1wnZ2OryUymj8Dd4pdZr7N1nTjc/4AjNrU0EW',	NULL,	NULL,	'2023-05-14 23:38:00',	'2023-05-14 23:38:00'),
('190122',	'I Gede Suartama',	NULL,	NULL,	'2',	'2',	2,	'$2y$10$AjIj1hbmF0NALXT0lUdNR..5v6n/bZEr0CZzsHR8lQZiX7DljPX3e',	NULL,	NULL,	'2023-05-14 23:37:55',	'2023-05-14 23:37:55'),
('190124',	'Panji Achlan Rasidi',	NULL,	NULL,	'2',	'2',	3,	'$2y$10$qucDQ/NCyy/9gXbLJHcPt.FGbGTNoVmPc4NvUeA5w2v.ZRz0M/C3e',	NULL,	NULL,	'2023-05-14 23:38:08',	'2023-05-14 23:38:08'),
('190125',	'Yunus Agus Nirmala',	NULL,	NULL,	'2',	'2',	3,	'$2y$10$lM.Shk9dxQUYChUI2pu5qeoGZP0H1K1A5P/vk92Ec/cbHgTqNs8ta',	NULL,	NULL,	'2023-05-14 23:38:01',	'2023-05-14 23:38:01'),
('190129',	'Deny Irawan S',	NULL,	NULL,	'2',	'2',	3,	'$2y$10$zeJRDTW.J.TLghEtH0HWBe/kztLQNupekmsMYQ9d3s89BqM14A5wu',	NULL,	NULL,	'2023-05-14 23:38:07',	'2023-05-14 23:38:07'),
('190130',	'Depi Fristian Rahman',	NULL,	NULL,	'4',	'4',	2,	'$2y$10$Ezwhn2e3STJ767hxG.yGauHgnxJBcKyOyeo4idWmUZaqEYRb2YjAi',	NULL,	NULL,	'2023-05-14 23:37:55',	'2023-05-14 23:37:55'),
('190131',	'Rudiyanto',	NULL,	NULL,	'2',	'2',	2,	'$2y$10$ouDb.TVsuZwox8eINm.AYuawQrt.qmdPwmlYKUtAnS0gVgQqhOUMe',	NULL,	NULL,	'2023-05-14 23:37:58',	'2023-05-14 23:37:58'),
('190132',	'Rachmat Santosa',	NULL,	NULL,	'4',	'4',	2,	'$2y$10$OS3NiQqMIvuFG9ezGzh1ruvLPKJlgbEJvQh2VRjJnsJTKNO5VHaEe',	NULL,	NULL,	'2023-05-14 23:37:53',	'2023-05-14 23:37:53'),
('190133',	'Abdul Rosyid',	NULL,	NULL,	'4',	'4',	2,	'$2y$10$fujl6EnCZl.VBYzkUNEst.DIFLVdJei2fljULyhmdOmFCtZpAU08y',	NULL,	NULL,	'2023-05-14 23:37:58',	'2023-05-14 23:37:58'),
('190134',	'Heru Wijaya Massosorang',	NULL,	NULL,	'2',	'2',	2,	'$2y$10$bJuUxuVs.T1.EInzbBPdn.vt4UbRAiIa4JgOEkivfTbnIuMkN.quq',	NULL,	NULL,	'2023-05-14 23:37:59',	'2023-05-14 23:37:59'),
('190135',	'Maman  Nurohman',	NULL,	NULL,	'2',	'2',	3,	'$2y$10$3XbW5vocHG/hOHKc63gfZuCRoTbll36qDeGpHJj0wVPeV/QPLw9wa',	NULL,	NULL,	'2023-05-14 23:37:27',	'2023-05-14 23:37:27'),
('190136',	'Ria Pahlefi',	NULL,	NULL,	'4',	'4',	2,	'$2y$10$CPeHG010hI56CXCoVC28cOJmCHtuTqt9GwUZjVF7eo0FcHHgxIcGS',	NULL,	NULL,	'2023-05-14 23:37:26',	'2023-05-14 23:37:26'),
('190137',	'Mario Rifkhi',	NULL,	NULL,	'2',	'2',	3,	'$2y$10$qfDXqVn7x2y.wZVrjtcCfOes56hY96O7UugwXrW9VCPv.sNop0Gum',	NULL,	NULL,	'2023-05-14 23:37:26',	'2023-05-14 23:37:26'),
('190138',	'Rizal Wahidin Nurman',	NULL,	NULL,	'4',	'4',	3,	'$2y$10$J0ExKsvAEvvSC9ClGD3RwOcogzkuvWNGfhwUV7zjovKK0gJ5gJ9t.',	NULL,	NULL,	'2023-05-14 23:37:27',	'2023-05-14 23:37:27'),
('200662',	'Sulaeman',	NULL,	NULL,	'2',	'2',	3,	'$2y$10$OWQL3Mdb2JHMqdbVj1xL2efiei4fbgdE1sMNJ.OyxbgDEv3grsQEG',	NULL,	NULL,	'2023-05-14 23:36:24',	'2023-05-14 23:36:24'),
('200700',	'Jaenal Asikin',	NULL,	NULL,	'2',	'2',	3,	'$2y$10$c1rD9pl12K.FnXtwL79nMeSdKHReukNBNBXZ51/kEoZfmM2GtCdhO',	NULL,	NULL,	'2023-05-14 23:36:30',	'2023-05-14 23:36:30'),
('200835',	'Muhamad Sarna',	NULL,	NULL,	'2',	'2',	3,	'$2y$10$muzQT.YifRkQyeYtTxFTvO/0/UOVpiK49kCYnq2d2JcCC7fVCGwje',	NULL,	NULL,	'2023-05-14 23:36:58',	'2023-05-14 23:36:58'),
('200850',	'Prastiyo Adi Apollo',	NULL,	NULL,	'4',	'4',	3,	'$2y$10$ayavwdCO8uYEkH2/ZQVcfugWK7vwzE5QZzvQZD7YKPxQloPpWwPUC',	NULL,	NULL,	'2023-05-14 23:37:19',	'2023-05-14 23:37:19'),
('200872',	'Yusi Ferika Rahayu',	NULL,	NULL,	'4',	'4',	3,	'$2y$10$8EYC4jsNZL65lIOxW/6A4OrIuX0PzZ0xXyh1uc50/r3wxVxRXFw9e',	NULL,	NULL,	'2023-05-14 23:36:25',	'2023-05-14 23:36:25'),
('200897',	'Sunardi .',	NULL,	NULL,	'6',	'6',	3,	'$2y$10$CKkOdtaoKmeZy2TyAwXd5uLtOTu/lMmuH8ZF75C3i9xmtV8HUHRUK',	NULL,	NULL,	'2023-05-14 23:36:31',	'2023-05-14 23:36:31'),
('200902',	'Encep',	NULL,	NULL,	'6',	'6',	3,	'$2y$10$LjKKOZi3./u92/cZOinYYeJZnY417p8FX.BfD1YvI6x.GPpAUTvV.',	NULL,	NULL,	'2023-05-14 23:37:00',	'2023-05-14 23:37:00'),
('200915',	'Rantiyo',	NULL,	NULL,	'2',	'2',	2,	'$2y$10$1mwTQ1N5.9t38stlqXHbAOjuMdcgaXSPfCETQLEFY2CBM21MPNXSu',	NULL,	NULL,	'2023-05-14 23:36:23',	'2023-05-14 23:36:23'),
('200930',	'Unang Syamsudin',	NULL,	NULL,	'2',	'2',	3,	'$2y$10$kra0EsRUjFPpHQ2D17zptO0pgzma/bRCTYHkBvP1rahTM213763N.',	NULL,	NULL,	'2023-05-14 23:36:30',	'2023-05-14 23:36:30'),
('201014',	'Asep Heri Iskandar',	NULL,	NULL,	'2',	'2',	2,	'$2y$10$5igDtetpNJeexh5VAycX/uLA19Yw20g.DNxnX5HocMJIAd4TKiWSy',	NULL,	NULL,	'2023-05-14 23:36:23',	'2023-05-14 23:36:23'),
('201095',	'Dasril Amri',	NULL,	NULL,	'5',	'5',	3,	'$2y$10$pKPC3QEOjnniOo5O5SK5oOyRCLk8pyyYOfxFneAjsIpCU2h3AE1sq',	NULL,	NULL,	'2023-05-14 23:37:18',	'2023-05-14 23:37:18'),
('201271',	'Endi Pebrendi',	NULL,	NULL,	'4',	'4',	3,	'$2y$10$kpF6w0DlNedmvz5gaUIjYOcYR7.nPVoFTV6ou0eaf2IsyGDEtXnZm',	NULL,	NULL,	'2023-05-14 23:37:21',	'2023-05-14 23:37:21'),
('201291',	'Komarudin',	NULL,	NULL,	'5',	'5',	3,	'$2y$10$17qujY4qIo240gJHb5AKNOkbdLEqW4ZThqsdWCyTLJHrECfCcDEpG',	NULL,	NULL,	'2023-05-14 23:37:21',	'2023-05-14 23:37:21'),
('201584',	'Zulfan Effendi',	NULL,	NULL,	'4',	'4',	3,	'$2y$10$zVekvQ6JzsoYpsXznCUdcupVnvECB4uzrzdw8zs6I0RTEdVPEFBi6',	NULL,	NULL,	'2023-05-14 23:37:23',	'2023-05-14 23:37:23'),
('201614',	'Rusdhiyansyah',	NULL,	NULL,	'5',	'5',	2,	'$2y$10$.gNd9ajnIWMLvuiMJNklVOwIfaDHuxwT7DmHriAKzjNnboE9o7ayq',	NULL,	NULL,	'2023-05-14 23:36:24',	'2023-05-14 23:36:24'),
('201782',	'Diah Pravita Sari Se',	NULL,	NULL,	'4',	'4',	3,	'$2y$10$4vgKVI6jXnJOdwUvRhp1B.gtguyf.UOFR6v.X4Yzt.1yjlqt5I1Pi',	NULL,	NULL,	'2023-05-14 23:37:18',	'2023-05-14 23:37:18'),
('202398',	'Krisvinayanti .',	NULL,	NULL,	'6',	'6',	3,	'$2y$10$yxacGWXktHWlWx8NmadjwuwwARcHckMu5iovNazJaJKsut2h7f1sa',	NULL,	NULL,	'2023-05-14 23:36:26',	'2023-05-14 23:36:26'),
('202419',	'Muhammad Taufik',	NULL,	NULL,	'4',	'4',	3,	'$2y$10$vO7UO4TMKRRe1./JgFGrQeidoNL.vXQ0IpnMwtal4vGRnjw9PbIou',	NULL,	NULL,	'2023-05-14 23:37:01',	'2023-05-14 23:37:01'),
('202601',	'Neneng Nurjanah',	NULL,	NULL,	'6',	'6',	3,	'$2y$10$Lwtz5Nd0IrVFRsO0F/Uo9OHcGFpkDk85hDcd7bZJEg80vxDTtC8oW',	NULL,	NULL,	'2023-05-14 23:36:26',	'2023-05-14 23:36:26'),
('203419',	'Sri Asih',	NULL,	NULL,	'4',	'4',	3,	'$2y$10$EUv2QrSBpePYQnVPk8gSpeyLolWxtT2CNEvXUsJEqjc3zTzrHqp0a',	NULL,	NULL,	'2023-05-14 23:37:18',	'2023-05-14 23:37:18'),
('203727',	'Samijo',	NULL,	NULL,	'2',	'2',	2,	'$2y$10$/7b8WRs2BRvG4m386fuLDeh2fkoBvHNvNjRjnVSioYQOxTW8y0TbW',	NULL,	NULL,	'2023-05-14 23:36:22',	'2023-05-14 23:36:22'),
('203823',	'M. Thahir Musriadi',	NULL,	NULL,	'2',	'2',	3,	'$2y$10$JisyIpRgIxz3RvAqQrRnue.LZ7gxA1V8KLYIqoDIK7/Ey58I2uoda',	NULL,	NULL,	'2023-05-14 23:36:25',	'2023-05-14 23:36:25'),
('204008',	'Ujang Hernawan',	NULL,	NULL,	'4',	'4',	3,	'$2y$10$4T3tYaPhnDCwy1aLjrZZJOT/Ir8pUgNowTBT75XZc2GOmkQJ6rj5K',	NULL,	NULL,	'2023-05-14 23:36:30',	'2023-05-14 23:36:30'),
('204130',	'Ari Susanti',	NULL,	NULL,	'2',	'2',	3,	'$2y$10$vtdFoThd0dE2pVybKTDJsugTwITihz.gkLZEqKekqeP3OrnEIbCT6',	NULL,	NULL,	'2023-05-14 23:36:57',	'2023-05-14 23:36:57'),
('204236',	'Suwarjono',	NULL,	NULL,	'6',	'6',	3,	'$2y$10$nHRWgNteBsX5452di8Vq/uMINiBf05bg.g1FP76.RPAixosPkWgNm',	NULL,	NULL,	'2023-05-14 23:37:02',	'2023-05-14 23:37:02'),
('204297',	'Agus Permana',	NULL,	NULL,	'2',	'2',	3,	'$2y$10$JBCCpkXCoRhlDeL5L8q6b.9DEFg1K.GBaQHBbIxvo6o1tQkFKgJkm',	NULL,	NULL,	'2023-05-14 23:36:25',	'2023-05-14 23:36:25'),
('204438',	'Maya Munandar',	NULL,	NULL,	'2',	'2',	3,	'$2y$10$geQppaz2FwpUgFa9M/mnje/mzAk9OcOP7sDBdJJ.PArnT7SiElcIe',	NULL,	NULL,	'2023-05-14 23:36:25',	'2023-05-14 23:36:25'),
('204574',	'Teguh Budi Harto',	NULL,	NULL,	'5',	'5',	3,	'$2y$10$UuerFE/2o8AqXRUODhL3i.M3/WJXTrs/TV5jHKi80tOrfNsGY.ySW',	NULL,	NULL,	'2023-05-14 23:37:19',	'2023-05-14 23:37:19'),
('210003',	'Herlangga Hardipraja',	NULL,	NULL,	'2',	'2',	3,	'$2y$10$/tHhojFSS1sbqQCAu7L5ZOOALdG6gr7Ate8nvTNV2xZ9pv26us8Dy',	NULL,	NULL,	'2023-05-14 23:38:07',	'2023-05-14 23:38:07'),
('210009',	'Dany Dwi Kusuma W',	NULL,	NULL,	'2',	'2',	2,	'$2y$10$XcnC9fA/k5VWA02/jCLlrOhBUaP2yaw3yP35UrIotb5v8WBNujlVK',	NULL,	NULL,	'2023-05-14 23:37:55',	'2023-05-14 23:37:55'),
('210010',	'Alkomar Kahoro',	NULL,	NULL,	'2',	'2',	3,	'$2y$10$EBcPwl7RjYkrXa5ZUk2hL.1.dBnqcsCn9pdhEU5nMesIOvGIT.deS',	NULL,	NULL,	'2023-05-14 23:38:03',	'2023-05-14 23:38:03'),
('210011',	'Suhendri',	NULL,	NULL,	'2',	'2',	3,	'$2y$10$NJqhP9Mli8NYlY6FKa3imuamh3ku4Ddy..MnPufHypNBNBUymQ90y',	NULL,	NULL,	'2023-05-14 23:38:04',	'2023-05-14 23:38:04'),
('210013',	'Sutarno',	NULL,	NULL,	'2',	'2',	3,	'$2y$10$svp/3MMUv0Qwv.T6xhQ6.Ox.ofm3tQ2Fj0pE3OGQAk0rhxRIrNfxe',	NULL,	NULL,	'2023-05-14 23:38:03',	'2023-05-14 23:38:03'),
('210018',	'Dwi Candra Kusuma',	NULL,	NULL,	'2',	'2',	3,	'$2y$10$ssKXpVLZcTyfQGkzSfvms.C3qyBFO/0MgHlc1l4H7Xt/eYMinZxLi',	NULL,	NULL,	'2023-05-14 23:38:07',	'2023-05-14 23:38:07'),
('210019',	'Jajang Firman',	NULL,	NULL,	'2',	'2',	3,	'$2y$10$tvajK8JasCYVSWgeMKu8p.Gbjz10/fdiilibDlCwU6jKhVIcoAz6W',	NULL,	NULL,	'2023-05-14 23:38:03',	'2023-05-14 23:38:03'),
('210021',	'Much Arif Fitriyanto',	NULL,	NULL,	'2',	'2',	3,	'$2y$10$2K8/sAS7bxZVkI2nk3Utw.JIktLGrlF.09adenhHBN2c4m1uZXmvu',	NULL,	NULL,	'2023-05-14 23:38:05',	'2023-05-14 23:38:05'),
('210025',	'Suyono',	NULL,	NULL,	'2',	'2',	3,	'$2y$10$Md4iu8llimxMdlgNRrWH5.wqTjoYxEsaqP4JOyKqQecxBySuKyeny',	NULL,	NULL,	'2023-05-14 23:38:06',	'2023-05-14 23:38:06'),
('210026',	'Lely Nusi',	NULL,	NULL,	'4',	'4',	3,	'$2y$10$gHUOYJHa5arpTqOMXSA.But7CPZB5VLDeKeeKS0z7WAqIiXR2PNby',	NULL,	NULL,	'2023-05-14 23:38:07',	'2023-05-14 23:38:07'),
('210028',	'Asep Sukria',	NULL,	NULL,	'2',	'2',	3,	'$2y$10$hVov8MEHncsknbasx9jJ2ObgZFtM2SWap0IBWIwmKZlKXxe1dgNKS',	NULL,	NULL,	'2023-05-14 23:38:06',	'2023-05-14 23:38:06'),
('210029',	'Tabah Santoso',	NULL,	NULL,	'2',	'2',	3,	'$2y$10$Q5pYzQb5nu/5ObJCTxGdi.mZhl7AEQcGytjHOKmkkCE3IACIQC5YG',	NULL,	NULL,	'2023-05-14 23:38:13',	'2023-05-14 23:38:13'),
('210031',	'Asep Saepulloh',	NULL,	NULL,	'6',	'6',	3,	'$2y$10$JilwiMo/LST1P89aFjtbbOLqkyMrvTd0qjY2AX/XcWyNKELAMgzTq',	NULL,	NULL,	'2023-05-14 23:38:16',	'2023-05-14 23:38:16'),
('210032',	'Nia Hendayani',	NULL,	NULL,	'4',	'4',	3,	'$2y$10$fI6C76mZQq/YzNbCSD1nvO5UPUdGTaYmalAIchrXMgd3.6kQNP7MO',	NULL,	NULL,	'2023-05-14 23:38:17',	'2023-05-14 23:38:17'),
('210033',	'Suharyadi',	NULL,	NULL,	'2',	'2',	3,	'$2y$10$5/ZXSNmjNu6X.BBKG2evNuiI6moyFDxQEEp/5LNOSEpaPk.i0UGvS',	NULL,	NULL,	'2023-05-14 23:38:00',	'2023-05-14 23:38:00'),
('210119',	'Supsidin',	NULL,	NULL,	'2',	'2',	3,	'$2y$10$N7/EhBX1c9gYSnvglA3cKOk3QYMNUwqcDOtnBBTAqM3ExrTG1eyT2',	NULL,	NULL,	'2023-05-14 23:38:06',	'2023-05-14 23:38:06'),
('210122',	'Mia Maela Fatimah',	NULL,	NULL,	'6',	'6',	3,	'$2y$10$13lbZIcc27mplGyBtKQYheYlkTsY3anUeUp1ZJhfYCHCo1jHA02IS',	NULL,	NULL,	'2023-05-14 23:38:16',	'2023-05-14 23:38:16'),
('210123',	'Yayan Sofyan',	NULL,	NULL,	'2',	'2',	2,	'$2y$10$wYrp5AXUUgCrJjfA2cyB5OokVbAqOOTt2P1M2FfysHN92woGVvHZa',	NULL,	NULL,	'2023-05-14 23:37:55',	'2023-05-14 23:37:55'),
('210141',	'R. Heru Atmanta',	NULL,	NULL,	'2',	'2',	3,	'$2y$10$XE7hnkJCG0.ZDFDOj/NxtexnPvyvwT6d59mu8soMBzWy7bSlcjceu',	NULL,	NULL,	'2023-05-14 23:38:04',	'2023-05-14 23:38:04'),
('210149',	'Ajat Sudrajat',	NULL,	NULL,	'2',	'2',	3,	'$2y$10$J6m1OYXgpeq1NrolY/ehi.UcMQ5ddU/bvtWj15v1Bsvut1FgcbXaC',	NULL,	NULL,	'2023-05-14 23:38:06',	'2023-05-14 23:38:06'),
('210151',	'Muhammad Indra',	NULL,	NULL,	'2',	'2',	2,	'$2y$10$8cX0IgGKcKCgjknuTPcU6.OHJXUstMrGidMDyIOCBCQD0BQU44r.q',	NULL,	NULL,	'2023-05-14 23:37:56',	'2023-05-14 23:37:56'),
('210152',	'Asep Nurjaman',	NULL,	NULL,	'2',	'2',	3,	'$2y$10$VJLaGImd8ujtvvcV9kcJd.p8SS8.UkwBgQ8LKLeZOCyCGjuvTRCda',	NULL,	NULL,	'2023-05-14 23:38:05',	'2023-05-14 23:38:05'),
('210175',	'Syamsudin',	NULL,	NULL,	'4',	'4',	3,	'$2y$10$OiMu3ZtARBcFRbEC8KT2QOpV/PZZnFyAt2Ut7p32eQdYVu/iNutOK',	NULL,	NULL,	'2023-05-14 23:38:19',	'2023-05-14 23:38:19'),
('210180',	'Supadmono',	NULL,	NULL,	'2',	'2',	3,	'$2y$10$ZIo5.bwAD3B9v81F5sEUvuR3A82JupmmyGPDXnKWPq6uVWJlPZGBW',	NULL,	NULL,	'2023-05-14 23:37:59',	'2023-05-14 23:37:59'),
('210191',	'Yevie Minahraharja',	NULL,	NULL,	'2',	'2',	3,	'$2y$10$kItsymzMaE6GmKKXtzwuAuwqFXu/fdnVr4l9KXxcgq1cWPUsIGEYG',	NULL,	NULL,	'2023-05-14 23:38:15',	'2023-05-14 23:38:15'),
('210200',	'Usman',	NULL,	NULL,	'4',	'4',	3,	'$2y$10$.s7TrmjrwC/eez3Ct8KZcugMAzoQf7BTxqqRo/7euDiEC4PS1XIR6',	NULL,	NULL,	'2023-05-14 23:38:18',	'2023-05-14 23:38:18'),
('210202',	'Akhmad Heriansyah',	NULL,	NULL,	'2',	'2',	3,	'$2y$10$wgL/DHntX6vhFZjjvHmlV.i.tdRd3epI5ts.4qc4o0sQQtL2cUWHW',	NULL,	NULL,	'2023-05-14 23:38:01',	'2023-05-14 23:38:01'),
('210210',	'Sonny Yuliantoro',	NULL,	NULL,	'2',	'2',	3,	'$2y$10$RFKlH3wY8uG5zm0Z5g2oiuxaSd8ZCEgPKF.X6L7JhxfWaQ6Rv32Wq',	NULL,	NULL,	'2023-05-14 23:38:00',	'2023-05-14 23:38:00'),
('210215',	'Dian Ardiansyah',	NULL,	NULL,	'2',	'2',	2,	'$2y$10$UyGo.D.3ymheZbVEUaLeiuHPFsSCr6u1U/yWn7RBYvjQKwJvkHhHG',	NULL,	NULL,	'2023-05-14 23:37:56',	'2023-05-14 23:37:56'),
('210246',	'Muhamad Ihsan',	NULL,	NULL,	'2',	'2',	2,	'$2y$10$34XytkVFMj/WIsKCRq0d4.ym2cAV2StARHVp4DosxJ1HfR0YJrLe6',	NULL,	NULL,	'2023-05-14 23:37:55',	'2023-05-14 23:37:55'),
('210251',	'Yayat Rachmawaty',	NULL,	NULL,	'4',	'4',	3,	'$2y$10$BOk5eb5X/ebVUW5R/UrfmeXkeEXCZPjGWphmWe0Hl/I/GsjR2ZftK',	NULL,	NULL,	'2023-05-14 23:38:17',	'2023-05-14 23:38:17'),
('210291',	'Lili Syamsul Huda',	NULL,	NULL,	'4',	'4',	3,	'$2y$10$MAoKgvPlPcnnMx21b.r5s..TD2u17GcV5YcayS9G8VTYmgfoLQLim',	NULL,	NULL,	'2023-05-14 23:38:15',	'2023-05-14 23:38:15'),
('210293',	'Vero Paskah Hatuahon',	NULL,	NULL,	'4',	'4',	3,	'$2y$10$X7V/S5URUlsyhyhMwDmpLO.hrv/atvi6DUHlIW8SC6fznrYCE9h7q',	NULL,	NULL,	'2023-05-14 23:38:03',	'2023-05-14 23:38:03'),
('210300',	'Lucky Slamet Riyadi',	NULL,	NULL,	'2',	'2',	3,	'$2y$10$86BNhzyYtrZT1MlhyXeRS.srCFkDRp2MdtaJmFh6lIPZyDSPXH07i',	NULL,	NULL,	'2023-05-14 23:38:15',	'2023-05-14 23:38:15'),
('210301',	'Yuri Kamay',	NULL,	NULL,	'2',	'2',	3,	'$2y$10$ziRS/F5OwYv.Ur8UbbMugOFStbPQ2AK3iPjobtJBKC/1YZJ9f.F.G',	NULL,	NULL,	'2023-05-14 23:38:01',	'2023-05-14 23:38:01'),
('210302',	'Rahmat',	NULL,	NULL,	'2',	'2',	3,	'$2y$10$BqF3Qkd5eX56HRrwmKa5puxB8jZNv1OSy5gi7WdOl7muMVpLEbjqW',	NULL,	NULL,	'2023-05-14 23:38:05',	'2023-05-14 23:38:05'),
('210332',	'Anggie Rhizky Perdana',	NULL,	NULL,	'2',	'2',	3,	'$2y$10$aD2/o11p1bCYl2b.D6xwjOxQ59CG/8IRn9zDI04JAUl1OQMK/BYe6',	NULL,	NULL,	'2023-05-14 23:38:19',	'2023-05-14 23:38:19'),
('210374',	'Sumadi',	NULL,	NULL,	'2',	'2',	2,	'$2y$10$jLBOmXjNoQsFe.6uJ5oJdODTQ/w2gGB9t79fcAir2ZbRnZp8Ulc7y',	NULL,	NULL,	'2023-05-14 23:37:56',	'2023-05-14 23:37:56'),
('210380',	'Tedi Samsudin',	NULL,	NULL,	'4',	'4',	2,	'$2y$10$Re3u3DQ7G.EyE6duC7zrCeMS.sy9t5OKlgT/UUV871yGH/.kgqVp.',	NULL,	NULL,	'2023-05-14 23:37:55',	'2023-05-14 23:37:55'),
('210445',	'Rinaldi Susanto',	NULL,	NULL,	'2',	'2',	2,	'$2y$10$mCse4OzRYxaT6tftMViIlukpZt6UO/AdWKkz9NvqLrZTG/M/2TlNa',	NULL,	NULL,	'2023-05-14 23:37:58',	'2023-05-14 23:37:58'),
('210451',	'Agus Mohamad Darda',	NULL,	NULL,	'2',	'2',	2,	'$2y$10$MqasQ2HzrFe5uCyc6TjpN.F8Wshdh7tOQ2chaRH4yfCNLXRH6MvUm',	NULL,	NULL,	'2023-05-14 23:37:58',	'2023-05-14 23:37:58'),
('210473',	'Irwan Kurniawan',	NULL,	NULL,	'2',	'2',	3,	'$2y$10$MPuHatpJT1C1jk0TkOsdvu5Gm83sDe43n4NNuXhXwEhroDnsygn76',	NULL,	NULL,	'2023-05-14 23:38:08',	'2023-05-14 23:38:08'),
('210474',	'Ahmad Mahmudin',	NULL,	NULL,	'2',	'2',	2,	'$2y$10$ppFnErcua8dz/CZpQrNK2OkJQGRtRW8BQT/ibVBgY//.mZnNOKgri',	NULL,	NULL,	'2023-05-14 23:37:59',	'2023-05-14 23:37:59'),
('210475',	'Taufik',	NULL,	NULL,	'4',	'4',	3,	'$2y$10$RgNmIm4ilHtb9qI6xDObl.4JXLrCjDpYDdVEQtilMo1rkiKYeIMl2',	NULL,	NULL,	'2023-05-14 23:38:10',	'2023-05-14 23:38:10'),
('210551',	'Sony Asmoro Hadiyanto',	NULL,	NULL,	'2',	'2',	3,	'$2y$10$I.Ue1d55S6CWnoWx/7sz.OnZiBWlpkkeUST4LmWIqWOXKYEFPKHxm',	NULL,	NULL,	'2023-05-14 23:38:07',	'2023-05-14 23:38:07'),
('210557',	'Muhamad  Masluri',	NULL,	NULL,	'2',	'2',	3,	'$2y$10$9KphpUbdg1U0ZB2KaBaCgOnUHLwqimYlvLUro/1JUVIBpq6cyp46K',	NULL,	NULL,	'2023-05-14 23:38:14',	'2023-05-14 23:38:14'),
('210571',	'Riski  Ramadhan Husen',	NULL,	NULL,	'3',	'3',	3,	'$2y$10$duVkMMFcdq8iLd0fmXGAFO./BPWsqUh1/F8W6EM7o8Uju4sU.79Za',	NULL,	NULL,	'2023-05-14 23:38:13',	'2023-05-14 23:38:13'),
('210578',	'Wahyudin',	NULL,	NULL,	'2',	'2',	3,	'$2y$10$GFWUNH7dQvXBQLvoHI/Bpe2ZhCT4FgfWq1ljzoxVGM2tDmsoHMmee',	NULL,	NULL,	'2023-05-14 23:38:01',	'2023-05-14 23:38:01'),
('210623',	'Gayuh Bumi Harsiji',	NULL,	NULL,	'4',	'4',	3,	'$2y$10$6T/XaazFhUS324/GE8QT9OHy6zP3LB632XrUyeuIvCFQWGTil3LHG',	NULL,	NULL,	'2023-05-14 23:38:10',	'2023-05-14 23:38:10'),
('210627',	'Mulyana',	NULL,	NULL,	'2',	'2',	3,	'$2y$10$q4.3QpcEhsWRkUbG2aeOT.65./YKL9FTyP/Mf/i.FdVlAdjwAM6ue',	NULL,	NULL,	'2023-05-14 23:38:04',	'2023-05-14 23:38:04'),
('210648',	'Hardian .',	NULL,	NULL,	'3',	'3',	3,	'$2y$10$mFnwxu1GAXetIDgi6hxuSueS9CdaZiKf2IVl30Hj8qq6fhrh1fJfm',	NULL,	NULL,	'2023-05-14 23:38:09',	'2023-05-14 23:38:09'),
('210661',	'Eka Permana Azis',	NULL,	NULL,	'2',	'2',	3,	'$2y$10$4.Cgn5/jBefArhsAMHbqGeOJSXJYznX3cdCkr.8f61qIUVssdik4q',	NULL,	NULL,	'2023-05-14 23:38:06',	'2023-05-14 23:38:06'),
('210662',	'Ridwan Firmansyah',	NULL,	NULL,	'2',	'2',	3,	'$2y$10$AltdvkL6xScSaY7.TzusDOyfYEUoTupqgjbDwvOrgy.0wiqJamq.2',	NULL,	NULL,	'2023-05-14 23:38:17',	'2023-05-14 23:38:17'),
('210675',	'Sukariyono',	NULL,	NULL,	'4',	'4',	2,	'$2y$10$B6s/oJkDbudsJXBYfFzlbe1XiGyxWVWHogpR8fMz69JOkbw28CiMW',	NULL,	NULL,	'2023-05-14 23:37:54',	'2023-05-14 23:37:54'),
('210684',	'Apen Supendi',	NULL,	NULL,	'2',	'2',	3,	'$2y$10$JG2V76rxYNFt/djWT9Tvfunoukw3s5TAfB6X61LA1zQ2SGXH5U6H2',	NULL,	NULL,	'2023-05-14 23:38:06',	'2023-05-14 23:38:06'),
('210695',	'Joniko Irmadhana',	NULL,	NULL,	'2',	'2',	3,	'$2y$10$KJSl.A7XigWP6jhSsfiNneZQQamvRKaXhOp5wf8ezsKkZvAg3.YRW',	NULL,	NULL,	'2023-05-14 23:38:14',	'2023-05-14 23:38:14'),
('210696',	'Safri',	NULL,	NULL,	'2',	'2',	3,	'$2y$10$zvOqRb/5A2vHd101GcbYLumwIRoWjqza15FywRFm.L/VYKmjmCJ4e',	NULL,	NULL,	'2023-05-14 23:38:17',	'2023-05-14 23:38:17'),
('210702',	'Henry Setiawan',	NULL,	NULL,	'2',	'2',	3,	'$2y$10$mghXb.Lne2TaUl67b33mSOnMOOI5.u/ETbXtr./xzJWTbsnyjhUGu',	NULL,	NULL,	'2023-05-14 23:38:04',	'2023-05-14 23:38:04'),
('210714',	'Sri Wibowo',	NULL,	NULL,	'4',	'4',	3,	'$2y$10$/Kv9FGnYELLr8HypTQZ56eR.KmIOQM2p5DL.wYUI2GEMfE99MwbjK',	NULL,	NULL,	'2023-05-14 23:38:10',	'2023-05-14 23:38:10'),
('210730',	'Fahmi Taufik Rahman',	NULL,	NULL,	'2',	'2',	3,	'$2y$10$CRoD48Q32Y31OVapukwduuxoWy0UDigCNp/PoJXyBJNstGC7NR6yy',	NULL,	NULL,	'2023-05-14 23:38:00',	'2023-05-14 23:38:00'),
('210746',	'Kiki Mulyawan',	NULL,	NULL,	'2',	'2',	3,	'$2y$10$LNtkpvJkHl2oRwnf4ohxaOFVoEbifMkLnJMOVW5qvsdfJhOXyAknS',	NULL,	NULL,	'2023-05-14 23:38:16',	'2023-05-14 23:38:16'),
('210753',	'Bambang Sigit',	NULL,	NULL,	'2',	'2',	3,	'$2y$10$urJ7PaY33v.xYC1t9k6xLOPWiANELTd3JKl0YOjL4UbI32L83tBAe',	NULL,	NULL,	'2023-05-14 23:38:00',	'2023-05-14 23:38:00'),
('210755',	'Taufik Ismail Ar',	NULL,	NULL,	'2',	'2',	3,	'$2y$10$wI9afswbmQffVoVqXtZXnOWvbnDOmtDXASwlO55wWHN6TAZ.MVgbi',	NULL,	NULL,	'2023-05-14 23:38:17',	'2023-05-14 23:38:17'),
('210759',	'Lingga Bayu Dirgantara',	NULL,	NULL,	'2',	'2',	3,	'$2y$10$x.XTu97I.0cioyEsqlEtSu9IjVMgY6MJ5q1og/ZDisp6.O0nTmISe',	NULL,	NULL,	'2023-05-14 23:38:08',	'2023-05-14 23:38:08'),
('210761',	'Dinar Adi Pratama',	NULL,	NULL,	'2',	'2',	3,	'$2y$10$G.CLxrAC.d1DmbVkG57DyuNiSFPIvNj.54dEWAxTDmzAKxGWMCPB6',	NULL,	NULL,	'2023-05-14 23:38:13',	'2023-05-14 23:38:13'),
('210763',	'Fastiko Habson',	NULL,	NULL,	'2',	'2',	2,	'$2y$10$q1zL1eNvORgJzpLFT9sAiezXq7K2AGQeHHmneDL.GkEdmDJUa2dcC',	NULL,	NULL,	'2023-05-14 23:37:58',	'2023-05-14 23:37:58'),
('210769',	'Andini Dwisurya Utami',	NULL,	NULL,	'2',	'2',	3,	'$2y$10$ovpto.4RljwUkWbLbrKVgOWmfiaj1/Q3uT7TiYSIJp758A3i2dooi',	NULL,	NULL,	'2023-05-14 23:38:17',	'2023-05-14 23:38:17'),
('210771',	'Yoga Amundiasmo',	NULL,	NULL,	'2',	'2',	3,	'$2y$10$yPChnqeKR.aJVr4FU1eB8uY.TbSx7yuXTYhLKqRUFcujZxdDS4q4e',	NULL,	NULL,	'2023-05-14 23:38:01',	'2023-05-14 23:38:01'),
('210775',	'Mohammad Ali Imron',	NULL,	NULL,	'2',	'2',	3,	'$2y$10$ORL6d562oYklz6Hgl8/va.i5O8DCX7F8NcGRhDAWuPlHLaBIkLHlC',	NULL,	NULL,	'2023-05-14 23:38:00',	'2023-05-14 23:38:00'),
('210776',	'Rindarti',	NULL,	NULL,	'2',	'2',	3,	'$2y$10$7C74VsR5dwxnqhFLN7gFvus6vw/zHF.sTEnbWMdt3TQjATOaXBl6a',	NULL,	NULL,	'2023-05-14 23:38:15',	'2023-05-14 23:38:15'),
('210778',	'Zakky',	NULL,	NULL,	'6',	'6',	3,	'$2y$10$TNlZDXvB0NtFkaLBlCr8Budi/EoOBpbDaaOStj9ZlTVcEHLhhU1RW',	NULL,	NULL,	'2023-05-14 23:38:04',	'2023-05-14 23:38:04'),
('210782',	'Lukman Nulhakim',	NULL,	NULL,	'2',	'2',	3,	'$2y$10$cl/gln6J/zMddNwXKNudZu3srcC10ue9cQ8Jj2xxsLyd5/voXd/La',	NULL,	NULL,	'2023-05-14 23:38:00',	'2023-05-14 23:38:00'),
('210783',	'Dani Rinjani',	NULL,	NULL,	'4',	'4',	3,	'$2y$10$IuIATVq7X5MnxUwPJJ7F4Oc5XgZ1JFK5/SI67AjOg.L28VV3RGq6u',	NULL,	NULL,	'2023-05-14 23:38:16',	'2023-05-14 23:38:16'),
('210794',	'Frydo Jatnika',	NULL,	NULL,	'2',	'2',	3,	'$2y$10$7zHd3kMKcTS.AjLNJJFa.Oi7vDL.hvRIkwCMnTn74oTOCchVAHGYG',	NULL,	NULL,	'2023-05-14 23:38:13',	'2023-05-14 23:38:13'),
('210799',	'Nopiadi',	NULL,	NULL,	'2',	'2',	3,	'$2y$10$OJ8FuqTwNY2sZvUstsOuDu7VHjtbEc.PxnDZfloHVPAJCNc8wvcoi',	NULL,	NULL,	'2023-05-14 23:38:17',	'2023-05-14 23:38:17'),
('210815',	'Anan Babu',	NULL,	NULL,	'2',	'2',	3,	'$2y$10$1/Zng4NMuqZ.FVLjxFI/PuuQvJctq8jrWUmaXhOQyXbxdUSjEKhom',	NULL,	NULL,	'2023-05-14 23:38:01',	'2023-05-14 23:38:01'),
('210816',	'Bambang Edi Budianto',	NULL,	NULL,	'2',	'2',	3,	'$2y$10$e7118Kr8lTE2uD2Vizk1CeUPdWWdRqgHJXdWWxpEMmSNyV/d8IRrm',	NULL,	NULL,	'2023-05-14 23:37:59',	'2023-05-14 23:37:59'),
('210834',	'Windi Widiawati',	NULL,	NULL,	'2',	'2',	3,	'$2y$10$WJERHYVkOS6m/B3D2GVKqe6Fv0YfhIdVSrPydwn/oz0SCHDnCiAxO',	NULL,	NULL,	'2023-05-14 23:38:16',	'2023-05-14 23:38:16'),
('210835',	'Irvan Farhan Fauzian',	NULL,	NULL,	'2',	'2',	3,	'$2y$10$Z1lCM9veIqYJXj8pA1LnpeDWU//JjmBlV7uBcRz9gwHiZokJoq5ie',	NULL,	NULL,	'2023-05-14 23:38:16',	'2023-05-14 23:38:16'),
('210836',	'Ahmad Syadzili',	NULL,	NULL,	'2',	'2',	3,	'$2y$10$kreAS0sWP9bqX2hNODL/2e9fGPHriVxqygc2M/0HZVqYAQId6EYza',	NULL,	NULL,	'2023-05-14 23:38:09',	'2023-05-14 23:38:09'),
('210837',	'Fadhlan Hasbi',	NULL,	NULL,	'2',	'2',	3,	'$2y$10$DkyyjSwQydA0Qy2Fk4uIBOK/qpKGNLuvbYEXR65yGg9k79zHgklYW',	NULL,	NULL,	'2023-05-14 23:38:06',	'2023-05-14 23:38:06'),
('210838',	'Ricky Bagus Ramadhan',	NULL,	NULL,	'2',	'2',	3,	'$2y$10$OWfpyqMQ3QVcBYHUV3LAIOHkncrExfbRzqc5BCaCfWVQCGgv44OU2',	NULL,	NULL,	'2023-05-14 23:38:03',	'2023-05-14 23:38:03'),
('210840',	'Yan Permana',	NULL,	NULL,	'2',	'2',	3,	'$2y$10$cGE640QzoCdbcl92VCfLk.31OMSUp5/DWMWfN3Rug56TT0Yo3F5Qq',	NULL,	NULL,	'2023-05-14 23:38:03',	'2023-05-14 23:38:03'),
('210843',	'Jaya Perkas Ir.',	NULL,	NULL,	'2',	'2',	2,	'$2y$10$ho5SGszyUeOaB9e42wAFvOX61oSGmwl2kcgy/kY4NkMG5fs2KACoq',	NULL,	NULL,	'2023-05-14 23:37:51',	'2023-05-14 23:37:51'),
('210845',	'Aris Prastowo',	NULL,	NULL,	'4',	'4',	2,	'$2y$10$WvGhjo.Lc49LNr/DUup7iuZbjjudFZVWtIqeleReAfN3PMDtDeaAi',	NULL,	NULL,	'2023-05-14 23:37:54',	'2023-05-14 23:37:54'),
('210849',	'Budiono',	NULL,	NULL,	'2',	'2',	3,	'$2y$10$wlUin7KEJkMkpzc9Y/3mqOZVWnvM9M6pyl3YNM6SPeepQPDZUbbZO',	NULL,	NULL,	'2023-05-14 23:38:07',	'2023-05-14 23:38:07'),
('210854',	'Mahfuzhah Salfitri',	NULL,	NULL,	'2',	'2',	3,	'$2y$10$plDqIXlt4j92S.gE4gOHQuALT8idWVl2OkLJxwemD2ETH6sO52Rn.',	NULL,	NULL,	'2023-05-14 23:38:09',	'2023-05-14 23:38:09'),
('210855',	'Ryan Hilda Saputra',	NULL,	NULL,	'2',	'2',	3,	'$2y$10$XMgjU5A8RrEhpW1vXG7cPO/N/AoD9.NGizmd0dHdCkX0lwMui5KBW',	NULL,	NULL,	'2023-05-14 23:38:17',	'2023-05-14 23:38:17'),
('210856',	'Bayu Cahya Wiguna',	NULL,	NULL,	'2',	'2',	3,	'$2y$10$vdgqwzoz0gJLon3iAaixeuPSp8XCYXN.szcEXrZd1w8zybp7ELGTe',	NULL,	NULL,	'2023-05-14 23:38:01',	'2023-05-14 23:38:01'),
('210857',	'Afrinaldi',	NULL,	NULL,	'2',	'2',	3,	'$2y$10$MdsnnBbiRNmVFdwSJvRfwubemXzIiq3tSPFx2fDijmCt.RNYMr2q6',	NULL,	NULL,	'2023-05-14 23:38:09',	'2023-05-14 23:38:09'),
('210858',	'Muhammad Zahki Mayendra',	NULL,	NULL,	'2',	'2',	3,	'$2y$10$VQGgTR6yN0Jj8SgA6SPhV.R/TZ1adRdbS3p4pWLnqT5rrODU6fYEq',	NULL,	NULL,	'2023-05-14 23:38:10',	'2023-05-14 23:38:10'),
('210859',	'Deden Hidayat',	NULL,	NULL,	'2',	'2',	3,	'$2y$10$odVIChxOeGqlzJS0DVFBUuYbK3HD4As6VVHXtObIt6gBXK5ddsGrm',	NULL,	NULL,	'2023-05-14 23:38:07',	'2023-05-14 23:38:07'),
('210860',	'Muhamad Ridwan',	NULL,	NULL,	'2',	'2',	3,	'$2y$10$HXrAEcd.VC.83z5nQ9w1OODPkuS7LRCjhz7RywG0Lpqsxwpagva3e',	NULL,	NULL,	'2023-05-14 23:38:06',	'2023-05-14 23:38:06'),
('210861',	'Totok Susilo',	NULL,	NULL,	'2',	'2',	3,	'$2y$10$sGt.iYNOCy99ow4xQHZG8Oqv4hk45MrqNgzH3tDQ7OWHmRw8iJC0a',	NULL,	NULL,	'2023-05-14 23:38:06',	'2023-05-14 23:38:06'),
('210863',	'Veri Adi Nugroho',	NULL,	NULL,	'2',	'2',	3,	'$2y$10$.Shz8TZyCjIY7m0ER4qdW.oZAq2hq65P2GzNSdJSDixWZDfdwcGWK',	NULL,	NULL,	'2023-05-14 23:38:07',	'2023-05-14 23:38:07'),
('210864',	'Yudi Abdul Azis',	NULL,	NULL,	'2',	'2',	3,	'$2y$10$my3fvbA.6gJP.JPp0N7VJecP1mNY1/AnsBegwOZy4ssvxklsPAPe2',	NULL,	NULL,	'2023-05-14 23:38:00',	'2023-05-14 23:38:00'),
('210865',	'Ridwan Mansyur Maulana',	NULL,	NULL,	'2',	'2',	3,	'$2y$10$.uPnfhqjYbskXvdQKHz1NOZUuvd/y2Wl7T47RDsyjleW/j15fPeFK',	NULL,	NULL,	'2023-05-14 23:38:11',	'2023-05-14 23:38:11'),
('210870',	'Agus Wahyudi',	NULL,	NULL,	'4',	'4',	2,	'$2y$10$iEle4mxVNsb/StO3M20SW.ddbyqi0HCMR7WIJxSCURm88X.Lczajy',	NULL,	NULL,	'2023-05-14 23:37:59',	'2023-05-14 23:37:59'),
('210889',	'Erwin Fanjiamah',	NULL,	NULL,	'2',	'2',	3,	'$2y$10$diDDCp7ut2oiSuSsWCESIuHrGnIRhvWXY4MQfowLS9Fos.cG0LKVm',	NULL,	NULL,	'2023-05-14 23:38:04',	'2023-05-14 23:38:04'),
('210890',	'Muhammad Zakaria',	NULL,	NULL,	'2',	'2',	3,	'$2y$10$xtliVFGxYsNf76KmFut8g.RPfxMi/29AMN/kmgUXQ.RmOKaTQPpxy',	NULL,	NULL,	'2023-05-14 23:38:18',	'2023-05-14 23:38:18'),
('210895',	'Fathul Ilham',	NULL,	NULL,	'2',	'2',	3,	'$2y$10$PwCk16L4BaUwgW5YwiIcL.V5S3nL.jilDrFaMNP1Y42veHafMcrre',	NULL,	NULL,	'2023-05-14 23:38:10',	'2023-05-14 23:38:10'),
('210897',	'Mela Yuspita',	NULL,	NULL,	'5',	'5',	3,	'$2y$10$CyhsVggELdBIjml.puBqM.Aa1/UjasITE5uaWLmV9DgmCA96bfzwO',	NULL,	NULL,	'2023-05-14 23:38:14',	'2023-05-14 23:38:14'),
('210898',	'Ganjar  Taufik Machyar',	NULL,	NULL,	'2',	'2',	2,	'$2y$10$LaHJ8rOWokePE7poAPPDSuLXX5D2wc1IvtAleWza9UhwuI8Ivf6Lu',	NULL,	NULL,	'2023-05-14 23:37:59',	'2023-05-14 23:37:59'),
('210899',	'Jujuk Sasongko',	NULL,	NULL,	'2',	'2',	3,	'$2y$10$poKo7kK75Eq0uLKfWmMVCux7pUJsV4MGa9D/9NWIXxKtzapOQllRm',	NULL,	NULL,	'2023-05-14 23:38:14',	'2023-05-14 23:38:14'),
('210902',	'Ima Osida',	NULL,	NULL,	'2',	'2',	3,	'$2y$10$VxruIRtASHZMpJ4ZBjmbxu/dQJxfXYIbyF8L5Pumlm25tQcvhK0wa',	NULL,	NULL,	'2023-05-14 23:38:10',	'2023-05-14 23:38:10'),
('210906',	'Wawan Dahlan',	NULL,	NULL,	'6',	'6',	3,	'$2y$10$1bYWCq4vBYZBi778NsC1C.brz.VqLmdcQ/6hqneSnbL2Tqv1o3SPC',	NULL,	NULL,	'2023-05-14 23:38:23',	'2023-05-14 23:38:23'),
('230289',	'Dedih Karnaen',	NULL,	NULL,	'2',	'2',	2,	'$2y$10$ohs3cFD/Uqrf8CmIpqT7kOQC3.XLBO0EBykXK8JI2B4Mi.zmzojwO',	NULL,	NULL,	'2023-05-14 23:37:54',	'2023-05-14 23:37:54'),
('230311',	'Ichman Barbarosa',	NULL,	NULL,	'6',	'6',	2,	'$2y$10$jAb3x/XFFjKchDErq1qyuOJ1q0HfJkbrROlcv0CQWgvsP2zhfMoxe',	NULL,	NULL,	'2023-05-14 23:37:52',	'2023-05-14 23:37:52'),
('230312',	'Khairul Ikhsan',	NULL,	NULL,	'2',	'2',	3,	'$2y$10$DIJ.JExijMBvm98l7EaO6OYElsGqCHoDmlHwYw0dpbiyfiNSQpxWG',	NULL,	NULL,	'2023-05-14 23:38:09',	'2023-05-14 23:38:09'),
('290038',	'Yeni Heryani',	NULL,	NULL,	'2',	'2',	2,	'$2y$10$9IPypAAu2RCLmwgCo6ckf.GUkFuN7PkqxWQOv2Xxrvc.EgXwei0zC',	NULL,	NULL,	'2023-05-14 23:36:23',	'2023-05-14 23:36:23'),
('290051',	'Haris Irawan',	NULL,	NULL,	'2',	'2',	3,	'$2y$10$FVx/HmN8OJZGGeQcj3fPeOf2C.iYiVA/KNI.rbWQcxixYWDBYgK9O',	NULL,	NULL,	'2023-05-14 23:36:26',	'2023-05-14 23:36:26'),
('290063',	'Sanjaya Hanantoseno',	NULL,	NULL,	'4',	'4',	3,	'$2y$10$Oq7nH72LrEnMaFBx7rQ/4.m9GzFxHtgF41n6y7AYQXnJFDsRTAgqm',	NULL,	NULL,	'2023-05-14 23:37:19',	'2023-05-14 23:37:19'),
('290064',	'Eko Margono',	NULL,	NULL,	'2',	'2',	2,	'$2y$10$tifmrc4ZtCB/Rns7ectt6uuZJ0LnlRq9HWC0gSOiqzApTqi3ExaBy',	NULL,	NULL,	'2023-05-14 23:36:21',	'2023-05-14 23:36:21'),
('290066',	'Adi Sarwono',	NULL,	NULL,	'2',	'2',	3,	'$2y$10$KxBdJk6ZhomGn15EM5VVcuGzw/lfCYaWb8b1mVUz.DfJfepqdvUEK',	NULL,	NULL,	'2023-05-14 23:36:29',	'2023-05-14 23:36:29'),
('290069',	'Ruchyat',	NULL,	NULL,	'2',	'2',	2,	'$2y$10$ClwL6h83kvULgnDBkJFSSes94oYbSWRi4bWJ8To8VVeMCjhYpse9m',	NULL,	NULL,	'2023-05-14 23:36:21',	'2023-05-14 23:36:21'),
('290071',	'Andi Irwandi Aidil',	NULL,	NULL,	'2',	'2',	2,	'$2y$10$4fHHvHO80u3iTFQCWHQGiO1wDyZFQCaFH3X5kGvJgxLUbs1iwBIcy',	NULL,	NULL,	'2023-05-14 23:36:22',	'2023-05-14 23:36:22'),
('290073',	'Idrus Hermawan',	NULL,	NULL,	'2',	'2',	3,	'$2y$10$z54nmims.k2BY0oGLIpmAeATZIxiqgafjtu4i.IFFazXSZEvY51CW',	NULL,	NULL,	'2023-05-14 23:36:30',	'2023-05-14 23:36:30'),
('290075',	'Syahrul',	NULL,	NULL,	'2',	'2',	3,	'$2y$10$upf52qYkQkyMWSqq7slGruc41EfouqI7E/KRR76kVL2YDSNPNJ1X6',	NULL,	NULL,	'2023-05-14 23:36:28',	'2023-05-14 23:36:28'),
('290078',	'Purwanto',	NULL,	NULL,	'2',	'2',	3,	'$2y$10$fNY7Xx9bKYLde3aQDbqnjO1CRsvDJ4wyGYtaN.Eqxn6YKQ7nuAP5i',	NULL,	NULL,	'2023-05-14 23:36:54',	'2023-05-14 23:36:54'),
('290079',	'Tri Widiatman',	NULL,	NULL,	'2',	'2',	2,	'$2y$10$Us7t/q8BVw0ucJo2lUuvh.pwKO0hdSCMgEfbQjjEtQNHu8JfIPigu',	NULL,	NULL,	'2023-05-14 23:36:24',	'2023-05-14 23:36:24'),
('290082',	'Hamim Fahrudi',	NULL,	NULL,	'2',	'2',	3,	'$2y$10$hbXwpArpzQmTTfJrTcVqM.5vwc.pmrK8gnF/JYNFsTGQh9TiGGb3u',	NULL,	NULL,	'2023-05-14 23:36:26',	'2023-05-14 23:36:26'),
('290085',	'Agus Trigunarto',	NULL,	NULL,	'2',	'2',	2,	'$2y$10$yLC5yOFkKPagXUnj3.nSZOO1Em4wf.3IcR325CGIyqbk7Jxakj926',	NULL,	NULL,	'2023-05-14 23:36:24',	'2023-05-14 23:36:24'),
('290092',	'Nurhidayat',	NULL,	NULL,	'2',	'2',	3,	'$2y$10$HGofGu0EihRizsflVqg0G.8XrfERwvvFYdfTUuvvU2TTOFyWq0ZYK',	NULL,	NULL,	'2023-05-14 23:36:29',	'2023-05-14 23:36:29'),
('290094',	'Didik Setiyawan',	NULL,	NULL,	'2',	'2',	2,	'$2y$10$ca8Cs4pcw9T4VC71ezcEpOO94O7KVmGheeanba2hwUVgexB2/i20a',	NULL,	NULL,	'2023-05-14 23:36:21',	'2023-05-14 23:36:21'),
('290097',	'Agus Purwanto',	NULL,	NULL,	'2',	'2',	3,	'$2y$10$ZkT6VJiHoKFQAR.apr6f2eLHk806oAIZjx/1sKWevSL2wNyPyCFtm',	NULL,	NULL,	'2023-05-14 23:36:27',	'2023-05-14 23:36:27'),
('290098',	'Purwantoro',	NULL,	NULL,	'2',	'2',	3,	'$2y$10$mA/XNImAaL.n8aLSRKZ0Ge.mte4JHav/wxeTZmlanWoOf0PRhDlzG',	NULL,	NULL,	'2023-05-14 23:36:30',	'2023-05-14 23:36:30'),
('290099',	'Saharuddin',	NULL,	NULL,	'2',	'2',	3,	'$2y$10$ygwMbrGd9H.ULfwlzTI.2.UkMKvus61L7UwUtjLRmur60H21fh36m',	NULL,	NULL,	'2023-05-14 23:36:26',	'2023-05-14 23:36:26'),
('290105',	'Teguh Harsono',	NULL,	NULL,	'2',	'2',	3,	'$2y$10$qzS9D76.HTnK3j.IdNnIS.0NSYy3coj2qdUA.splt01S.tyV52FHu',	NULL,	NULL,	'2023-05-14 23:36:26',	'2023-05-14 23:36:26'),
('290106',	'Harsi Laspriyadi',	NULL,	NULL,	'2',	'2',	3,	'$2y$10$d0RB5ASm7mbAIfBTgmKJQ.AIvKwN7h.q3qBOacNvHb1JWmcWRu8Ea',	NULL,	NULL,	'2023-05-14 23:36:32',	'2023-05-14 23:36:32'),
('290108',	'Bibit Sutriono',	NULL,	NULL,	'2',	'2',	3,	'$2y$10$rxj0NhxeOz4c9DZcmgBhQe0l/aOj8T6.nCnwcqGfZf1QjEE7ln/F2',	NULL,	NULL,	'2023-05-14 23:36:25',	'2023-05-14 23:36:25'),
('290114',	'Kamal Azis',	NULL,	NULL,	'2',	'2',	2,	'$2y$10$IoVD7uaMmPO3uXJTNLrdSe64vKsIDV6uU2sePBR8v6o6FbsgWwge6',	NULL,	NULL,	'2023-05-14 23:36:24',	'2023-05-14 23:36:24'),
('290116',	'Budi Widayoko',	NULL,	NULL,	'2',	'2',	3,	'$2y$10$m8F3wwjoVc8OfLr6k89BjuEKuF/KTVoVXWLD0Q2Tp.GISl2bFq0/q',	NULL,	NULL,	'2023-05-14 23:37:02',	'2023-05-14 23:37:02'),
('290117',	'Adi Hermawan',	NULL,	NULL,	'2',	'2',	3,	'$2y$10$wH.adUgCENVOPr0Q8.qYAexvE9MJB8Sbx/nL6owat5eYtSMw/rqym',	NULL,	NULL,	'2023-05-14 23:36:58',	'2023-05-14 23:36:58'),
('290122',	'Lesmono Djojo',	NULL,	NULL,	'3',	'3',	2,	'$2y$10$IKV4dEa/qz5Kmyc1Ba4QvuAcdMEuo/1uJVgFDNzZQidWjNKMHeJHC',	NULL,	NULL,	'2023-05-14 23:36:22',	'2023-05-14 23:36:22'),
('290123',	'Ratnawati Kosasih Kapantow',	NULL,	NULL,	'3',	'3',	2,	'$2y$10$MwJ95/Jb.22OnAqPdJ2osO1FxC1KO/CcZVCg9to.H7WOEJsdMysm2',	NULL,	NULL,	'2023-05-14 23:36:22',	'2023-05-14 23:36:22'),
('290126',	'Deddy Permana Putra',	NULL,	NULL,	'3',	'3',	3,	'$2y$10$xQSpBHE5UFYrCXEFqu8DMeBUz5StkHUmI9hTUwHc/6gGEyACpMdJq',	NULL,	NULL,	'2023-05-14 23:38:00',	'2023-05-14 23:38:00'),
('290130',	'Asep Yohan Hakim',	NULL,	NULL,	'3',	'3',	3,	'$2y$10$3TPR2gR3s9fPd6dOasx8wefVun/ceUIKroWs12Dj7paAQc5Kh2Fjm',	NULL,	NULL,	'2023-05-14 23:37:24',	'2023-05-14 23:37:24'),
('290133',	'Rida Pratiwi',	NULL,	NULL,	'3',	'3',	3,	'$2y$10$2UEhb43u/rGxSx8VGdvTYeYOtDM8H15sNKvSDMjKLMk2fzYqjp3qq',	NULL,	NULL,	'2023-05-14 23:38:20',	'2023-05-14 23:38:20'),
('290134',	'Aep Saepudin',	NULL,	NULL,	'3',	'3',	3,	'$2y$10$uo1qq70WhvMkNxrSza4veeWWiPvskz7j9rrHyq8hntrZJylACXZoO',	NULL,	NULL,	'2023-05-14 23:37:24',	'2023-05-14 23:37:24'),
('290136',	'Yulisa Ayu Wardani Lingga',	NULL,	NULL,	'3',	'3',	3,	'$2y$10$Kov8vt2PL/8nTTY4ivi/z.HLDsoi5ijGWRehkZydA7XQJ6aAVQi62',	NULL,	NULL,	'2023-05-14 23:37:21',	'2023-05-14 23:37:21'),
('290137',	'Roslinda Br. Sembiring.ST',	NULL,	NULL,	'3',	'3',	3,	'$2y$10$cmtjYQjcBN7nm79TCd4eNub7FInUmUY5VmsNYo/FZSukU4OYA.e5e',	NULL,	NULL,	'2023-05-14 23:37:23',	'2023-05-14 23:37:23'),
('290140',	'Parto Naibaho',	NULL,	NULL,	'2',	'2',	2,	'$2y$10$SW/22OD5.832fBYzVRxBPuKuaD4t5SmKwlWgQLWMxAm..jKurGHLS',	NULL,	NULL,	'2023-05-14 23:36:22',	'2023-05-14 23:36:22'),
('290145',	'Kusnandar',	NULL,	NULL,	'2',	'2',	3,	'$2y$10$3vSAKmdmQXqZGMfafyFsduJJCRxafXuEYJWIh41D/Ow9I5OSSHoEC',	NULL,	NULL,	'2023-05-14 23:36:27',	'2023-05-14 23:36:27'),
('290147',	'Drajat Surya Kancana',	NULL,	NULL,	'4',	'4',	2,	'$2y$10$Vf4PIURhuwySTt8DZXLHEulm8Lei4YfVIVQZjwvhjhIBs3fJgqDoC',	NULL,	NULL,	'2023-05-14 23:36:24',	'2023-05-14 23:36:24'),
('290155',	'Dian Panji Amarta',	NULL,	NULL,	'2',	'2',	3,	'$2y$10$eF/jL49nQ6sA/AkmVHw0LO1i21Ko07BxFsZxZG0yN0i8twfW2K1Kq',	NULL,	NULL,	'2023-05-14 23:36:30',	'2023-05-14 23:36:30'),
('290163',	'Paulus Duta Sukaton',	NULL,	NULL,	'2',	'2',	3,	'$2y$10$bcvWy.8YuJLh31ft/rLk1ukZJjrdXnSDfl4M1P/cUQWjn9SSvPyjK',	NULL,	NULL,	'2023-05-14 23:36:31',	'2023-05-14 23:36:31'),
('290168',	'Nanang Masriyono',	NULL,	NULL,	'2',	'2',	3,	'$2y$10$mFTkR4x422nthcNCLZZnSuEDlxZVUMizigD/OOHav24Vri5qG1ck.',	NULL,	NULL,	'2023-05-14 23:36:25',	'2023-05-14 23:36:25'),
('290171',	'Liston Simanjuntak',	NULL,	NULL,	'2',	'2',	2,	'$2y$10$OM8ST6W4gdPbhJtzbwUa/e7HKejA60FAZJy1ZAcSSCn1wBNmOgL4G',	NULL,	NULL,	'2023-05-14 23:36:24',	'2023-05-14 23:36:24'),
('290174',	'Armudjiono',	NULL,	NULL,	'2',	'2',	2,	'$2y$10$Zbk/NssBROZeONEcEoJjFuaAucRb7l7atShyZOoGUKhMOXKQmrTae',	NULL,	NULL,	'2023-05-14 23:36:23',	'2023-05-14 23:36:23'),
('290175',	'Muchammad Syafrudin',	NULL,	NULL,	'2',	'2',	2,	'$2y$10$L5lhMPPDCClMJkdtWqGI0Oqg0qR0e3FFWktg9ZYEPc9wJ7iKWsjcK',	NULL,	NULL,	'2023-05-14 23:36:24',	'2023-05-14 23:36:24'),
('290177',	'M. Jam\'an Yuliansyah',	NULL,	NULL,	'2',	'2',	2,	'$2y$10$luBnxgzexaKNb.V7kZNFHO4kg6.hPPEmx30WqIkPzeAaFpuyzGCKu',	NULL,	NULL,	'2023-05-14 23:36:22',	'2023-05-14 23:36:22'),
('290192',	'Nina Lesmana',	NULL,	NULL,	'3',	'3',	3,	'$2y$10$55aHP.TooYt7tUxFeX/CE.wBeYNkxJ4s4kWb1cGSf0LVDX8QlTA.y',	NULL,	NULL,	'2023-05-14 23:38:08',	'2023-05-14 23:38:08'),
('290193',	'Jemino',	NULL,	NULL,	'2',	'2',	2,	'$2y$10$koxZe.K3dRlAlfKQj9QNC.//9E9b3FGoQGOah8uY7WFLebNlXOTWC',	NULL,	NULL,	'2023-05-14 23:36:21',	'2023-05-14 23:36:21'),
('290198',	'Johan Caniago',	NULL,	NULL,	'2',	'2',	2,	'$2y$10$4QIwihuqJYaAUIdV6Havuu3IAJacdtpa.fhuw92dBs.F1Sny4bOf.',	NULL,	NULL,	'2023-05-14 23:36:23',	'2023-05-14 23:36:23'),
('290222',	'Alfian Hendra Prananda',	NULL,	NULL,	'2',	'2',	3,	'$2y$10$GpHAR2n6s981joPMq..wJuwbhb7H37pYH/AF5s6Qeau4tfvS5y0JC',	NULL,	NULL,	'2023-05-14 23:37:18',	'2023-05-14 23:37:18'),
('290224',	'Hendriyana Apandi',	NULL,	NULL,	'2',	'2',	3,	'$2y$10$z5iBhQl1rivd9CUz5/7nIe/eHW9A08drc4MKin8SyCbZJ7uTFADHa',	NULL,	NULL,	'2023-05-14 23:37:18',	'2023-05-14 23:37:18'),
('290227',	'Puji Mesti Rahayu',	NULL,	NULL,	'4',	'4',	3,	'$2y$10$pvj7l6Oz/aynQGKjiz/ltO3Qn/Uxr2/y3iJUTvMDwQKwpnKgaHcZi',	NULL,	NULL,	'2023-05-14 23:37:00',	'2023-05-14 23:37:00'),
('290233',	'Yogi Rahabistara',	NULL,	NULL,	'4',	'4',	3,	'$2y$10$ZYIND8oP4DAKcB6srK8P8OSH2zl8mOJvb9orwQ.57dRhpJuQXUK4O',	NULL,	NULL,	'2023-05-14 23:37:19',	'2023-05-14 23:37:19'),
('290234',	'Irpan',	NULL,	NULL,	'2',	'2',	3,	'$2y$10$MfiyQarjrCBFdqLynTWNmOiRV7R8QVntWmRzGrl4CM3KbBYRhtktK',	NULL,	NULL,	'2023-05-14 23:36:29',	'2023-05-14 23:36:29'),
('290237',	'Fahmi Ahmad Husaeni',	NULL,	NULL,	'2',	'2',	3,	'$2y$10$mUZdBRuX2M90/Fbq5ru80O2AD1jtHaFhUXlw6xUhVS8dLnGgWTXIi',	NULL,	NULL,	'2023-05-14 23:36:30',	'2023-05-14 23:36:30'),
('290239',	'Wisnuardhi Wardyananto',	NULL,	NULL,	'4',	'4',	2,	'$2y$10$qWBBLwNzoZ4vuycsKgRgJuJn2VVLoQhLZrCBJUtr52mBpkSkB9RUe',	NULL,	NULL,	'2023-05-14 23:36:22',	'2023-05-14 23:36:22'),
('290243',	'Lisma Sagala',	NULL,	NULL,	'3',	'3',	3,	'$2y$10$5iXIbxIfLxDtxvKMVDI.6OyYkUra98ch5HdA.H8XN33H1K5wyBs8e',	NULL,	NULL,	'2023-05-14 23:38:19',	'2023-05-14 23:38:19'),
('290246',	'Wawan Abu RIzal Machfrudin',	NULL,	NULL,	'3',	'3',	3,	'$2y$10$t83j0Q9Lpnwlk85nbyaUD.z99hhmKnEucXQ.9G5Dlg6RgLYK1Vf1a',	NULL,	NULL,	'2023-05-14 23:38:06',	'2023-05-14 23:38:06'),
('290248',	'Rizkita Janatusurur',	NULL,	NULL,	'4',	'4',	3,	'$2y$10$CRSifz7pxy7QW/C.7Pdgf.jg5iRUtcKnTHPIGjq09kSbn8dRl/hdS',	NULL,	NULL,	'2023-05-14 23:37:19',	'2023-05-14 23:37:19'),
('290255',	'Garry Permana Putra',	NULL,	NULL,	'3',	'3',	3,	'$2y$10$zZm/jtX3e5E2B1H5mEc2keSAUHgg4sZGGrPyN7AE6fmAdHUulE7Sa',	NULL,	NULL,	'2023-05-14 23:37:21',	'2023-05-14 23:37:21'),
('290256',	'Anto Abrianto',	NULL,	NULL,	'2',	'2',	3,	'$2y$10$NNEl/qAEqA1wc02fja9kYuFHWUSy2kmGXbpuNc1GlVy.1/6yuS3Ti',	NULL,	NULL,	'2023-05-14 23:37:01',	'2023-05-14 23:37:01'),
('290257',	'Rezky Peraya',	NULL,	NULL,	'2',	'2',	3,	'$2y$10$T108sSMpdH4wZcY5GG8MIus2h8PNYsYEDE75ADUnnjNqu5D6aJk2K',	NULL,	NULL,	'2023-05-14 23:36:25',	'2023-05-14 23:36:25'),
('290258',	'Teti Kusmiati',	NULL,	NULL,	'4',	'4',	3,	'$2y$10$sz7nwGYUFCdo9GcVV5nEx.6.Z0YXloto2fQnTy2kOFNr6E6PDe0uu',	NULL,	NULL,	'2023-05-14 23:37:20',	'2023-05-14 23:37:20'),
('290259',	'Imzal Muhtar Nurfarid',	NULL,	NULL,	'2',	'2',	3,	'$2y$10$twEjF4u6.uUOTvVyjA7YKu7gVSI1z5lpOs7cBMYsnHDi/H0hBKjgS',	NULL,	NULL,	'2023-05-14 23:36:25',	'2023-05-14 23:36:25'),
('290260',	'Tantrie Retma Dewie',	NULL,	NULL,	'5',	'5',	3,	'$2y$10$y3dnBCmnl.ZH5LweUvbxeO2Rlwr8v9kg5Y0QTHyXeqXQxFnyyaRR.',	NULL,	NULL,	'2023-05-14 23:37:23',	'2023-05-14 23:37:23'),
('290261',	'Reza Wahyu Pratama',	NULL,	NULL,	'4',	'4',	3,	'$2y$10$vqlRRLpzcryGXhq4UG9caOO2RUEIlGY5qSc2v3HnPbILdAcxSCHqC',	NULL,	NULL,	'2023-05-14 23:37:22',	'2023-05-14 23:37:22'),
('290262',	'Raden Ghandur Khoerul Rizal Adha Pradhana',	NULL,	NULL,	'4',	'4',	3,	'$2y$10$QkFQs3gccvZzYzgxIzT/dO0iH0cL15hTgPg9rteCDRYGbrQyq8e6K',	NULL,	NULL,	'2023-05-14 23:37:18',	'2023-05-14 23:37:18'),
('290263',	'Rivani Aulia Haq',	NULL,	NULL,	'4',	'4',	3,	'$2y$10$Up.xod2qz0LRiGKH5fdFn.X11AtG6XNLjfoZCxQ2vKky89qdcbmW6',	NULL,	NULL,	'2023-05-14 23:37:16',	'2023-05-14 23:37:16'),
('290264',	'Nandar Setiawan',	NULL,	NULL,	'4',	'4',	3,	'$2y$10$IEvJzOaD/60cQcXZH/5h5.7VkbXI6gpDn0cRoxER4/zSNpfH7B/.O',	NULL,	NULL,	'2023-05-14 23:37:17',	'2023-05-14 23:37:17'),
('290265',	'Granita Dwikania',	NULL,	NULL,	'4',	'4',	3,	'$2y$10$bgas.hYZlfYgJpIijtirQuhJdSrp4z7gnlAEMLclZCsiuCblTfuiC',	NULL,	NULL,	'2023-05-14 23:36:30',	'2023-05-14 23:36:30'),
('290266',	'Muhammad Arief Andaru',	NULL,	NULL,	'4',	'4',	3,	'$2y$10$5sv3dE.Mhnu6HMg8a2chiudDNmxB6l2BtPL.l5eMuXIJLCeyevKFa',	NULL,	NULL,	'2023-05-14 23:38:23',	'2023-05-14 23:38:23'),
('290267',	'Agung Prasetyo',	NULL,	NULL,	'5',	'5',	3,	'$2y$10$O31diwXJIhLAK1sPpOSAuOKaeEuuzN9QBGqMB1IeBGjpEfPtxq0v.',	NULL,	NULL,	'2023-05-14 23:37:22',	'2023-05-14 23:37:22'),
('300010',	'Deden Frimansyah',	NULL,	NULL,	'4',	'4',	2,	'$2y$10$i/dBiPc1jkQl7K23qxxkzOOy24fBcpQsuHkCugE6WMyASvTX7IRq2',	NULL,	NULL,	'2023-05-14 23:36:23',	'2023-05-14 23:36:23'),
('300014',	'Winda Restanty',	NULL,	NULL,	'4',	'4',	3,	'$2y$10$gBv9OtXwBC.wJ7E18H5vdeyYMRJvlse7vp5h8f7vboFd.7dOzTpXS',	NULL,	NULL,	'2023-05-14 23:37:44',	'2023-05-14 23:37:44'),
('300036',	'Suprapto',	NULL,	NULL,	'2',	'2',	3,	'$2y$10$Y7VENSpqeIe22Z2C9auw2OwL4wUEyFwXNVgKfGr9eQTZN07gnbsW2',	NULL,	NULL,	'2023-05-14 23:37:43',	'2023-05-14 23:37:43'),
('300062',	'Sutarno',	NULL,	NULL,	'2',	'2',	3,	'$2y$10$1BD/Rx.WkOoNUwPtJKtzlOZ7t2jYWIRPYdtT7m7h35ZXV45cRRAd6',	NULL,	NULL,	'2023-05-14 23:37:31',	'2023-05-14 23:37:31'),
('300080',	'Ferry Yono Surya Elangga, SE',	NULL,	NULL,	'2',	'2',	3,	'$2y$10$zPJ0Q7Zj/6HpBP8o.jhnpeMIx5VM9ObvVq/64w89fOMQuXtfm5YPu',	NULL,	NULL,	'2023-05-14 23:37:31',	'2023-05-14 23:37:31'),
('300133',	'Deni',	NULL,	NULL,	'2',	'2',	3,	'$2y$10$vo0xrEQRAbC2a.k4X73/.eAdQwc7IoKb65Tf9lpzJn0ODkz8GVt8G',	NULL,	NULL,	'2023-05-14 23:37:41',	'2023-05-14 23:37:41'),
('300197',	'Neneng Sumyati',	NULL,	NULL,	'4',	'4',	3,	'$2y$10$TmftFzXZLSgeGBWQRIhut.4zJyINbPnPJW4ZjnkJF5KZxb02A7sbK',	NULL,	NULL,	'2023-05-14 23:37:31',	'2023-05-14 23:37:31'),
('300226',	'Agus Setiawan',	NULL,	NULL,	'2',	'2',	2,	'$2y$10$WuGotRZFWubdhyPmm/RpdOpDqRnIMn5ZO8X4iopt26.IDxsyEHxWy',	NULL,	NULL,	'2023-05-14 23:37:30',	'2023-05-14 23:37:30'),
('300255',	'Syarifudin Hidayat',	NULL,	NULL,	'5',	'5',	3,	'$2y$10$e/W/7vSlWcJ1elsfH2P5POCdNvBaUlosVsv0pgxfKbIpsSR2zPxO.',	NULL,	NULL,	'2023-05-14 23:37:44',	'2023-05-14 23:37:44'),
('300266',	'Warno',	NULL,	NULL,	'2',	'2',	3,	'$2y$10$IqFeT2DFuPwxN0V9.ga1POcGaoxHVi32BtQljiVzipIHgY8OwfX8i',	NULL,	NULL,	'2023-05-14 23:37:47',	'2023-05-14 23:37:47'),
('300284',	'Jarkasih Setiadi',	NULL,	NULL,	'2',	'2',	3,	'$2y$10$zEc9ysGObXy/nyG6TBJbheRl8Fyv92jx3xFoYEbjkQUZc6RGWjYxS',	NULL,	NULL,	'2023-05-14 23:37:41',	'2023-05-14 23:37:41'),
('300293',	'Wawan Muhrom',	NULL,	NULL,	'2',	'2',	3,	'$2y$10$5HieeVpM1PCn4vUMjVgnTe76.9xdT8qRDiff.x2TMdEDM.v6Nsr9q',	NULL,	NULL,	'2023-05-14 23:37:41',	'2023-05-14 23:37:41'),
('300318',	'Mangaranap Butar Butar',	NULL,	NULL,	'2',	'2',	3,	'$2y$10$dkm0dRDzt3bMAEEpW.sFf.joyJ6csbEG2ZNI5eSeAbbtORCCpmkF6',	NULL,	NULL,	'2023-05-14 23:37:44',	'2023-05-14 23:37:44'),
('300331',	'Eriyanto',	NULL,	NULL,	'2',	'2',	3,	'$2y$10$/SeP9iqNB9sy20RiPeBqTuus3sh7meRdr5bE.UbWKd0FPGUcthrru',	NULL,	NULL,	'2023-05-14 23:37:41',	'2023-05-14 23:37:41'),
('300398',	'Cecep Hermawan',	NULL,	NULL,	'2',	'2',	3,	'$2y$10$fbzTiM9QKjRgO.aMxzT.d.hizGIW8w3IoLgIeaYb5V2Y9BXuzMnTe',	NULL,	NULL,	'2023-05-14 23:37:41',	'2023-05-14 23:37:41'),
('300460',	'Jumei Yanti',	NULL,	NULL,	'4',	'4',	3,	'$2y$10$pmySUtZ6fszlCd2vnOQmZuOqTpPFNbZMC0O6DsffDywFrhp6lg5e.',	NULL,	NULL,	'2023-05-14 23:37:47',	'2023-05-14 23:37:47'),
('300592',	'Setiawan',	NULL,	NULL,	'4',	'4',	3,	'$2y$10$ANrUSh3O/TgEtLCULrqHaeKkv0uh0E/0102qvwmPrH9DQ.Qd1xbWC',	NULL,	NULL,	'2023-05-14 23:37:41',	'2023-05-14 23:37:41'),
('300653',	'Ferry Piliphus Heumasse',	NULL,	NULL,	'4',	'4',	2,	'$2y$10$fK7FDMWnCR4lBcQJtsE8reNR5T7u19OO7P0os7VTrhqMat7yxC58y',	NULL,	NULL,	'2023-05-14 23:37:30',	'2023-05-14 23:37:30'),
('300680',	'Zezen Ruspita',	NULL,	NULL,	'2',	'2',	2,	'$2y$10$XiRCSL/lUXkn1YMAfl4QK.kx5uZk33OkP36l/908cn.Ga3hnTUGDq',	NULL,	NULL,	'2023-05-14 23:37:29',	'2023-05-14 23:37:29'),
('301100',	'Lia Silvia Setiana',	NULL,	NULL,	'4',	'4',	3,	'$2y$10$d78OLF./r2Hs8sZXbX4Y1O76l0EOaQksXEgkM0dqDGRDTVFeiCZHm',	NULL,	NULL,	'2023-05-14 23:37:27',	'2023-05-14 23:37:27'),
('301115',	'Asep Suhendar',	NULL,	NULL,	'2',	'2',	3,	'$2y$10$MfGcCVLeHxaL/n6N/XZEXONphg0Xa7oyaOmHlhcn6CMJp.z3oZXES',	NULL,	NULL,	'2023-05-14 23:37:31',	'2023-05-14 23:37:31'),
('301116',	'Budy Mulyono',	NULL,	NULL,	'2',	'2',	2,	'$2y$10$tXK49WBfiSOgWV4YS28bkuMdQ0xGv//9sKFdqWgqJbQ92u0renz4m',	NULL,	NULL,	'2023-05-14 23:37:28',	'2023-05-14 23:37:28'),
('390007',	'Yayan Sugiman',	NULL,	NULL,	'5',	'5',	2,	'$2y$10$8ns53w7dFUCjDNpbGQVwFe/lfvFh7MOpMOjHk7NHT/aTEC/R6LDt2',	NULL,	NULL,	'2023-05-14 23:37:28',	'2023-05-14 23:37:28'),
('390008',	'Hariyanto',	NULL,	NULL,	'4',	'4',	3,	'$2y$10$4aTXROTvjk1ieZ1knnszl.XJoLaq1yQrzrU9ytyNJDF/eyIVF6JbW',	NULL,	NULL,	'2023-05-14 23:37:31',	'2023-05-14 23:37:31'),
('400020',	'Mulyadi',	NULL,	NULL,	'2',	'2',	2,	'$2y$10$pCLDHGuremtKvDrF09AP5.CfKxRe8hVuYnfGp0p.u9V6N7.CqliOO',	NULL,	NULL,	'2023-05-14 23:37:30',	'2023-05-14 23:37:30'),
('400031',	'Muhamad Ikwal',	NULL,	NULL,	'2',	'2',	3,	'$2y$10$1LQkLVgb5Nrz36SF43DwguIfVo7iIsMdRHrdyo0hYLJhME6lY./R.',	NULL,	NULL,	'2023-05-14 23:37:47',	'2023-05-14 23:37:47'),
('400032',	'Kadiyo',	NULL,	NULL,	'2',	'2',	2,	'$2y$10$cWn44OVF6GxcyQJDtSIG5.yesx8OQcicdgpnvE9kwH5yO9jijdS62',	NULL,	NULL,	'2023-05-14 23:37:30',	'2023-05-14 23:37:30'),
('400053',	'Dodi Suparman',	NULL,	NULL,	'2',	'2',	2,	'$2y$10$vMV0Gslv9OgEMCH4sqqNvOfB/rFwk4oGr8X3YqjRjkSFKnwm67wXu',	NULL,	NULL,	'2023-05-14 23:37:29',	'2023-05-14 23:37:29'),
('400054',	'Rusli',	NULL,	NULL,	'4',	'4',	3,	'$2y$10$aFarRpYz0kZMHFhezIgKi.PxDS/6MM/x4BnS1d.3jkSKz0Z0HY.xS',	NULL,	NULL,	'2023-05-14 23:37:31',	'2023-05-14 23:37:31'),
('400056',	'Holis Setiawan',	NULL,	NULL,	'2',	'2',	3,	'$2y$10$43NfNENVANFLWW.1TwNDaexYwS5SZFtkT8e/cPVAuWJh1VI4UJcRS',	NULL,	NULL,	'2023-05-14 23:37:48',	'2023-05-14 23:37:48'),
('400091',	'Ade Rohman S',	NULL,	NULL,	'2',	'2',	3,	'$2y$10$qDwPfjjnuR8uoYOD/fJfzuVZglafJ.5OYQiIcdA378ER0MyW64b/u',	NULL,	NULL,	'2023-05-14 23:37:43',	'2023-05-14 23:37:43'),
('400094',	'Hayatinur',	NULL,	NULL,	'4',	'4',	3,	'$2y$10$hxRd83Y2IKqv6RPQiQ7Unu/Pq4q8OaNBvjGnATlZh8xFPtCbpMKlu',	NULL,	NULL,	'2023-05-14 23:37:46',	'2023-05-14 23:37:46'),
('400101',	'Yayan',	NULL,	NULL,	'2',	'2',	3,	'$2y$10$g8KAuMZVk..nhGPfChKYBe/.CmFYrsXdHz3xwFOKvbYuvU.EtaFgG',	NULL,	NULL,	'2023-05-14 23:37:44',	'2023-05-14 23:37:44'),
('400107',	'Abdul Jalil Syafei',	NULL,	NULL,	'4',	'4',	3,	'$2y$10$.oyjt4.O0TNu6YKIOv/iPey.xaCN8cExDZdNMVjcjD4zjQ3OkRRaW',	NULL,	NULL,	'2023-05-14 23:37:48',	'2023-05-14 23:37:48'),
('400111',	'Kurnia Ginanjar',	NULL,	NULL,	'2',	'2',	3,	'$2y$10$RGioSRBFX1IntBSLoNYHzuSSi9k8kvIjSYvtDLYTKpnuh7OHLrIgu',	NULL,	NULL,	'2023-05-14 23:37:44',	'2023-05-14 23:37:44'),
('400120',	'Nandang Zaenal A.',	NULL,	NULL,	'4',	'4',	3,	'$2y$10$rs6DgkFW5LO019ZDUpYvMOSFYmjE2AmskXnWXZp/RDqrigy8NeWJW',	NULL,	NULL,	'2023-05-14 23:37:48',	'2023-05-14 23:37:48'),
('400134',	'Deni Damiri',	NULL,	NULL,	'2',	'2',	3,	'$2y$10$zmVjYpY1XfvnbBJNNya1g.yoD/cycAnXRR.Em/Gbdazt3qHaE5FQi',	NULL,	NULL,	'2023-05-14 23:37:43',	'2023-05-14 23:37:43'),
('400150',	'Asep Kusmidin',	NULL,	NULL,	'2',	'2',	3,	'$2y$10$AzzukKF7zspK4VIHtNuESuqzcLlocGrEMxJkOu4R2G4vgx0LfhgQa',	NULL,	NULL,	'2023-05-14 23:37:31',	'2023-05-14 23:37:31'),
('400157',	'Tata Sukmana',	NULL,	NULL,	'2',	'2',	3,	'$2y$10$vp1SXMiisYEBQcqjfGTK7OmU6IPi3bxbvpGoNRqcMdCQmRK3vfTsS',	NULL,	NULL,	'2023-05-14 23:37:43',	'2023-05-14 23:37:43'),
('400167',	'Didin Maulidin',	NULL,	NULL,	'2',	'2',	3,	'$2y$10$15f8ZSfWH2Qy6oaNoMgv9ecNs9oQDwgezkboFU7hbAh5VxBE1.gRa',	NULL,	NULL,	'2023-05-14 23:37:48',	'2023-05-14 23:37:48'),
('400172',	'Dadun Yuhana',	NULL,	NULL,	'2',	'2',	3,	'$2y$10$yElwkhgf3Py3UNdjnmVZ3u08mViQD33tsb3Zism9Vap5NVpCTpW9C',	NULL,	NULL,	'2023-05-14 23:37:43',	'2023-05-14 23:37:43'),
('400181',	'Didin Rosadin',	NULL,	NULL,	'4',	'4',	3,	'$2y$10$TkDze7/sK3aVmBVNK0Y0AuCirQhosicB7Aq6CS0M9/E4CR6UkL1B2',	NULL,	NULL,	'2023-05-14 23:37:37',	'2023-05-14 23:37:37'),
('400199',	'Indah Setiawati',	NULL,	NULL,	'4',	'4',	3,	'$2y$10$cvVgYvzyxgjXr90FBXUc.Ob4x7pGyH2OlaUlW2/vEwjngdBB9STQe',	NULL,	NULL,	'2023-05-14 23:37:49',	'2023-05-14 23:37:49'),
('400220',	'Duki',	NULL,	NULL,	'2',	'2',	3,	'$2y$10$uK2L6iZWaAcOTslJdE9G.ubSc8HJBR3FHCSV5GxEOP7PPDGRnV0me',	NULL,	NULL,	'2023-05-14 23:37:42',	'2023-05-14 23:37:42'),
('400227',	'Erina Widyastuti',	NULL,	NULL,	'4',	'4',	2,	'$2y$10$YjQoir5MDrIfqMRIaG49o.CSLG66UUNMdz0LOJ2DgdQqTT6BPPNzi',	NULL,	NULL,	'2023-05-14 23:37:29',	'2023-05-14 23:37:29'),
('400254',	'Ayi Suryana',	NULL,	NULL,	'2',	'2',	3,	'$2y$10$/e7F.TE1Y7KGh5DMrztnr.9IIDo/OgrilkceZC/wCzEYbs7OU8SES',	NULL,	NULL,	'2023-05-14 23:37:47',	'2023-05-14 23:37:47'),
('400277',	'Lia Lasnia',	NULL,	NULL,	'5',	'5',	3,	'$2y$10$GNZYSQsfE.Ddwd19RSfCCuBPor89CgDgS270JxRzrzUG1TjwnICG6',	NULL,	NULL,	'2023-05-14 23:37:42',	'2023-05-14 23:37:42'),
('400286',	'Eli Suminar',	NULL,	NULL,	'2',	'2',	3,	'$2y$10$5unnaBRV8uFXcYLsGBx2Gu0Kca3Y5Q.UAP8mKqaMGQZuhQD1.hv7e',	NULL,	NULL,	'2023-05-14 23:37:48',	'2023-05-14 23:37:48'),
('400318',	'Heri Rudiman',	NULL,	NULL,	'2',	'2',	3,	'$2y$10$nJLD8bEfXeuBrP9wVb4LF.CwhXGnoaanWNTHg9/Tcfuq.lP/O4pBO',	NULL,	NULL,	'2023-05-14 23:37:46',	'2023-05-14 23:37:46'),
('400321',	'Dusep Harimansyah',	NULL,	NULL,	'2',	'2',	3,	'$2y$10$gHHAG1imFO0QUwIMdV16KOp4wLpJEItloJPgVpxW3bREdzmMesQfO',	NULL,	NULL,	'2023-05-14 23:37:48',	'2023-05-14 23:37:48'),
('400380',	'Markus Duha',	NULL,	NULL,	'4',	'4',	3,	'$2y$10$JaRlk22pEvSjQk4UI8l1Q.LX12/vK/nbtkrMKmID4x1ekM1sq6bgm',	NULL,	NULL,	'2023-05-14 23:37:48',	'2023-05-14 23:37:48'),
('400406',	'Ely Solihati',	NULL,	NULL,	'4',	'4',	3,	'$2y$10$maPq8dlSWJ741RcUcLYhR.KJpisTIK3BO039/M.J.8rQdrZ9CeRcS',	NULL,	NULL,	'2023-05-14 23:37:48',	'2023-05-14 23:37:48'),
('400432',	'Kurniawan',	NULL,	NULL,	'2',	'2',	3,	'$2y$10$235bBTrW/XG4U51VI2ZJzeV4lPD5pxt3pHcT01rWSXMPDdD1gNIcK',	NULL,	NULL,	'2023-05-14 23:37:43',	'2023-05-14 23:37:43'),
('400453',	'Ani Jaelani',	NULL,	NULL,	'2',	'2',	3,	'$2y$10$o3wdsEh8jvVaLZLBOWe78.e.DjC8Tl8fLZ/9eLGThhCeM50LLk9lG',	NULL,	NULL,	'2023-05-14 23:37:38',	'2023-05-14 23:37:38'),
('400458',	'Budi Kurnia',	NULL,	NULL,	'2',	'2',	3,	'$2y$10$fpqybMDKzqYOOgBXZ7mjBOFGoap7iewdH/4LKvMXggMKENUPF.3HO',	NULL,	NULL,	'2023-05-14 23:37:48',	'2023-05-14 23:37:48'),
('400459',	'Wahyu Ismail M.',	NULL,	NULL,	'2',	'2',	3,	'$2y$10$c2ewKjWyBzEHKAc5OFjcuuXhKwOZ4rZNLzPV7Nv1gtZpkeZZUJWFy',	NULL,	NULL,	'2023-05-14 23:37:38',	'2023-05-14 23:37:38'),
('400518',	'Iswandi',	NULL,	NULL,	'4',	'4',	3,	'$2y$10$gAt3wp1Sp6KbRyNy3kuaIeaigA2QerC3.hJpGt11iPiHx0LttR3FC',	NULL,	NULL,	'2023-05-14 23:37:48',	'2023-05-14 23:37:48'),
('400551',	'Sarmin Sopian',	NULL,	NULL,	'2',	'2',	3,	'$2y$10$G6vwvmamxMmkDHCB/fr9ceS5SxTWA2YXVd9uOXvMKlR8G1SNRSUZ.',	NULL,	NULL,	'2023-05-14 23:37:44',	'2023-05-14 23:37:44'),
('400563',	'Ananta Seno Hadi',	NULL,	NULL,	'2',	'2',	3,	'$2y$10$Y21gY5X6Sdmww2CSvWnlUuxgzhwLfT0tT0d21jg6iHGfS1ZkRyi3i',	NULL,	NULL,	'2023-05-14 23:37:42',	'2023-05-14 23:37:42'),
('400567',	'Ajang Suhaya',	NULL,	NULL,	'2',	'2',	3,	'$2y$10$u/vyrq3JXWZEnswxmuxBpeftHDbg6Vlxi6LXJOOOQEMtlCOEq5Ipm',	NULL,	NULL,	'2023-05-14 23:37:38',	'2023-05-14 23:37:38'),
('400568',	'Roso Kurniawan',	NULL,	NULL,	'2',	'2',	2,	'$2y$10$uC9QVTrzKp7uX6UaMPnSxuOBKpUU02T0zwOEXOpL5nsq0JNELYxca',	NULL,	NULL,	'2023-05-14 23:37:29',	'2023-05-14 23:37:29'),
('400577',	'Awan Setiawan',	NULL,	NULL,	'2',	'2',	3,	'$2y$10$4ScX699ohIAl2y3vXBlriOo269Y2Xe96Y1GTpAziKbQuPfoIrjnxa',	NULL,	NULL,	'2023-05-14 23:37:41',	'2023-05-14 23:37:41'),
('400586',	'Asep Sopandi',	NULL,	NULL,	'2',	'2',	3,	'$2y$10$qxI1va2bt9dmY8a8.HVkiOXXgVf3/NuNKcJ3doV0P4wBVGIr/8Nym',	NULL,	NULL,	'2023-05-14 23:37:48',	'2023-05-14 23:37:48'),
('400667',	'Asep Teguh Santioso',	NULL,	NULL,	'5',	'5',	3,	'$2y$10$Q9fYWSCGCN2X6EyJLC7S2uAVaLc1L4ijB3uMgfMvDYyijSONfQkmC',	NULL,	NULL,	'2023-05-14 23:37:40',	'2023-05-14 23:37:40'),
('400686',	'Sukarno',	NULL,	NULL,	'5',	'5',	3,	'$2y$10$1nSryCR3UvGS1AHSPGziAO9MLHDWTqGro0i37LYMoM9ebdhe.pJPK',	NULL,	NULL,	'2023-05-14 23:37:43',	'2023-05-14 23:37:43'),
('400694',	'Iwan Iswara',	NULL,	NULL,	'2',	'2',	3,	'$2y$10$8d2gQ4YY775L4JQsPlcyteX1ZLXB0UZ3kp2cx3Eb3OdYlA3xrG436',	NULL,	NULL,	'2023-05-14 23:37:43',	'2023-05-14 23:37:43'),
('400725',	'Warjun',	NULL,	NULL,	'2',	'2',	2,	'$2y$10$2WyWJZNlmVQnYeSwqtKcvOw5LHPmvbESWAZF/Gv/cvqtZPEgInBgW',	NULL,	NULL,	'2023-05-14 23:37:30',	'2023-05-14 23:37:30'),
('400752',	'Suryo Nugroho',	NULL,	NULL,	'1',	'1',	2,	'$2y$10$r9K7Ixhez2hNx4znU8etROnxRYhhR9Gz5cK7OQVc/eCpnrAJt3S8S',	NULL,	NULL,	'2023-05-14 23:37:27',	'2023-05-14 23:37:27'),
('400753',	'Hendra Permana',	NULL,	NULL,	'4',	'4',	3,	'$2y$10$XA9YxDu0wVrn3mn.C7edBur7ejSEHjNMWgqMJtyJ1/1NMZr0mm69.',	NULL,	NULL,	'2023-05-14 23:37:42',	'2023-05-14 23:37:42'),
('400772',	'Hikmat',	NULL,	NULL,	'2',	'2',	2,	'$2y$10$nt01XiCLryV0hvHnE7t8Ke6vGaMWJFfMPU6Ip93MgT7TAYNKpAJWS',	NULL,	NULL,	'2023-05-14 23:37:28',	'2023-05-14 23:37:28'),
('400810',	'Wiwin Winarti',	NULL,	NULL,	'2',	'2',	3,	'$2y$10$zUAis/6szc55zgvQbNWSCOSTOaNyalqDAHWqRHmJO7f0Lkb.w8iZa',	NULL,	NULL,	'2023-05-14 23:37:49',	'2023-05-14 23:37:49'),
('400816',	'J Elvan Kusnandang',	NULL,	NULL,	'2',	'2',	3,	'$2y$10$ayzbJ6P5fn25BBYCg.PQduAHOHCnqa/IZ1AaEWhuqNTdEbH22XmCG',	NULL,	NULL,	'2023-05-14 23:37:31',	'2023-05-14 23:37:31'),
('400820',	'Mindayat',	NULL,	NULL,	'2',	'2',	3,	'$2y$10$V39TwOgIvzkC6vrX552q2e15SP6thFRvas5oD/sk947qfOxyBv9SS',	NULL,	NULL,	'2023-05-14 23:37:43',	'2023-05-14 23:37:43'),
('400892',	'Tongam J. Manalu',	NULL,	NULL,	'6',	'6',	2,	'$2y$10$7I/7jpBx4Xr4FQhMdMKjGuKXRhX/ukpEsOdxxl..dTOROCBeRq4Fy',	NULL,	NULL,	'2023-05-14 23:38:23',	'2023-05-14 23:38:23'),
('400899',	'Aan Setiawan',	NULL,	NULL,	'2',	'2',	3,	'$2y$10$AbpBSzvCsYux96/ZI3oJe.G7P5GUqfdzBRiBm4ylL5rU4AQ79B6kG',	NULL,	NULL,	'2023-05-14 23:37:40',	'2023-05-14 23:37:40'),
('400909',	'Hiban S',	NULL,	NULL,	'2',	'2',	3,	'$2y$10$qIXfWdfC0UpEF.5itaKz4OY0qYd6br9l7vzusYBnhmQWf1BW2xW96',	NULL,	NULL,	'2023-05-14 23:37:38',	'2023-05-14 23:37:38'),
('400924',	'Syahrial Chaniago',	NULL,	NULL,	'2',	'2',	2,	'$2y$10$1VfhrIQji3Ysg6Dt.2w8/eNNRkorcwce6D8bMX.Ai.mXQb9VzK9He',	NULL,	NULL,	'2023-05-14 23:37:28',	'2023-05-14 23:37:28'),
('400930',	'Soleh Sodikin',	NULL,	NULL,	'2',	'2',	2,	'$2y$10$j7iZJcMtdg8r5Flj80eBDOT.V9F.6o2NCUBN2wxl8C4Vn1GG8sZmW',	NULL,	NULL,	'2023-05-14 23:37:30',	'2023-05-14 23:37:30'),
('400970',	'Bisri Supramono',	NULL,	NULL,	'4',	'4',	2,	'$2y$10$Zz6Zlc9L0f6DJrnEZoi2/.XQ/wJfPWLWA19dryZXT0ahctPKdzpu2',	NULL,	NULL,	'2023-05-14 23:37:28',	'2023-05-14 23:37:28'),
('401014',	'Budi Santoso',	NULL,	NULL,	'2',	'2',	3,	'$2y$10$5V8Emrj983H7tjx8qK4C7elh1hhSryCyB9RRAMzMvwx0JeNfz0hka',	NULL,	NULL,	'2023-05-14 23:37:31',	'2023-05-14 23:37:31'),
('401031',	'Yudi Hadiansyah',	NULL,	NULL,	'4',	'4',	3,	'$2y$10$bFqRW93d5VpZ6VB83IKN2OBTDc1s5tpWiglygpPeMkvJSq6/Q3n0G',	NULL,	NULL,	'2023-05-14 23:37:43',	'2023-05-14 23:37:43'),
('401048',	'Asep Wahyudin Nirwanto',	NULL,	NULL,	'6',	'6',	3,	'$2y$10$m3bPNcVwvknJMy30P0QVJ.P2OKf3wIY.McnDoj2cA.afjz.ssDhE.',	NULL,	NULL,	'2023-05-14 23:38:28',	'2023-05-14 23:38:28'),
('401061',	'Yayat Supriatna',	NULL,	NULL,	'2',	'2',	3,	'$2y$10$xEAi8Wad3smOXChKWqjAJukaOQSo.iI4rXAyAY8tmcwOk6h/5yJ02',	NULL,	NULL,	'2023-05-14 23:37:44',	'2023-05-14 23:37:44'),
('401064',	'Dani Kasih Priyana',	NULL,	NULL,	'2',	'2',	3,	'$2y$10$JCenDw81.d6Ukm6RQl3iFONpD7KxNWS80VfGs.q5k8FzAF8Ew.n0i',	NULL,	NULL,	'2023-05-14 23:37:48',	'2023-05-14 23:37:48'),
('401092',	'Rohimat Yusuf',	NULL,	NULL,	'2',	'2',	3,	'$2y$10$THIA1hUgmq2G1YUi/mP6MO9GdxHC6huEy461EH8aEyD4.oBXnpLVC',	NULL,	NULL,	'2023-05-14 23:37:38',	'2023-05-14 23:37:38'),
('401143',	'Dodit Susanto',	NULL,	NULL,	'4',	'4',	3,	'$2y$10$yzIbqyHzLBdW0OP7Qd81XOCZP8MT1kYxTJWvEQEabnSqujGj5xhaC',	NULL,	NULL,	'2023-05-14 23:37:42',	'2023-05-14 23:37:42'),
('401144',	'Helmi Esa Perdana',	NULL,	NULL,	'2',	'2',	2,	'$2y$10$VrexNDMLXDOy69xlcrA3DuM9aiXLN9ugPnFFeeQk2cRT2tzCA5z1a',	NULL,	NULL,	'2023-05-14 23:37:29',	'2023-05-14 23:37:29'),
('401229',	'Etty Kurniaty',	NULL,	NULL,	'2',	'2',	3,	'$2y$10$86RzruzPOW0RcsrZrHdhquuXmJq8xTqEXsvPTXFXkLJlSOF9hqu8u',	NULL,	NULL,	'2023-05-14 23:37:42',	'2023-05-14 23:37:42'),
('490006',	'Fenny Susana',	NULL,	NULL,	'4',	'4',	2,	'$2y$10$J4hgMGEX2u01Y1PGGUdR1OocyH/gfuUoo86XiGfH1gUJvyGJVba/2',	NULL,	NULL,	'2023-05-14 23:37:30',	'2023-05-14 23:37:30'),
('490009',	'Suroto',	NULL,	NULL,	'2',	'2',	2,	'$2y$10$dcelFzm0z13jqyJ8kkrRC.Lb.zRp5FjpK67ZK/ZZwd5JyfLG32AOm',	NULL,	NULL,	'2023-05-14 23:37:28',	'2023-05-14 23:37:28'),
('490026',	'Aep Saepudin',	NULL,	NULL,	'2',	'2',	3,	'$2y$10$uePhgfwM/vgIaeODcwex/OonTBIL0bzbJ0ON5.jYynsEsZISduO4K',	NULL,	NULL,	'2023-05-14 23:37:42',	'2023-05-14 23:37:42'),
('490033',	'Sutedjo Iswanto',	NULL,	NULL,	'2',	'2',	3,	'$2y$10$0huRGeGeYxzph/5TW9F/CePRJLUyRRrXn2EhpV3d930rlZgJ5JLwq',	NULL,	NULL,	'2023-05-14 23:37:39',	'2023-05-14 23:37:39'),
('490035',	'Deniyati',	NULL,	NULL,	'4',	'4',	2,	'$2y$10$j3yJmJRyfs0VxsspvmA9Oe4JW0w3fDJSzXB2Ve/4emTQPlqFYptwu',	NULL,	NULL,	'2023-05-14 23:37:29',	'2023-05-14 23:37:29'),
('490047',	'Tohidin',	NULL,	NULL,	'2',	'2',	2,	'$2y$10$t7xwcTtD7NyFRsxT4EmjQuFdDnw/VJ3VNQoziyxhrhOvOhvvjyuxC',	NULL,	NULL,	'2023-05-14 23:37:28',	'2023-05-14 23:37:28'),
('490100',	'Tri Maryoto',	NULL,	NULL,	'2',	'2',	3,	'$2y$10$HEN6c1WDnhgyceoWfDZMd.X12nuJM9R2Np6v9KAO8TVmYI1uDKw4.',	NULL,	NULL,	'2023-05-14 23:37:31',	'2023-05-14 23:37:31'),
('490108',	'Yudhanarko Tri Widodo',	NULL,	NULL,	'2',	'2',	3,	'$2y$10$w7bf.vQ14g1OHPwBPCIQwujV7V8/m5SUDko82389N5uavGnxnTxCW',	NULL,	NULL,	'2023-05-14 23:37:37',	'2023-05-14 23:37:37'),
('490110',	'Surendra Purba',	NULL,	NULL,	'2',	'2',	2,	'$2y$10$2WQlKjftJp3B2E0Y9Ufmp.LMlRxL2KH6R5ofF5EPEc6BwUS5b0cAW',	NULL,	NULL,	'2023-05-14 23:37:28',	'2023-05-14 23:37:28'),
('490111',	'Wiwin Winangsih Dariah',	NULL,	NULL,	'3',	'3',	3,	'$2y$10$R.nA4chl77HECjqB56akN.L.yPeFepi5w.IWnuFRwIOYwEyIFf/Xq',	NULL,	NULL,	'2023-05-14 23:37:43',	'2023-05-14 23:37:43'),
('490112',	'Suyono',	NULL,	NULL,	'2',	'2',	3,	'$2y$10$2vuD3g6dDut0h5Tm6Pv41uDPa0U638VTQngHN8zdVG5UyJuT23mqa',	NULL,	NULL,	'2023-05-14 23:37:41',	'2023-05-14 23:37:41'),
('490114',	'Muhammad Taufik',	NULL,	NULL,	'2',	'2',	3,	'$2y$10$db4pwZRihldVcRLAl5SsrONhsBY.RWi.MqiOOsAYRM5T9UgABzcBW',	NULL,	NULL,	'2023-05-14 23:37:47',	'2023-05-14 23:37:47'),
('490117',	'Bambang Windratno',	NULL,	NULL,	'3',	'3',	2,	'$2y$10$LLJ/xO.5Oms8c3sC4QzVG.4vxLEYKbsFBGHiS8/TR3XXHUXxbuJRm',	NULL,	NULL,	'2023-05-14 23:37:29',	'2023-05-14 23:37:29'),
('490118',	'Erwin Septian',	NULL,	NULL,	'2',	'2',	3,	'$2y$10$2mkEq3WEh9BXHPcMu1T5YO07q65738Y4Xp.LnLVNIS3xq8HNJIgDS',	NULL,	NULL,	'2023-05-14 23:37:47',	'2023-05-14 23:37:47'),
('490122',	'Ismail Supriadi',	NULL,	NULL,	'4',	'4',	3,	'$2y$10$RtQmVaycd3K/1HuIJlA8jOdY9gsfouDQxOhYVUcNDFUQRmYyvADOq',	NULL,	NULL,	'2023-05-14 23:37:45',	'2023-05-14 23:37:45'),
('490123',	'Aceng Hasan Makiyah St',	NULL,	NULL,	'4',	'4',	2,	'$2y$10$psuqEaDL3odTjgMoHH395.6XY9n875OGeydv4aKHjviFUIk1QR3iq',	NULL,	NULL,	'2023-05-14 23:37:29',	'2023-05-14 23:37:29'),
('490124',	'Cep Dheny Firmansyah',	NULL,	NULL,	'3',	'3',	3,	'$2y$10$Epon4KDnbQOg0uEZCMw6euXksP0Yf2O1mw8InluMDJKvs2yYc8EVu',	NULL,	NULL,	'2023-05-14 23:37:43',	'2023-05-14 23:37:43'),
('490127',	'Yayan Kurnia Suherman',	NULL,	NULL,	'4',	'4',	2,	'$2y$10$6FYsknn8KWhzoDwFxXq2v.W1ik.4MjSsLqWSpGAvrQuv62uFwjWnW',	NULL,	NULL,	'2023-05-14 23:37:30',	'2023-05-14 23:37:30'),
('490130',	'Andi Aziz Ghofar',	NULL,	NULL,	'2',	'2',	2,	'$2y$10$uXSivY9TaAXCWzlCsmiBouFtKcSxvSmmzcL12n3OuCLqfGhkNb1lm',	NULL,	NULL,	'2023-05-14 23:37:30',	'2023-05-14 23:37:30'),
('490132',	'Tono Wahdianto',	NULL,	NULL,	'4',	'4',	3,	'$2y$10$h4CP9glNwNVup3JabiQmt.xmuIzS5UsODVBMc79qEShGu7uMnrysK',	NULL,	NULL,	'2023-05-14 23:37:49',	'2023-05-14 23:37:49'),
('490133',	'Ranata Gita Permata',	NULL,	NULL,	'3',	'3',	2,	'$2y$10$0mgMSAP.ycOFdQLvnB85OertX1REQ2f2LwzyPr73aF2CVaLU6eKMO',	NULL,	NULL,	'2023-05-14 23:37:30',	'2023-05-14 23:37:30'),
('490135',	'Jajat Permana',	NULL,	NULL,	'2',	'2',	3,	'$2y$10$f3VQlRv9840.y9Nnnycra.9ZabQU8OCEafeupngFD.ggC8nkV72s6',	NULL,	NULL,	'2023-05-14 23:37:42',	'2023-05-14 23:37:42'),
('490136',	'Armi Eriza',	NULL,	NULL,	'6',	'6',	3,	'$2y$10$pd5e2aIHWTMgoyr8r3flE.NNv4iOc4zOfHpVxrC57NirgqI80A4.q',	NULL,	NULL,	'2023-05-14 23:38:23',	'2023-05-14 23:38:23'),
('490137',	'Agus Suparman',	NULL,	NULL,	'2',	'2',	3,	'$2y$10$WLmteoGEgXrQFRrhB1VluuiEf7k/OhYDKLjxXk8d/PdAuA4aEgiB6',	NULL,	NULL,	'2023-05-14 23:37:44',	'2023-05-14 23:37:44'),
('490138',	'Leony Agustina Samosir',	NULL,	NULL,	'4',	'4',	3,	'$2y$10$JydOsQfnQZXFE3qrtY5xf.VpCukwJO4FXIz84C6cUrXQc7ZK2iaAW',	NULL,	NULL,	'2023-05-14 23:37:31',	'2023-05-14 23:37:31'),
('490139',	'Evlin Evalina',	NULL,	NULL,	'2',	'2',	2,	'$2y$10$psUg5FlO8.3iZ.H7xD7egetK/bUENLIkfTkCtzGmFzH0JZs5JHdGm',	NULL,	NULL,	'2023-05-14 23:37:29',	'2023-05-14 23:37:29'),
('490140',	'Rendi Risdiansyah',	NULL,	NULL,	'2',	'2',	3,	'$2y$10$dQYuW4T.jnAEPXiLz.x2R.dNas3v2XBcsCg9q7x4ZsEaNV/3j/R0G',	NULL,	NULL,	'2023-05-14 23:37:42',	'2023-05-14 23:37:42'),
('490141',	'Dendi Nugraha',	NULL,	NULL,	'2',	'2',	2,	'$2y$10$S7MxhdH9WInmiWIQWszB1ey.HMER9lThgwHSlcFOvMXvYEAVL5OPS',	NULL,	NULL,	'2023-05-14 23:37:29',	'2023-05-14 23:37:29'),
('500024',	'Muhammad Sa\'di',	NULL,	NULL,	'2',	'2',	2,	'$2y$10$nyO21wCJX4eRtzlr05tBnO1oJVTp54.BcoolXsO1ZqjUMx/onBUVW',	NULL,	NULL,	'2023-05-14 23:36:22',	'2023-05-14 23:36:22'),
('500026',	'Elias Lerebulan',	NULL,	NULL,	'5',	'5',	3,	'$2y$10$QEBBvQJhzDMSB57RFDw9PuoaiaH2FKNJIf1.HAAKWJlml30YKR.ou',	NULL,	NULL,	'2023-05-14 23:37:23',	'2023-05-14 23:37:23'),
('500033',	'Ande Setiawan',	NULL,	NULL,	'2',	'2',	2,	'$2y$10$V3YdoC74876dIntJXVA.cesMCMeVL4uKxfCzNLM.adeq5tzapokOW',	NULL,	NULL,	'2023-05-14 23:36:22',	'2023-05-14 23:36:22'),
('500112',	'Ita Novita',	NULL,	NULL,	'4',	'4',	3,	'$2y$10$Z3S5Mn67vhS5hbJlK4UaI.KsCF4dFQ0U1ebECamXh/F17JjvtTIoq',	NULL,	NULL,	'2023-05-14 23:37:18',	'2023-05-14 23:37:18'),
('500191',	'Paulina Louhenapessy',	NULL,	NULL,	'2',	'2',	3,	'$2y$10$tABRMb9SHbD/2.EhbDLS0OXawqslpCSDidqATO1sOXQmrqkSM4g6u',	NULL,	NULL,	'2023-05-14 23:36:30',	'2023-05-14 23:36:30'),
('500303',	'Ahmad Muttaqien',	NULL,	NULL,	'5',	'5',	3,	'$2y$10$Yxxx/NRw8Jes/F691jdA7u.bvQSB6t2VJk5wbweWRHQs8A2pH3zOe',	NULL,	NULL,	'2023-05-14 23:37:20',	'2023-05-14 23:37:20'),
('500335',	'Sondang Debora',	NULL,	NULL,	'4',	'4',	3,	'$2y$10$B4L9Bw7YUkTx9A.d/gTUxeX5tauPm6Rv0o9OHR.CBaMJl3D3LPF7q',	NULL,	NULL,	'2023-05-14 23:37:19',	'2023-05-14 23:37:19'),
('500484',	'Cucu Cahyadi',	NULL,	NULL,	'5',	'5',	2,	'$2y$10$z3JsfuoYaB6j1seWUum8I.fIeF58xqmc5CHBc/Etgjn6wUoscC8Z6',	NULL,	NULL,	'2023-05-14 23:37:28',	'2023-05-14 23:37:28'),
('500714',	'Guon Friyono',	NULL,	NULL,	'2',	'2',	3,	'$2y$10$FYVXaQdaw5zI2enmIfXO4ehWJTYye9vwn1jTxmqnhSgEDakl6ZlzW',	NULL,	NULL,	'2023-05-14 23:36:26',	'2023-05-14 23:36:26'),
('500722',	'Danny Firmansyah',	NULL,	NULL,	'4',	'4',	3,	'$2y$10$MCfCYEJswXkrZVxVJtYfAeTNG6ox4lRtzpthN1IYhBSrW3N2D2UEy',	NULL,	NULL,	'2023-05-14 23:37:01',	'2023-05-14 23:37:01'),
('500772',	'Sukirno .',	NULL,	NULL,	'2',	'2',	3,	'$2y$10$vdaX5JVF7GV.lJZI.gQ2z.YdNnVATfAevaS8ZUz5sPFUWZJb4kPbe',	NULL,	NULL,	'2023-05-14 23:37:23',	'2023-05-14 23:37:23'),
('500862',	'Irwan Sugiarto',	NULL,	NULL,	'2',	'2',	3,	'$2y$10$MnkfWczmIe08izTZGp8PvupIkbwBfhPxFHQNO2aZg9flErhUinvfe',	NULL,	NULL,	'2023-05-14 23:37:01',	'2023-05-14 23:37:01'),
('500925',	'Akhmad Eka Hadi',	NULL,	NULL,	'5',	'5',	3,	'$2y$10$7FaIZJ32.Vy/qKXWeIbTAuMC6Y3uY5V5PdRxK0HfENFSC5SGBIuRu',	NULL,	NULL,	'2023-05-14 23:37:23',	'2023-05-14 23:37:23'),
('501122',	'Usep Ruswandi',	NULL,	NULL,	'2',	'2',	3,	'$2y$10$KYxtN.k7xThrxd0UbzUd6u6Yl1Sf3cbuJ7Q8DnUCMKIYJHSDSUnoq',	NULL,	NULL,	'2023-05-14 23:36:30',	'2023-05-14 23:36:30'),
('501162',	'Budiarto .',	NULL,	NULL,	'2',	'2',	3,	'$2y$10$VRYSx8b9o42WpqYzZWCoIuy3Qz7hiZ98CrAIqw7GvzJz5XPTaxBv2',	NULL,	NULL,	'2023-05-14 23:37:23',	'2023-05-14 23:37:23'),
('502174',	'Bambang Narita',	NULL,	NULL,	'2',	'2',	3,	'$2y$10$grui6/QDLq/itfdPXdT1LOZUAynETHQkEJaIN0iBoqvz7dOSLvlZi',	NULL,	NULL,	'2023-05-14 23:36:26',	'2023-05-14 23:36:26'),
('502189',	'Husni Mubarok',	NULL,	NULL,	'2',	'2',	3,	'$2y$10$9n7QnsYaZYCw2ODBClRsr.H4FWEAH6XZX8Xq6DtcljlzC5myGvAce',	NULL,	NULL,	'2023-05-14 23:36:58',	'2023-05-14 23:36:58'),
('502946',	'Agustinus Ramayanto',	NULL,	NULL,	'2',	'2',	3,	'$2y$10$eTEzYZGMYkzx6gYEL7KIbOIZ6nH54yAp8UwCokLlZY3hl63/h2O56',	NULL,	NULL,	'2023-05-14 23:37:23',	'2023-05-14 23:37:23'),
('503046',	'Lilis Nurcahyanti',	NULL,	NULL,	'4',	'4',	3,	'$2y$10$j2R19HXuxfQSxy6G1N5x.OkoqGJX/g9M/okFn2AnPjLTHdAfXhdfm',	NULL,	NULL,	'2023-05-14 23:36:25',	'2023-05-14 23:36:25'),
('503277',	'Tony Kusnandar',	NULL,	NULL,	'2',	'2',	3,	'$2y$10$qlt61fdcnS9LeqplbuFrwe37fgsDS3nq8VjHoptqWksJWvEB/ZQmy',	NULL,	NULL,	'2023-05-14 23:36:29',	'2023-05-14 23:36:29'),
('503285',	'Sugeng Pramono',	NULL,	NULL,	'2',	'2',	3,	'$2y$10$CYjjpxxSAzsfZ6za7AReGeN7qzDQddwMl60Z1aMvS9lQ5HMKhNW26',	NULL,	NULL,	'2023-05-14 23:36:26',	'2023-05-14 23:36:26'),
('503590',	'Asep Firman Sopandi',	NULL,	NULL,	'2',	'2',	3,	'$2y$10$TxLdEUb.vm.tskcM/0vxNOoWoNod1B/AoDXBLnKqn0zNoxdLRyOyy',	NULL,	NULL,	'2023-05-14 23:36:28',	'2023-05-14 23:36:28'),
('590005',	'Hidayat',	NULL,	NULL,	'2',	'2',	2,	'$2y$10$UhXTiVD8eF.gCKjTDxMPluANi71pk.GhazdKosGGlkKUKR/LGh96i',	NULL,	NULL,	'2023-05-14 23:36:22',	'2023-05-14 23:36:22'),
('590009',	'Subagyo',	NULL,	NULL,	'2',	'2',	2,	'$2y$10$gOptR90I9.piUh6P5RnJmOsV1iu4/FyDIZFavAyh9KIp0bMaZqvKq',	NULL,	NULL,	'2023-05-14 23:36:22',	'2023-05-14 23:36:22'),
('590010',	'Jumanto',	NULL,	NULL,	'2',	'2',	3,	'$2y$10$ba16BPlVvp6Zuujc9osB3.Y8TryQP.D5AQjyo6/GTtMrA/ylGAXK6',	NULL,	NULL,	'2023-05-14 23:36:26',	'2023-05-14 23:36:26'),
('590014',	'Nuran',	NULL,	NULL,	'2',	'2',	2,	'$2y$10$75u9rVMNG6m7JNOCHyEXDurSt3QAwIifF/TMwCyS6GKvjzsnyRhS2',	NULL,	NULL,	'2023-05-14 23:36:22',	'2023-05-14 23:36:22'),
('590016',	'Hamdan Wiranto',	NULL,	NULL,	'2',	'2',	3,	'$2y$10$GUf8U7r0vtNqpBWGHYIPpu/DuEMuupS48JeUKgjNNJqbZIJ441PSC',	NULL,	NULL,	'2023-05-14 23:36:28',	'2023-05-14 23:36:28'),
('590019',	'Wahyono',	NULL,	NULL,	'2',	'2',	2,	'$2y$10$wChwxbx64ouR7F6M0HF7Meeok2tyPuCoBk8fS4ZYPsuu3KgzEccHC',	NULL,	NULL,	'2023-05-14 23:36:22',	'2023-05-14 23:36:22'),
('590020',	'Agus Wachyudi',	NULL,	NULL,	'2',	'2',	3,	'$2y$10$EEStlHw58BJALHPOpQX1Hu/JoTsMuOiPZYDAvPC7iHhM9KVQH07a.',	NULL,	NULL,	'2023-05-14 23:36:30',	'2023-05-14 23:36:30'),
('590025',	'Nazuardi',	NULL,	NULL,	'5',	'5',	3,	'$2y$10$j8/HgH3wLlSAjpN06l6WXOL..k6AKHCyEsSi.W4xWIISJzUEXBuTe',	NULL,	NULL,	'2023-05-14 23:37:22',	'2023-05-14 23:37:22'),
('590038',	'Catur Wahyu Hidayat',	NULL,	NULL,	'2',	'2',	3,	'$2y$10$ord1wyRFZqKJQaCjdX6tjel1xpWBk1EpxAOlKRMqr6.t0IiGKnf1q',	NULL,	NULL,	'2023-05-14 23:36:31',	'2023-05-14 23:36:31'),
('590039',	'Yanyan Hermawan',	NULL,	NULL,	'2',	'2',	2,	'$2y$10$7TUqN6KLiWtOjWdWsuLUTOcv2JGnVK3SRBcAZRWFFpC9uTwdacJJ6',	NULL,	NULL,	'2023-05-14 23:36:23',	'2023-05-14 23:36:23'),
('590041',	'Aris Junaidi Setiawan',	NULL,	NULL,	'2',	'2',	3,	'$2y$10$jxthQHDre934cqkWXyvJxeu9ld4ACu2VrQAJxxclNkPbAFB2W4M4m',	NULL,	NULL,	'2023-05-14 23:36:31',	'2023-05-14 23:36:31'),
('590050',	'Andriyansah',	NULL,	NULL,	'2',	'2',	3,	'$2y$10$fQi3r6rnsjGG24HiEvHa9u2O4T6mu6wig6nXL6tAvOTMkbQghSXrG',	NULL,	NULL,	'2023-05-14 23:36:31',	'2023-05-14 23:36:31'),
('590053',	'Yogi Setiadi',	NULL,	NULL,	'2',	'2',	2,	'$2y$10$1Qs7rBATrSDi2vwu/8/sfOoBXzEk3mD0A3jkA5faKRimg./SExq1q',	NULL,	NULL,	'2023-05-14 23:36:23',	'2023-05-14 23:36:23'),
('590058',	'Haris Mulyana',	NULL,	NULL,	'2',	'2',	3,	'$2y$10$o5utlmizVddqjCWakJ0ioe9TMZfvlr/ZnG4s6EvR6XOnff/.DM6yG',	NULL,	NULL,	'2023-05-14 23:37:01',	'2023-05-14 23:37:01'),
('590060',	'Zakiyudin Wardani',	NULL,	NULL,	'5',	'5',	3,	'$2y$10$3lu4fm7Y0hj8FQ/9MDbu0emBnqZbs9UD5gKHZcNu/m1kvnu73XcM.',	NULL,	NULL,	'2023-05-14 23:37:01',	'2023-05-14 23:37:01'),
('590061',	'Iman Rachman',	NULL,	NULL,	'2',	'2',	3,	'$2y$10$0Qf9Pk7y2H83AKk3YKZ5Y.sVTOT1vjVzBwVp9RotuqVavLXJ4jAjq',	NULL,	NULL,	'2023-05-14 23:36:31',	'2023-05-14 23:36:31'),
('590064',	'Yusep Yudiana',	NULL,	NULL,	'2',	'2',	3,	'$2y$10$f6qxcVJQ6scBmGdufPyUFuDFn8EG59QbLw9IYXPsAQ59q/0xab08y',	NULL,	NULL,	'2023-05-14 23:36:25',	'2023-05-14 23:36:25'),
('590065',	'Mokhammad Juniadhi Abdillah',	NULL,	NULL,	'2',	'2',	3,	'$2y$10$ZFh9T9wOXuyEYkLPuMJOGuu890sKNOkKpBcdXJYI7ZFcH4ni/DXuO',	NULL,	NULL,	'2023-05-14 23:36:28',	'2023-05-14 23:36:28'),
('590066',	'Agung Yudho Prabowo',	NULL,	NULL,	'2',	'2',	3,	'$2y$10$6X0/7Bk.qRGWtbGENZT6DubtjWrnnFVaOSlVqj5L..kACBwJBqJhu',	NULL,	NULL,	'2023-05-14 23:36:31',	'2023-05-14 23:36:31'),
('590068',	'Mellisa Indah Bestari',	NULL,	NULL,	'4',	'4',	3,	'$2y$10$vHHRIzWyvWa44Fu4KLaBOezw9EG.LzSJymND5fSsnxxkXbzOjRN22',	NULL,	NULL,	'2023-05-14 23:37:18',	'2023-05-14 23:37:18'),
('590069',	'Egha Sulistrieawan',	NULL,	NULL,	'2',	'2',	3,	'$2y$10$vNCO0bwFv//7QsYBQMJfT.HKFk8obIBnsr8cbbozlK3vtbmbG0VDm',	NULL,	NULL,	'2023-05-14 23:36:26',	'2023-05-14 23:36:26'),
('590070',	'Faisal Haque',	NULL,	NULL,	'2',	'2',	3,	'$2y$10$itqTFPM5G0zxdi/j.heo4uPzT6lM0p2GsLACZn4Z1RQpSjW99fr3.',	NULL,	NULL,	'2023-05-14 23:36:25',	'2023-05-14 23:36:25'),
('590071',	'Ryan Kyoto',	NULL,	NULL,	'2',	'2',	3,	'$2y$10$YwMM6YNOytD82pMjmUVyZe0X5rjRmNC.K8xhd/PyT1yBlEnW8hqee',	NULL,	NULL,	'2023-05-14 23:36:32',	'2023-05-14 23:36:32'),
('590072',	'Tohirin',	NULL,	NULL,	'2',	'2',	2,	'$2y$10$/UaMA49HfZWudI0uMYL6u.mkc5LofXamWsrJiPSCqv55cL8N4HehW',	NULL,	NULL,	'2023-05-14 23:36:21',	'2023-05-14 23:36:21'),
('590073',	'Ari Andiwisam Dwiyanto',	NULL,	NULL,	'2',	'2',	3,	'$2y$10$NbRG2Q0XKZZtPqqbx.U7/OwBtScWsB2ElJsT4s131AAlVhl4gP/rm',	NULL,	NULL,	'2023-05-14 23:37:18',	'2023-05-14 23:37:18'),
('590075',	'Lutfi Julianto',	NULL,	NULL,	'2',	'2',	3,	'$2y$10$ecdbespJx9GugG8UVolnOutQFPP/1V/e2uFuyYfU/bq9rton3QRxK',	NULL,	NULL,	'2023-05-14 23:37:01',	'2023-05-14 23:37:01'),
('590076',	'Naufal Alfarizi',	NULL,	NULL,	'2',	'2',	3,	'$2y$10$GAFp2A18/ZLRhx1qEpD/4e6fZy2atmwmZ9.jnV7CH3Yoq7WWRUhh6',	NULL,	NULL,	'2023-05-14 23:36:25',	'2023-05-14 23:36:25'),
('590077',	'Putu Sri Hutari',	NULL,	NULL,	'4',	'4',	3,	'$2y$10$C6VQ8Ce2gG3/rSQvzz5jDekWlPHqXUs56I4vR0ku3xSknPl/CjfBK',	NULL,	NULL,	'2023-05-14 23:37:19',	'2023-05-14 23:37:19'),
('590078',	'Yudi Suyudi',	NULL,	NULL,	'5',	'5',	2,	'$2y$10$lP1mYostryFWB.FCeT6TIOJJEGANxzjdioVjKU5NJgiN4Lb5xcHJG',	NULL,	NULL,	'2023-05-14 23:36:23',	'2023-05-14 23:36:23'),
('590079',	'Fathkah Muflikh Mubarok',	NULL,	NULL,	'2',	'2',	3,	'$2y$10$wp0BiuUkZPcFs6DPfV72O.DVforvYoPkaYUQHQoLUGeNOS9TmvY26',	NULL,	NULL,	'2023-05-14 23:36:25',	'2023-05-14 23:36:25'),
('590080',	'Herwin Adriyan',	NULL,	NULL,	'2',	'2',	3,	'$2y$10$8Z3JryQyl8fLF0HzK8WiRebshz87b5w9MuMtuE4odc3BFgsZZV/Fy',	NULL,	NULL,	'2023-05-14 23:36:27',	'2023-05-14 23:36:27'),
('590081',	'Muhammad Amriazmi',	NULL,	NULL,	'2',	'2',	3,	'$2y$10$wiDX2xaOfeSj0mA.wu7.1u9DuQy.Pra7n6fwb6w0nFZNt7kaz81Z.',	NULL,	NULL,	'2023-05-14 23:36:25',	'2023-05-14 23:36:25'),
('590082',	'Muhammad Fathurrahman',	NULL,	NULL,	'2',	'2',	3,	'$2y$10$PhJzvUQ4fMvpVWQrswz5detbmWOuwa.2qzIhyZqUPcR7JGdYPZIVG',	NULL,	NULL,	'2023-05-14 23:36:27',	'2023-05-14 23:36:27'),
('590083',	'Riadadi Komara',	NULL,	NULL,	'4',	'4',	3,	'$2y$10$4EXfhg.UNg0r1zlHXcacsOkLZJ3vRWlKJODmQbWEciyez5I3jw4tm',	NULL,	NULL,	'2023-05-14 23:37:21',	'2023-05-14 23:37:21'),
('590084',	'Dindin Wahyudin',	NULL,	NULL,	'2',	'2',	3,	'$2y$10$HSRO.thWqYgbX4.iv1SsNeK18B7W8ImpUDnovat8oQmqTpEWxbF9y',	NULL,	NULL,	'2023-05-14 23:37:21',	'2023-05-14 23:37:21'),
('590085',	'Anton Arilianto',	NULL,	NULL,	'4',	'4',	3,	'$2y$10$Zb1.5gupYKwrbnvbXHYe9O3iOVskMuWh8LyW6KK3dCmYnoqTFkW8u',	NULL,	NULL,	'2023-05-14 23:36:25',	'2023-05-14 23:36:25'),
('590086',	'Hari Kartiko',	NULL,	NULL,	'2',	'2',	3,	'$2y$10$zodOhBaElZWTTI6OCeD32.rQqeZJoVfukD9JwKBg5VWoyrVvVgLve',	NULL,	NULL,	'2023-05-14 23:36:31',	'2023-05-14 23:36:31'),
('600032',	'Naryono',	NULL,	NULL,	'4',	'4',	3,	'$2y$10$2/wAVvLuWaF7MHG8SitCxudrO28L70uNv1s76L9lD1QS8BbSEE2da',	NULL,	NULL,	'2023-05-14 23:38:23',	'2023-05-14 23:38:23'),
('600035',	'Munasik',	NULL,	NULL,	'4',	'4',	3,	'$2y$10$5jUCuxkt1rshX3/S1XxFdeQQ9iXdfCtB/vKiidXdn8Bh/99ODQT6i',	NULL,	NULL,	'2023-05-14 23:38:08',	'2023-05-14 23:38:08'),
('600049',	'Masitah',	NULL,	NULL,	'6',	'6',	3,	'$2y$10$Vvpfq3i8MpVYlBi0eineMuOQlVHdhN8hBF34lb8Wo0kpF.tLzx9UK',	NULL,	NULL,	'2023-05-14 23:38:23',	'2023-05-14 23:38:23'),
('600053',	'Nirwati',	NULL,	NULL,	'4',	'4',	3,	'$2y$10$DvjResc1.Jj7AnYQRh//q.alNAN7tjYUX.t7.tLCMfm6yrIfFRg2C',	NULL,	NULL,	'2023-05-14 23:38:18',	'2023-05-14 23:38:18'),
('600054',	'Rofi\'i Rahadi',	NULL,	NULL,	'6',	'6',	3,	'$2y$10$/3.Xjg6pSkUSdqRM53rxhuhx9pUhPh67mJqeNG4S9L8Q3dpSGEcMu',	NULL,	NULL,	'2023-05-14 23:38:28',	'2023-05-14 23:38:28'),
('600058',	'Esterlina Br Sukaten',	NULL,	NULL,	'4',	'4',	2,	'$2y$10$n/XNyXt0jYYKG9eVW0yJVurSUML.Y4W6RX1xIvvU3Th7qXYz8FbtG',	NULL,	NULL,	'2023-05-14 23:37:58',	'2023-05-14 23:37:58'),
('600066',	'Suprapti',	NULL,	NULL,	'6',	'6',	3,	'$2y$10$czknwcnhtNUkYTMoRW2IWOJ25Hoaci5Cej19TfSuK87D3H/jTWUA6',	NULL,	NULL,	'2023-05-14 23:38:23',	'2023-05-14 23:38:23'),
('600074',	'Slamet Riyadi',	NULL,	NULL,	'4',	'4',	3,	'$2y$10$gi6zKlu9MjUwTosFIHal2uBD6Cnc10JHgnZFR2EIITTob4Li2bM1K',	NULL,	NULL,	'2023-05-14 23:38:19',	'2023-05-14 23:38:19'),
('600080',	'Mutiarini',	NULL,	NULL,	'3',	'3',	3,	'$2y$10$3HyUkxQzbqULNaiXGtp81.W76bGKO2yBtNQI/Ban5w4K1g/VKoixu',	NULL,	NULL,	'2023-05-14 23:38:16',	'2023-05-14 23:38:16'),
('600083',	'Riswandi',	NULL,	NULL,	'4',	'4',	2,	'$2y$10$UIS2gh4VT6wr3eveqDWYEuxOFiAQ67Mao/0.PjYSEm5NAXCriOF3i',	NULL,	NULL,	'2023-05-14 23:37:24',	'2023-05-14 23:37:24'),
('600087',	'Fahruji',	NULL,	NULL,	'4',	'4',	3,	'$2y$10$umG/9XkHtTdeVy0DMoTKHeIfj3lklytSxJsVBqm0J9D2.uscnqdKy',	NULL,	NULL,	'2023-05-14 23:37:25',	'2023-05-14 23:37:25'),
('600089',	'Agus Wiyadi',	NULL,	NULL,	'6',	'6',	3,	'$2y$10$3ahTCrutIMKm22AR5qpSNeq2nhXpbPy3q955RuwG0tsNp0UTXkHQ6',	NULL,	NULL,	'2023-05-14 23:38:28',	'2023-05-14 23:38:28'),
('600092',	'Ida Farida',	NULL,	NULL,	'4',	'4',	3,	'$2y$10$JRrfW4geYP/rLyao51S2s.tZ7VOOjvUO0Y2F5g.nSOWWuxuqfdqZa',	NULL,	NULL,	'2023-05-14 23:38:06',	'2023-05-14 23:38:06'),
('600093',	'Ingan P. Malem Sitepu',	NULL,	NULL,	'6',	'6',	3,	'$2y$10$X2cBTSc5qb/DP.5Hj0iOx.NRGZcf/IRAjPSrDhzQZyFYFhno22Mby',	NULL,	NULL,	'2023-05-14 23:38:25',	'2023-05-14 23:38:25'),
('600096',	'Sriyatun',	NULL,	NULL,	'3',	'3',	3,	'$2y$10$ZL9c9sVHgEPsGtssopB5sOaZszoA2m6OOhayTTsoJGsbb0nom6s8y',	NULL,	NULL,	'2023-05-14 23:38:05',	'2023-05-14 23:38:05'),
('600098',	'Ruswandi',	NULL,	NULL,	'3',	'3',	3,	'$2y$10$6Cfv2TPZfrjdikz5q/dg8OsSFsWmKDhhQrtzonitqTUzqlrQXNFPi',	NULL,	NULL,	'2023-05-14 23:38:04',	'2023-05-14 23:38:04'),
('600102',	'Rosmelly Getty',	NULL,	NULL,	'3',	'3',	3,	'$2y$10$JndCOjZJ1NQu2ljimZ6HX.gL2AIvL0Ite21rj2WAVGohxIM34MRla',	NULL,	NULL,	'2023-05-14 23:38:26',	'2023-05-14 23:38:26'),
('600106',	'Linda Asnani Silalahi',	NULL,	NULL,	'4',	'4',	3,	'$2y$10$BGYfMG32PYX7mHMapgANc.4Bg8waNObg16ZniJ5HHHhZcl8ysde/m',	NULL,	NULL,	'2023-05-14 23:38:25',	'2023-05-14 23:38:25'),
('600108',	'Toto Setiarto',	NULL,	NULL,	'3',	'3',	3,	'$2y$10$UqDq1FNohGrhmURzfW0a2OkhSjIioLrAIjLiLBmiXQnN.XwjgAPdq',	NULL,	NULL,	'2023-05-14 23:38:17',	'2023-05-14 23:38:17'),
('600112',	'Sudartinah',	NULL,	NULL,	'4',	'4',	3,	'$2y$10$AFq08jeT2gUs4DUlejUMM.cQ8sAdi6X880HZ76l1QJWpXlWMIRZ9S',	NULL,	NULL,	'2023-05-14 23:38:14',	'2023-05-14 23:38:14'),
('600135',	'Sriyanto',	NULL,	NULL,	'4',	'4',	3,	'$2y$10$haQ/ITdDC1lxOeNQwrhOfePBDyfW0nlby7i2ysZjAJW/REE2NIhuG',	NULL,	NULL,	'2023-05-14 23:38:27',	'2023-05-14 23:38:27'),
('600137',	'Ika Damayanti',	NULL,	NULL,	'4',	'4',	3,	'$2y$10$LHJcP.XudsodIalyUTCP/uBxXPNm8.pum0.sMmXIRh7VldBHdB.M6',	NULL,	NULL,	'2023-05-14 23:38:25',	'2023-05-14 23:38:25'),
('600144',	'Hepi Arianti',	NULL,	NULL,	'3',	'3',	3,	'$2y$10$nzHfJf/Wt/TAHkXo0DA8VecwMQxn41YpEvxB7mIFmqZpnrH.SLdri',	NULL,	NULL,	'2023-05-14 23:37:18',	'2023-05-14 23:37:18'),
('600195',	'Mei Mei Mei Sidjoko',	NULL,	NULL,	'4',	'4',	2,	'$2y$10$A1WmqqyNFTsTawTj8o5iOujDplY1FGgeuLwbyy8r3L8fawEc9QICS',	NULL,	NULL,	'2023-05-14 23:37:56',	'2023-05-14 23:37:56'),
('600200',	'Budi',	NULL,	NULL,	'4',	'4',	3,	'$2y$10$DKghkSo5kP5QMv75IgGF5ehgMq9/u9e.tLYdYYRyht4EsrGY/Tzne',	NULL,	NULL,	'2023-05-14 23:38:09',	'2023-05-14 23:38:09'),
('600202',	'Imelda Idris',	NULL,	NULL,	'4',	'4',	3,	'$2y$10$0gBIaGYRzItY7urDbwZWX.wL/b./Z8ZdIM6bhbbZuS60JkonRQHVy',	NULL,	NULL,	'2023-05-14 23:38:25',	'2023-05-14 23:38:25'),
('600203',	'Endang Rismayanti',	NULL,	NULL,	'4',	'4',	2,	'$2y$10$yBigK8FOkYCzR0iMPHMHROD/l8ZO0.TPZir6Myc07hkqvfzcH2EYu',	NULL,	NULL,	'2023-05-14 23:38:22',	'2023-05-14 23:38:22'),
('600234',	'Melva Hervia Nh',	NULL,	NULL,	'3',	'3',	3,	'$2y$10$wkgaX/4k5VWQ2j9wtL5EKuUvw6ac2VP9EFuVXY3o3SG1iAtoipQWa',	NULL,	NULL,	'2023-05-14 23:38:14',	'2023-05-14 23:38:14'),
('600243',	'Indra Irawan',	NULL,	NULL,	'4',	'4',	3,	'$2y$10$N.H0WhxQ7OESUJ2hQj3CUuQFpx68FCizvrMB.GynDPL3kdulhN80S',	NULL,	NULL,	'2023-05-14 23:37:26',	'2023-05-14 23:37:26'),
('600259',	'Dewi Rahayu',	NULL,	NULL,	'3',	'3',	3,	'$2y$10$/VRKRYxDL0i/p6gG8pTWKeNqHga90H1faIAdnsH7a2Y//K04rnCdu',	NULL,	NULL,	'2023-05-14 23:38:20',	'2023-05-14 23:38:20'),
('600262',	'Abu Muchtar',	NULL,	NULL,	'6',	'6',	2,	'$2y$10$M3YBkxma7f5RwkioXOu//eXoD36eIds9JSRCRYDe/O0.mApLPctA6',	NULL,	NULL,	'2023-05-14 23:38:21',	'2023-05-14 23:38:21'),
('600276',	'Marlina Hepi Kusuma D',	NULL,	NULL,	'4',	'4',	3,	'$2y$10$wCsTOb2/jRrSGzN0VMp.0OpslTk16jn0Fs8ISap6VeO/3E0lvl62e',	NULL,	NULL,	'2023-05-14 23:38:23',	'2023-05-14 23:38:23'),
('600279',	'Hariyanto',	NULL,	NULL,	'6',	'6',	2,	'$2y$10$y4DjTdfbMsZw5adLAw.Ia.SU/BSQr6961kg2Fgx9STHrwPKghKeES',	NULL,	NULL,	'2023-05-14 23:38:21',	'2023-05-14 23:38:21'),
('600292',	'Budiyono',	NULL,	NULL,	'2',	'2',	2,	'$2y$10$Arm6JLRy6xz/GkLfelzW7u8Nmpyh6TyJN02l7EQ1EaMM2xFyxOUhe',	NULL,	NULL,	'2023-05-14 23:38:22',	'2023-05-14 23:38:22'),
('600299',	'Ida Herawati Siregar',	NULL,	NULL,	'4',	'4',	3,	'$2y$10$PvgXIYJqgvxmqY1fkMHhguagbOvGw/P5XDOUkjH0aTJ9OB3i3w1my',	NULL,	NULL,	'2023-05-14 23:38:20',	'2023-05-14 23:38:20'),
('600301',	'Lindawati',	NULL,	NULL,	'3',	'3',	3,	'$2y$10$Ns8VYe2/bgENEhDXbM2nDehEx5RzEyTNvIXRrp.nTv0glD3yMGLcS',	NULL,	NULL,	'2023-05-14 23:38:14',	'2023-05-14 23:38:14'),
('600310',	'Dian Astika',	NULL,	NULL,	'6',	'6',	3,	'$2y$10$7A3iJra4UYjmTGpkJMRXaOJlp0UeMHa9qjM7rETiz6zu2n3C630KS',	NULL,	NULL,	'2023-05-14 23:38:37',	'2023-05-14 23:38:37'),
('600318',	'Ratna Dwi Setyawati',	NULL,	NULL,	'4',	'4',	3,	'$2y$10$CcYwbgEdDbvfOJpq6amyCeOUCJ7lBIWxqrZRtLT1KywYdIFmatQhu',	NULL,	NULL,	'2023-05-14 23:38:27',	'2023-05-14 23:38:27'),
('600335',	'Atiek Nirmalasari',	NULL,	NULL,	'2',	'2',	3,	'$2y$10$0ES9OIAYsxt/WL.FpU62NOOnXFca9bjJDOpqRTPYE0Wri9HnZk5M6',	NULL,	NULL,	'2023-05-14 23:38:23',	'2023-05-14 23:38:23'),
('600340',	'Ahmad Syarnubi',	NULL,	NULL,	'6',	'6',	3,	'$2y$10$E6cy8GjtCLcwvaKPx576CO45PsUpiJ3UHAEwQON7rZ//48RMBhGNa',	NULL,	NULL,	'2023-05-14 23:38:25',	'2023-05-14 23:38:25'),
('600341',	'Febrissa Hervianty',	NULL,	NULL,	'3',	'3',	3,	'$2y$10$2cqUHOqSFl0U2sR5417Tx.F..j13V4zbbAhaXk2hi3wJOjbkK9Tci',	NULL,	NULL,	'2023-05-14 23:38:16',	'2023-05-14 23:38:16'),
('600366',	'Noveria Hidayah',	NULL,	NULL,	'3',	'3',	3,	'$2y$10$94OrE2a.FdpN.TRFeGmOneTpjUei/qSYLrfemJDfeor643UEW0gJy',	NULL,	NULL,	'2023-05-14 23:37:21',	'2023-05-14 23:37:21'),
('600367',	'Cholisoh Amalia',	NULL,	NULL,	'3',	'3',	3,	'$2y$10$IXjY6hY.QpFaDjAYfKKvPuuT6DlNyPT5/5s94j4yngxP5r0JjFX8S',	NULL,	NULL,	'2023-05-14 23:37:22',	'2023-05-14 23:37:22'),
('600371',	'Sri Wahyuni Hidayati',	NULL,	NULL,	'4',	'4',	3,	'$2y$10$ns2NPQ.uIiCAsPf7bJ4Bx.3g00KueF2FQbbP0lG0OJzgEuYfgIRd6',	NULL,	NULL,	'2023-05-14 23:38:25',	'2023-05-14 23:38:25'),
('600373',	'Siti Ayunda Puspitasari',	NULL,	NULL,	'3',	'3',	3,	'$2y$10$e9X.RX1OOB/i/DseWHWW/.HuG7l.vPIi45HCtsgkSYTt2Kqky6x6C',	NULL,	NULL,	'2023-05-14 23:37:19',	'2023-05-14 23:37:19'),
('600381',	'Titin Suprihatin',	NULL,	NULL,	'4',	'4',	3,	'$2y$10$es47o1R0cr2Q2Y5v7uBvpOdEqdERDX5crGhrNpzgLQPJpUmlxAyC.',	NULL,	NULL,	'2023-05-14 23:38:19',	'2023-05-14 23:38:19'),
('600395',	'Lestari Magdalena',	NULL,	NULL,	'3',	'3',	3,	'$2y$10$AHoAMxE1nT9BZ3ecgrksK.xITYLrWJ1.hELloGOQn2bCyqZbEEGr.',	NULL,	NULL,	'2023-05-14 23:37:44',	'2023-05-14 23:37:44'),
('600406',	'Juwita Agustini',	NULL,	NULL,	'6',	'6',	3,	'$2y$10$2PVudwFJWhAEV6lRpPVO4Olr2FnqoGe5eAdjyQauDJmFMBl.tkIIi',	NULL,	NULL,	'2023-05-14 23:38:30',	'2023-05-14 23:38:30'),
('600413',	'Febrian Perwirasakti',	NULL,	NULL,	'4',	'4',	3,	'$2y$10$FVgUjhmYq7bpr5bVnACHcuZNNrPjagmw2EtEKTaNt17Di0iZpRjVS',	NULL,	NULL,	'2023-05-14 23:38:18',	'2023-05-14 23:38:18'),
('600415',	'Agus Syahputra',	NULL,	NULL,	'4',	'4',	2,	'$2y$10$WcLk9TEuA0D/PEfMsl9uG.soJA7gVO1do.bgR6p973uWayi188vJ2',	NULL,	NULL,	'2023-05-14 23:37:55',	'2023-05-14 23:37:55'),
('600419',	'Wahyu Kristinaningrum',	NULL,	NULL,	'4',	'4',	3,	'$2y$10$NFa4EiwqAOAIYh.Uxm7Fx.NnQPSFgl.JzqZeHHsdgXNExBhyTj06u',	NULL,	NULL,	'2023-05-14 23:38:23',	'2023-05-14 23:38:23'),
('600420',	'Vidi Edvina Nova',	NULL,	NULL,	'4',	'4',	3,	'$2y$10$hJvzG5jGIy4euL6LBNsUr.nPSf5rrZqV93iutRh825z5M5eSQ823i',	NULL,	NULL,	'2023-05-14 23:38:26',	'2023-05-14 23:38:26'),
('600423',	'Widiana Suciati',	NULL,	NULL,	'4',	'4',	3,	'$2y$10$EaNOg9IOA6bKWLixULl3/uvGoRlhtxlaWmfsGzr3PkDfQLFP9kJK.',	NULL,	NULL,	'2023-05-14 23:38:29',	'2023-05-14 23:38:29'),
('600424',	'Arief Prajoko',	NULL,	NULL,	'4',	'4',	3,	'$2y$10$rIxKd3WYvmGYqz.SLznsAOLAKJUpQb/Rh6v.Y9QRja3BmWiwtr.F.',	NULL,	NULL,	'2023-05-14 23:38:14',	'2023-05-14 23:38:14'),
('600428',	'Irma Puspita Ningrum',	NULL,	NULL,	'4',	'4',	3,	'$2y$10$.BD7gWAKCLY4uu9ikpQpkuj9Er30fimzT2zo9KT0H62psL/PJwWDu',	NULL,	NULL,	'2023-05-14 23:38:28',	'2023-05-14 23:38:28'),
('600431',	'Julius Philip Timotius',	NULL,	NULL,	'4',	'4',	2,	'$2y$10$.djAPuG/ZaP9jPGlprhVGOY99YqATKJC1P3d3Pw2cnEVnYKRis79G',	NULL,	NULL,	'2023-05-14 23:37:54',	'2023-05-14 23:37:54'),
('600433',	'Nooviena Yunarni',	NULL,	NULL,	'3',	'3',	3,	'$2y$10$4P/bbyJbF0.OkkiEIu7ipeL.QL1sNaI3LHw.TPh2rjFC2pthR6tBy',	NULL,	NULL,	'2023-05-14 23:38:15',	'2023-05-14 23:38:15'),
('600440',	'Rangga Dwi Putra',	NULL,	NULL,	'4',	'4',	2,	'$2y$10$w5luPvmyQLbt5ExUtAR7feQEh15loGRfV3jzSs1ZzTwH0I9BLnR0.',	NULL,	NULL,	'2023-05-14 23:38:22',	'2023-05-14 23:38:22'),
('600443',	'Jovanka Lucia Augustina',	NULL,	NULL,	'3',	'3',	3,	'$2y$10$dG.oHhJGJQIBesJoUQbpIuf4ViuBrIRs2axPNk0bZIY5EW/2wNPja',	NULL,	NULL,	'2023-05-14 23:37:22',	'2023-05-14 23:37:22'),
('600446',	'Fitri Handayani',	NULL,	NULL,	'4',	'4',	3,	'$2y$10$5VqU2jTO.b6GdMNk5cdNIeSOg4hn.VWNfVDJuX/hTr/aEg7CyxXjG',	NULL,	NULL,	'2023-05-14 23:38:20',	'2023-05-14 23:38:20'),
('600449',	'Ferdiansyah Abdussamad',	NULL,	NULL,	'3',	'3',	3,	'$2y$10$qdJzbmkEtKnsSKx.BKNZSOw/hh28AXzh9jNLsbztQqUey6KkVHxsu',	NULL,	NULL,	'2023-05-14 23:38:17',	'2023-05-14 23:38:17'),
('600466',	'Anisa Nur Amalia',	NULL,	NULL,	'3',	'3',	3,	'$2y$10$eeJbC8tYrh4d/vS85jbuIuE0RGgVVjGTytXTQRv.abLIN0xClXuUi',	NULL,	NULL,	'2023-05-14 23:37:22',	'2023-05-14 23:37:22'),
('600469',	'Muhammad Ramadhan',	NULL,	NULL,	'6',	'6',	2,	'$2y$10$DI/Vg9klDD8gOfPR5MSpfuxwQ.lDTgNCx6C3FocC0MzvtU955mkwm',	NULL,	NULL,	'2023-05-14 23:38:22',	'2023-05-14 23:38:22'),
('600472',	'Alfredo Pradikta',	NULL,	NULL,	'4',	'4',	2,	'$2y$10$kGMmwUVOYeMw8b00KZOTDeF918EoUszZvULjfQiz3zO5pjLZIczKq',	NULL,	NULL,	'2023-05-14 23:37:56',	'2023-05-14 23:37:56'),
('600474',	'Nurhayati',	NULL,	NULL,	'3',	'3',	3,	'$2y$10$o0E0Tc827HYurjMIUsK.auavV1Yv53U.nCDyGk6fg/QiGxrL302cu',	NULL,	NULL,	'2023-05-14 23:38:08',	'2023-05-14 23:38:08'),
('600475',	'Mohammad Ibnu Fachrurrazi',	NULL,	NULL,	'6',	'6',	3,	'$2y$10$Sxkn0wAcmrsHelYI7OBsdOCNMKH2JLzuKxuFukTPZ.xGp3OnziRlG',	NULL,	NULL,	'2023-05-14 23:38:27',	'2023-05-14 23:38:27'),
('600477',	'Dewi Anggreny Liu',	NULL,	NULL,	'4',	'4',	3,	'$2y$10$YFYC/sSeQUMoShgjC0lvXuAFXwY6BjjpqYnASSa3ozUjvUaAi3.LS',	NULL,	NULL,	'2023-05-14 23:38:25',	'2023-05-14 23:38:25'),
('600481',	'Merry Apriliana Wongkar',	NULL,	NULL,	'4',	'4',	3,	'$2y$10$gqAbk/ZPXjKm/73HhJ0T/Ob8TR77HGqtVWOykwhlQXKknzwFDwtPq',	NULL,	NULL,	'2023-05-14 23:38:26',	'2023-05-14 23:38:26'),
('600484',	'Irin Purwanti',	NULL,	NULL,	'3',	'3',	3,	'$2y$10$mxV9w9iAQPbBOw8op/fvreT68PO36P4KUhj/36iJMh60SXNBzJaGG',	NULL,	NULL,	'2023-05-14 23:37:18',	'2023-05-14 23:37:18'),
('600486',	'Afri Argiawan',	NULL,	NULL,	'2',	'2',	3,	'$2y$10$yxHCP317b0e8Rn66jnj7muZ.7Bpqyo.yAY4w0A3.QRxP4P2LKHsxa',	NULL,	NULL,	'2023-05-14 23:38:23',	'2023-05-14 23:38:23'),
('600487',	'Maya Nurmalasari',	NULL,	NULL,	'4',	'4',	3,	'$2y$10$4ECRP3Xv0IZeGMt7BrvS5e3pDyDHn8El0041MJOFK2iuHL2S8SfGe',	NULL,	NULL,	'2023-05-14 23:38:25',	'2023-05-14 23:38:25'),
('600490',	'Renni Maryani',	NULL,	NULL,	'4',	'4',	3,	'$2y$10$u6Dl.zUSZC/dzny9hluOsO75UPx7xfG7c0a4PUEI52AZyL8fq5hTq',	NULL,	NULL,	'2023-05-14 23:38:27',	'2023-05-14 23:38:27'),
('600495',	'Andy Pratama',	NULL,	NULL,	'4',	'4',	3,	'$2y$10$9I8Rfl3KaXB4S8DfNLoUKOkSDzdHSt4nwk0WmEBByCJfZSeDIfkCy',	NULL,	NULL,	'2023-05-14 23:38:03',	'2023-05-14 23:38:03'),
('600498',	'Nur Rachmad Gozali',	NULL,	NULL,	'6',	'6',	3,	'$2y$10$v2gKX06lhrw7GqbUo9DWku18dG4Bpe/YdSZJZlb.glQ9FNIZBoilC',	NULL,	NULL,	'2023-05-14 23:38:25',	'2023-05-14 23:38:25'),
('600499',	'Verania Citra',	NULL,	NULL,	'4',	'4',	3,	'$2y$10$3CiNRACewWqP6/jWvPoD2exJes02hg44bzjEjIF4lbdyJkMFGZdCm',	NULL,	NULL,	'2023-05-14 23:38:25',	'2023-05-14 23:38:25'),
('600500',	'Ari Pradnyani Dewi',	NULL,	NULL,	'4',	'4',	2,	'$2y$10$XPdYX02C.RM/XlzvN68DqeyGCdrNebPB17I/TSYJEYb9hrGd2jhki',	NULL,	NULL,	'2023-05-14 23:38:22',	'2023-05-14 23:38:22'),
('600502',	'Muhamad Rizky Fauzy',	NULL,	NULL,	'4',	'4',	2,	'$2y$10$NLhqaNWlqoDOKGPs29rmyesb4InH2W6K4O.TEb1.2hom2GRCVNym2',	NULL,	NULL,	'2023-05-14 23:38:22',	'2023-05-14 23:38:22'),
('600503',	'Teddy Wiranata',	NULL,	NULL,	'4',	'4',	3,	'$2y$10$QS4JR.t/3gY9QmSfbitMxexAEnWnifbiwPlHal8xqBZSfTi6uRgO2',	NULL,	NULL,	'2023-05-14 23:38:19',	'2023-05-14 23:38:19'),
('600505',	'Urif Muliadi',	NULL,	NULL,	'4',	'4',	2,	'$2y$10$7hwqeAgKJL8uHz0OltKr9.crer6nWErmBM0kJ0j0rOTqVl1vgZ8LO',	NULL,	NULL,	'2023-05-14 23:38:22',	'2023-05-14 23:38:22'),
('600510',	'Budi Satrio Wibowo',	NULL,	NULL,	'4',	'4',	3,	'$2y$10$V4Av83aT2mka6JL3rJOxouChA9dJqPLgpJ83jzZxczIIcy5RPeLv2',	NULL,	NULL,	'2023-05-14 23:38:04',	'2023-05-14 23:38:04'),
('600512',	'Cornelia Thesa Eka Napalina',	NULL,	NULL,	'4',	'4',	3,	'$2y$10$buy9kEYzMdp5Bqpgf8ug7u96M/yFP80s8hEZFpraYx/V9zYjFlllW',	NULL,	NULL,	'2023-05-14 23:38:04',	'2023-05-14 23:38:04'),
('600517',	'Ahmad  Sulaeman',	NULL,	NULL,	'6',	'6',	3,	'$2y$10$FJTscJUmszzt6cTvfNd04OmFcoJIL40rwGqXL8l6Oi0eyWgpAXboO',	NULL,	NULL,	'2023-05-14 23:38:23',	'2023-05-14 23:38:23'),
('600518',	'Giri Aditya',	NULL,	NULL,	'4',	'4',	3,	'$2y$10$ITDPNqNASFwppAeYQ.wcfeMCK94slXy36pm5wsRRdOZUl6NwPu2qG',	NULL,	NULL,	'2023-05-14 23:38:06',	'2023-05-14 23:38:06'),
('600522',	'Julyana Sherly',	NULL,	NULL,	'4',	'4',	3,	'$2y$10$SidU0iNMJ/RdS4KwSJrY.eiA7kC2c79gts7kH.lF2JCY/agTfCUP6',	NULL,	NULL,	'2023-05-14 23:38:23',	'2023-05-14 23:38:23'),
('600525',	'Zulfakri',	NULL,	NULL,	'6',	'6',	2,	'$2y$10$4G.3RpjOzS7iSn0Rc9todeLHY4hd/mvtQwWkZMXkXLDr6SlrwDH26',	NULL,	NULL,	'2023-05-14 23:38:22',	'2023-05-14 23:38:22'),
('620083',	'Immanuel Bona Christian',	NULL,	NULL,	'2',	'2',	3,	'$2y$10$suwyDVnE7UUSMFQgtiozaORzPOd2ZLomJWjTsgeMMHGgpB3s5ttyy',	NULL,	NULL,	'2023-05-14 23:38:35',	'2023-05-14 23:38:35'),
('620447',	'Kukuh Pangestu',	NULL,	NULL,	'4',	'4',	3,	'$2y$10$EPPkKIsd0vO7R6PwMxHsuOd5uLx558KUDpdIROQbIXIzIcuJ6PDGO',	NULL,	NULL,	'2023-05-14 23:38:35',	'2023-05-14 23:38:35'),
('620451',	'Muhammad Amin Hudori',	NULL,	NULL,	'6',	'6',	3,	'$2y$10$Rb.IhKFcsW9W3nm/MHusSOz3P0Ea7MoJ1.Zjpm4tPxepPVAPN8.za',	NULL,	NULL,	'2023-05-14 23:38:35',	'2023-05-14 23:38:35'),
('620453',	'Sukurniawan',	NULL,	NULL,	'2',	'2',	3,	'$2y$10$2y3BIyUgmIa1Rb8lNuTWV.UM3CY/zpSc9n96QDSVP0pa.UwjpGIU2',	NULL,	NULL,	'2023-05-14 23:38:35',	'2023-05-14 23:38:35'),
('700004',	'Dyah Amelia',	NULL,	NULL,	'4',	'4',	3,	'$2y$10$VBS71OJ39ZtB9FbIe2DLr.ff0WHDoUZzUb.T5kM0BUZrdHzuU2g6S',	NULL,	NULL,	'2023-05-14 23:38:19',	'2023-05-14 23:38:19'),
('700013',	'Erna Setiyowati',	NULL,	NULL,	'4',	'4',	2,	'$2y$10$aLU78rmAwnhbSN0rws7yRuUIcLlnt/iCJy4RJ5hfYPSdu3.L.DDzK',	NULL,	NULL,	'2023-05-14 23:37:56',	'2023-05-14 23:37:56'),
('700016',	'Elin Rahayu',	NULL,	NULL,	'4',	'4',	3,	'$2y$10$4KXuALLFviHZYlyCEZd1s..EGCnURNIPO/VlJKobmxNaW0xMeO87y',	NULL,	NULL,	'2023-05-14 23:38:15',	'2023-05-14 23:38:15'),
('700017',	'Tangguh Susetya Adi',	NULL,	NULL,	'3',	'3',	3,	'$2y$10$UxTTPXWP1.8ZXLgaTyGDG.EdDx4/4l1pVUbDwZRZfU.X2YMDlO2JO',	NULL,	NULL,	'2023-05-14 23:38:04',	'2023-05-14 23:38:04'),
('700021',	'Apriyanti Triarini',	NULL,	NULL,	'4',	'4',	3,	'$2y$10$XOZTY.Vng9as3gHwuhGRXOQf/l/iF5HOJDFdN0HZAGcNmNLOgbu9a',	NULL,	NULL,	'2023-05-14 23:38:19',	'2023-05-14 23:38:19'),
('700022',	'Diah Natalia Utami',	NULL,	NULL,	'4',	'4',	3,	'$2y$10$I67O2ydyXDKRzvKY5IAQ4.pnWbma/kPq8q2BsIyC/bWt6ufHL8cse',	NULL,	NULL,	'2023-05-14 23:38:20',	'2023-05-14 23:38:20'),
('700028',	'Eka Yuly Elenawati',	NULL,	NULL,	'4',	'4',	2,	'$2y$10$VayEkNyT2FTUdksI9Yvr5uyRMBBjTFOmwq9i8yX1.P0F6fBGjOzzS',	NULL,	NULL,	'2023-05-14 23:37:56',	'2023-05-14 23:37:56'),
('700030',	'Achnaestasia Hemalita Bawole',	NULL,	NULL,	'4',	'4',	3,	'$2y$10$wOL7nN46Fj.C67mVCxR7LOClmPpOeka2F1VpM/l5.oWgAiaS1nsDa',	NULL,	NULL,	'2023-05-14 23:38:03',	'2023-05-14 23:38:03'),
('700041',	'Jimmi Qizwini',	NULL,	NULL,	'3',	'3',	3,	'$2y$10$DL5z0o9ghJvn2Y2XjU1W7u5HpRFuSkDCBPcsCYeEFhOA2qQQLk.Tu',	NULL,	NULL,	'2023-05-14 23:38:15',	'2023-05-14 23:38:15'),
('700045',	'Junita Pangaribuan',	NULL,	NULL,	'4',	'4',	2,	'$2y$10$gtVNKQD7uAXyYyAlcOqtFuAPG/1L3Ia.TsogtFz9jt9jN19qebcZm',	NULL,	NULL,	'2023-05-14 23:37:59',	'2023-05-14 23:37:59'),
('700050',	'Arif Hidayat',	NULL,	NULL,	'4',	'4',	3,	'$2y$10$yW67pe8bjDlMHapW1ZW9Ee1JG0qRLalC2gmI4aiczsKXROcWbrw/i',	NULL,	NULL,	'2023-05-14 23:38:19',	'2023-05-14 23:38:19'),
('700054',	'Vita Nurdiana',	NULL,	NULL,	'4',	'4',	3,	'$2y$10$.mimg2IMYmc4eFJB0QyBquixF6Ul846rN1MwOJuGB4e81Psd9EqKm',	NULL,	NULL,	'2023-05-14 23:38:17',	'2023-05-14 23:38:17'),
('700070',	'Yetti Nopita',	NULL,	NULL,	'4',	'4',	2,	'$2y$10$SzkIJ7nwPv.Lc7XMU53CiuaHFWHEWObxyoe.b1utozVuN7fibqYl.',	NULL,	NULL,	'2023-05-14 23:37:55',	'2023-05-14 23:37:55'),
('700072',	'Intan Soeryandari',	NULL,	NULL,	'6',	'6',	3,	'$2y$10$5PbJU06MR1OH3YlexBmNhu/5Z292AnTyfsgMWtYhOR9IuEcFGu3pC',	NULL,	NULL,	'2023-05-14 23:38:17',	'2023-05-14 23:38:17'),
('700073',	'Yogi Budiharjo',	NULL,	NULL,	'4',	'4',	3,	'$2y$10$/JKkiur1Hn4sTFQ8iB56Ae2CG3i6XxcczsvS/SCIsykU1suvjq.lS',	NULL,	NULL,	'2023-05-14 23:38:19',	'2023-05-14 23:38:19'),
('700074',	'Indra Sudjatmiko',	NULL,	NULL,	'4',	'4',	3,	'$2y$10$02KhoEEeXKBCCqDsnrehIueoyxyH79qiwawyNElrKppzfHtv7nebK',	NULL,	NULL,	'2023-05-14 23:38:20',	'2023-05-14 23:38:20'),
('700075',	'Siti Kholifah',	NULL,	NULL,	'6',	'6',	3,	'$2y$10$4NYsvMGSas8jBluXP5t8g.YZbEvMHsf/GoovzkG3r4uyWyvLHyK2e',	NULL,	NULL,	'2023-05-14 23:38:14',	'2023-05-14 23:38:14'),
('700086',	'Faried Ashari',	NULL,	NULL,	'4',	'4',	3,	'$2y$10$rAHAK2fH2DFI6GSVYVeCe.96j72RyPdgmx2f.GdgRvI2SOuzdzcUi',	NULL,	NULL,	'2023-05-14 23:38:07',	'2023-05-14 23:38:07'),
('700087',	'Rudi Hartono',	NULL,	NULL,	'4',	'4',	3,	'$2y$10$KkK8kQ9x/3Tybcs06e9M0e5nrYOJN7aKhPMvGtHVYpAXA6L3raxhK',	NULL,	NULL,	'2023-05-14 23:38:01',	'2023-05-14 23:38:01'),
('700088',	'Reni Yunita',	NULL,	NULL,	'4',	'4',	2,	'$2y$10$lGHGJqmMliILMWN/nPpelOYl4usDvp2WfGG9I8CcprPKy9BHipmLC',	NULL,	NULL,	'2023-05-14 23:37:58',	'2023-05-14 23:37:58'),
('700091',	'Yunia Harviana',	NULL,	NULL,	'4',	'4',	3,	'$2y$10$XC9bwVKng1KdCHtcc6g3Uu1X/genAmqmZCqWGHRJewzQoNJ.albya',	NULL,	NULL,	'2023-05-14 23:38:19',	'2023-05-14 23:38:19'),
('700092',	'Wiwin Susanty',	NULL,	NULL,	'4',	'4',	3,	'$2y$10$sd/y9etnhzSwEKFKqNHXeOkmQHnYIy.LFRKly78ZB/dzBe99d9KJi',	NULL,	NULL,	'2023-05-14 23:38:20',	'2023-05-14 23:38:20'),
('800009',	'Sanjay Jaggia',	NULL,	NULL,	'1',	'1',	1,	'$2y$10$fBSn15yqdb1x9u.TRvJUneM6GBBN5pofgMG3TsOTWGCQ86pGaPqLC',	NULL,	NULL,	'2023-05-14 23:37:49',	'2023-05-14 23:37:49'),
('800013',	'Vaneet Goel',	NULL,	NULL,	'3',	'3',	1,	'$2y$10$1N/Vx6.mXYvHuYfMq2SFf.TbFZ/VcSPvD/iwzbGC6InVv35wLuty.',	NULL,	NULL,	'2023-05-14 23:37:49',	'2023-05-14 23:37:49'),
('800015',	'Vishnu Kumar Ramakrishnan',	NULL,	NULL,	'3',	'3',	2,	'$2y$10$xCXMNUThb2QKxxwaBpE/4epsXqmUnfcbfF4fTpwpBB0b/I9OB/K/u',	NULL,	NULL,	'2023-05-14 23:37:52',	'2023-05-14 23:37:52'),
('800017',	'Vishnu Swaroop Baldwa',	NULL,	NULL,	'1',	'1',	1,	'$2y$10$PpsNhmRSxHKXW4Rwv/lBsuTnknyt4jQlcB/GYMDah4PnWNdnZbwhi',	NULL,	NULL,	'2023-05-14 23:38:20',	'2023-05-14 23:38:20'),
('800026',	'Saurabh Mishra',	NULL,	NULL,	'1',	'1',	1,	'$2y$10$tLVfrvghzWRDs4mM5C/Tsu98.6VC7ncLEBAN0aNcFMleAuYPIoCPu',	NULL,	NULL,	'2023-05-14 23:37:49',	'2023-05-14 23:37:49'),
('800029',	'Pramod Kumar Jalan',	NULL,	NULL,	'1',	'1',	1,	'$2y$10$hdsA1086Y4xxfAEtD5a6HOj1kZc3/Fv.5l0OvoWzw4x/5EYXURvuG',	NULL,	NULL,	'2023-05-14 23:38:21',	'2023-05-14 23:38:21'),
('800034',	'Vineet Kumar Ishwardyal Agarwal',	NULL,	NULL,	'3',	'3',	1,	'$2y$10$ipTlIN04lpFSoj1R1It3cOiCOnAlV/Br8N9H08JmXYAzbxW5D40fS',	NULL,	NULL,	'2023-05-14 23:37:50',	'2023-05-14 23:37:50'),
('800045',	'Shailesh Gurunath Tulaskar',	NULL,	NULL,	'6',	'6',	1,	'$2y$10$VahZitHTkEqdgWNRn8fGxeTCAS8heJ7EjKx5Dj62W8su/Vuj39Wz.',	NULL,	NULL,	'2023-05-14 23:38:21',	'2023-05-14 23:38:21'),
('800089',	'Atul Prakash Jain',	NULL,	NULL,	'2',	'2',	1,	'$2y$10$m/pR9od7hsosK1IqcJoKX.NOoliUrSR1QOKIdkJR88aqnw2joW9Eu',	NULL,	NULL,	'2023-05-14 23:37:50',	'2023-05-14 23:37:50'),
('800092',	'Sandeep Haribhau Bhandarwar',	NULL,	NULL,	'1',	'1',	1,	'$2y$10$n7FssjMVNB.WXB.NxUFXU.MsGREQglQnd8dphSoL7t4ePNuXFLVQW',	NULL,	NULL,	'2023-05-14 23:38:21',	'2023-05-14 23:38:21'),
('800095',	'Sanjay Mathur',	NULL,	NULL,	'2',	'2',	1,	'$2y$10$9TKNYVvujnJa7HaS2KMu2eFbRE.7ad6pzBPuNK7nerB56EReXmeZi',	NULL,	NULL,	'2023-05-14 23:37:50',	'2023-05-14 23:37:50'),
('800105',	'Srikanth Rengarajan',	NULL,	NULL,	'1',	'1',	1,	'$2y$10$s3DNC5FrbntaeMocbZAh4.9YWGTw5wA4mNJoGzOMovm2ctE.9IoPW',	NULL,	NULL,	'2023-05-14 23:36:20',	'2023-05-14 23:36:20'),
('800150',	'Dhirendra Mehrotra',	NULL,	NULL,	'1',	'1',	1,	'$2y$10$.JOT/wKQ7ufmEhhUq.lnW.6DX88uMNJ94DbM.JJIzmUQM7qIrZmgS',	NULL,	NULL,	'2023-05-14 23:37:50',	'2023-05-14 23:37:50'),
('800159',	'Sitarama Srinivas Konakanchi',	NULL,	NULL,	'6',	'6',	2,	'$2y$10$U7Ei7WGFjm3I50cylx44b.Jtx9UUYAacKoQXsS8IwyWASFvZ7WQte',	NULL,	NULL,	'2023-05-14 23:38:21',	'2023-05-14 23:38:21'),
('800177',	'Nitin Patni',	NULL,	NULL,	'1',	'1',	1,	'$2y$10$IsLxdFltorq.WZ64cc3E6Oe2ne6M4SoLM/dtcRBSagUz.8Cae3Pa6',	NULL,	NULL,	'2023-05-14 23:38:30',	'2023-05-14 23:38:30'),
('800190',	'Neeraj Gupta',	NULL,	NULL,	'3',	'3',	1,	'$2y$10$ns5F.5UzaPZqrasPIrGiEejHHqBQylWJTlQUE67UhOETF6fWyxWQC',	NULL,	NULL,	'2023-05-14 23:36:20',	'2023-05-14 23:36:20'),
('800194',	'Anil Ramotar Tibrewal',	NULL,	NULL,	'3',	'3',	1,	'$2y$10$kBEr/i5PbkD3XQsHDLtnWOqQ94lOnDKwmsl73BsT/Ulb6oY.sEzga',	NULL,	NULL,	'2023-05-14 23:36:20',	'2023-05-14 23:36:20'),
('800206',	'Amit Bharat Verma',	NULL,	NULL,	'1',	'1',	1,	'$2y$10$Bv9vZvGl2QmSQ35aqOqJeeYYNQEkSg.cIcf9givK9/MCtjLZyGkr6',	NULL,	NULL,	'2023-05-14 23:36:20',	'2023-05-14 23:36:20'),
('800235',	'Ashish Kumar Gupta',	NULL,	NULL,	'2',	'2',	2,	'$2y$10$WI4HayoY9rfZH9mt1JV9yuKHLPro/8Hfx2Fkm2X5mOD2X9f2bRB.a',	NULL,	NULL,	'2023-05-14 23:36:21',	'2023-05-14 23:36:21'),
('800237',	'Sachin Kumar Gupta',	NULL,	NULL,	'4',	'4',	2,	'$2y$10$2VPNrfiCtrIF8x.sIvxoXuqBUuJ0dxcZHihtPbLIpHVJfgC1u6Uwy',	NULL,	NULL,	'2023-05-14 23:38:21',	'2023-05-14 23:38:21'),
('800240',	'Sanjeev Agarwal',	NULL,	NULL,	'2',	'2',	2,	'$2y$10$MBaPHyHnH5yUwGCyVE6yseIDPF//b4XOpvc6zeZOwofhPLbGCb7Li',	NULL,	NULL,	'2023-05-14 23:36:21',	'2023-05-14 23:36:21'),
('800241',	'Namit Kamra',	NULL,	NULL,	'4',	'4',	2,	'$2y$10$Mh8AxqEz4VcoQbQFIp9vTeLq1eiMoSEcMsoXpMyyzGAiWPIv9lk9G',	NULL,	NULL,	'2023-05-14 23:37:50',	'2023-05-14 23:37:50'),
('800246',	'Manas Kumar Brahma',	NULL,	NULL,	'2',	'2',	2,	'$2y$10$9i9h2YQAaKLoBzi.nLqzc.P.mP22./45lVVhi6KHeGkHkfcW1LKSm',	NULL,	NULL,	'2023-05-14 23:37:56',	'2023-05-14 23:37:56'),
('800247',	'Padma Charan Sethi',	NULL,	NULL,	'2',	'2',	2,	'$2y$10$o5UjguPrFcv7yF0I9ADKx.CIEillUTb93yw3Hbs/7CJVF.LKr7.8.',	NULL,	NULL,	'2023-05-14 23:37:57',	'2023-05-14 23:37:57'),
('800253',	'Vinod Verghese Israel',	NULL,	NULL,	'2',	'2',	2,	'$2y$10$KlkIZk4iPe8Y4LO1KgwoMeLA7T50Ljcs6ttj6PK.2V2h096BtXC62',	NULL,	NULL,	'2023-05-14 23:36:20',	'2023-05-14 23:36:20'),
('800262',	'Shoaib Ahmed Shaikh',	NULL,	NULL,	'2',	'2',	2,	'$2y$10$4ms1fxTlfngotcrEkM2TY.OyN1IJsMLQJHvcYXgv3oBdovNRvz9oS',	NULL,	NULL,	'2023-05-14 23:37:57',	'2023-05-14 23:37:57'),
('800263',	'Tarunkumar Jayantilal Parmar',	NULL,	NULL,	'2',	'2',	2,	'$2y$10$m3NMygwlS3.I5QhreVZHF.lXSVgwtTnQy48xs/flVzGtBy3LorAAu',	NULL,	NULL,	'2023-05-14 23:37:51',	'2023-05-14 23:37:51'),
('800275',	'Biji Myladoor Chacko',	NULL,	NULL,	'1',	'1',	1,	'$2y$10$qH1ecDaES45rJLB8EQecduUQLJYa0ArJKWezB1szqou/A19iaHXwK',	NULL,	NULL,	'2023-05-14 23:37:27',	'2023-05-14 23:37:27'),
('800279',	'Himmat Singh',	NULL,	NULL,	'2',	'2',	2,	'$2y$10$46R0clgJupmd8HYCCeNfB.zbEVMmgRq/O9KD2NrsHSAe2xpSxxdAe',	NULL,	NULL,	'2023-05-14 23:36:24',	'2023-05-14 23:36:24'),
('800280',	'Rakesh Sharma',	NULL,	NULL,	'4',	'4',	1,	'$2y$10$065kLt3auByFkw4/0BvCROcTdZ84pbvxqimichE8KtTC2YcTijm26',	NULL,	NULL,	'2023-05-14 23:37:49',	'2023-05-14 23:37:49'),
('800288',	'Shyam Krishna',	NULL,	NULL,	'3',	'3',	2,	'$2y$10$hAReBm14f1sMCxR3BtEi.eMjfoBzUdJc/UxlZf.pW/bIqyFhXebvC',	NULL,	NULL,	'2023-05-14 23:37:28',	'2023-05-14 23:37:28'),
('800291',	'Anil Singal',	NULL,	NULL,	'1',	'1',	1,	'$2y$10$Ex0v0fSpKpv/knfLXQSMhudXJ/1wefjucn8dmt.YEg.HUAhne9xSa',	NULL,	NULL,	'2023-05-14 23:37:49',	'2023-05-14 23:37:49'),
('800301',	'Uday Chavhan',	NULL,	NULL,	'2',	'2',	2,	'$2y$10$DiInoQf/AYkX.6HUA0VOBexU0Tp2D1b4tqpA3qoQpppV4geIVQCMe',	NULL,	NULL,	'2023-05-14 23:38:21',	'2023-05-14 23:38:21'),
('800303',	'Yogesh Kumar Runthla',	NULL,	NULL,	'1',	'1',	1,	'$2y$10$Qq1L/8w4RFYgrPKRrVJakOrHVUV26D65IoA9jXlQLy6edPVXG4WiS',	NULL,	NULL,	'2023-05-14 23:36:21',	'2023-05-14 23:36:21'),
('800305',	'Vibhor Agrawal',	NULL,	NULL,	'2',	'2',	2,	'$2y$10$r1eWSwz/FAJsPxHu9l.hYeMkj.9LI1DbSZqZ6KrY7fc27bZrhhgBG',	NULL,	NULL,	'2023-05-14 23:36:20',	'2023-05-14 23:36:20'),
('800306',	'Shishir Verma',	NULL,	NULL,	'4',	'4',	2,	'$2y$10$/wwc9di24QuNvYQXrDVkF.UDireGZhkpraGjutwBeHUUc3O6H..da',	NULL,	NULL,	'2023-05-14 23:37:50',	'2023-05-14 23:37:50'),
('800307',	'Shitij Mathur',	NULL,	NULL,	'3',	'3',	2,	'$2y$10$4xqbx7GQzh2CEtsxzWG8u.wGwp/s5sDzTG7a45L2RYyXmBmPnQgHO',	NULL,	NULL,	'2023-05-14 23:36:21',	'2023-05-14 23:36:21'),
('800310',	'Vaneet Arya',	NULL,	NULL,	'4',	'4',	2,	'$2y$10$jHwydv/0oQEZpB59AK9LD.JsYRLim6fQOVmar0RK/LVk1Q8banjfa',	NULL,	NULL,	'2023-05-14 23:38:21',	'2023-05-14 23:38:21'),
('800318',	'Ravikumar Sundaram',	NULL,	NULL,	'2',	'2',	2,	'$2y$10$SQB2tITdwesDj2RrFHh/3./EAUnBrM.d7hXs9JwjzUXnqQn35HE8K',	NULL,	NULL,	'2023-05-14 23:37:28',	'2023-05-14 23:37:28'),
('800322',	'Kanaka Adinarayana Gede Rao',	NULL,	NULL,	'2',	'2',	2,	'$2y$10$Lu7yRO9BvP63wDADWzT2xuNo9A3/pZHClzNT0LyxppP89AgBAbqY6',	NULL,	NULL,	'2023-05-14 23:37:51',	'2023-05-14 23:37:51'),
('800327',	'Pankaj Siwal',	NULL,	NULL,	'4',	'4',	1,	'$2y$10$KZ2txMa6hFtMfKfn2VTjmOSaZXB56UvdN/5AVXey/f6LmPTh1YaLO',	NULL,	NULL,	'2023-05-14 23:37:50',	'2023-05-14 23:37:50'),
('800337',	'Vishal Chandra Agrawal',	NULL,	NULL,	'2',	'2',	2,	'$2y$10$B5JrwbTI15SchFJbQgDI2uafWnrIHq0jtt5/JJE3zylmPimUiUIdq',	NULL,	NULL,	'2023-05-14 23:37:51',	'2023-05-14 23:37:51'),
('800338',	'Vijay Vashishth',	NULL,	NULL,	'3',	'3',	2,	'$2y$10$MwoyR66X5oLFIk863KX6c.Ul.J5nO8y/KYgnVyFFB0Bjsy5945K4.',	NULL,	NULL,	'2023-05-14 23:36:21',	'2023-05-14 23:36:21'),
('800343',	'Rajiv Mahtolia',	NULL,	NULL,	'2',	'2',	2,	'$2y$10$JjIgSWMnvd3PzAPtwmNQj.RBKQOvJUYbkWoFzHjDt179TufzgDS36',	NULL,	NULL,	'2023-05-14 23:37:50',	'2023-05-14 23:37:50'),
('800344',	'Amit Kumar Jain',	NULL,	NULL,	'2',	'2',	2,	'$2y$10$Vdo7UAcMKG3G7sh0MM8AdOAbqUzWJ9/kaQvktufxJNAEypc0Y2F.C',	NULL,	NULL,	'2023-05-14 23:36:20',	'2023-05-14 23:36:20'),
('800349',	'Ritam',	NULL,	NULL,	'3',	'3',	2,	'$2y$10$NTCdVtMdUkDLcwh.w3x3QuSQobdmBQKyacI/QSPxUBzMEmyKtclXe',	NULL,	NULL,	'2023-05-14 23:37:51',	'2023-05-14 23:37:51'),
('800352',	'Mukesh Mandora',	NULL,	NULL,	'3',	'3',	2,	'$2y$10$KqGvsujo7/pyuEAzSWAnC.ZZRDfcE/P4QY7lG7VoFCMyBKYw7cfkq',	NULL,	NULL,	'2023-05-14 23:37:52',	'2023-05-14 23:37:52'),
('800353',	'Sanjeev Kumar Chandel',	NULL,	NULL,	'2',	'2',	2,	'$2y$10$/7YTC/v5twOgShT.hR5X5ORgVH1lqe5ByDtUPuUQtZTiLevnucjsu',	NULL,	NULL,	'2023-05-14 23:36:21',	'2023-05-14 23:36:21'),
('800360',	'Nishant Mamgain',	NULL,	NULL,	'3',	'3',	2,	'$2y$10$fIViqd7N6pkUYTckXGbqd.KlU0jXbnxj1viHgWY49QTZpjCbd3/j.',	NULL,	NULL,	'2023-05-14 23:37:52',	'2023-05-14 23:37:52'),
('800362',	'Shubhkam Varshney',	NULL,	NULL,	'3',	'3',	1,	'$2y$10$fcoRQN1XfeLK20KcP76ma.TNVj297dI96IIi10Y7sHS4o4CyRhtsa',	NULL,	NULL,	'2023-05-14 23:37:49',	'2023-05-14 23:37:49'),
('800366',	'Mukesh Kumar Tailor',	NULL,	NULL,	'4',	'4',	2,	'$2y$10$EfeXXFE5NeNmy9OFdsCAKeAN4h0Uu1b56H1HyjwRVNKHTZKpQ/e2a',	NULL,	NULL,	'2023-05-14 23:36:21',	'2023-05-14 23:36:21'),
('800371',	'Puneet Dhall',	NULL,	NULL,	'3',	'3',	2,	'$2y$10$hsIU.ZxZqBnXltyV.PZrNep8UijyA7zZryv.kUmlzQMB4i97ShrY2',	NULL,	NULL,	'2023-05-14 23:37:51',	'2023-05-14 23:37:51'),
('800373',	'Anil Agarwal',	NULL,	NULL,	'4',	'4',	2,	'$2y$10$a29C/LJUT7ZlYYh2jjS4iumoV8bw.aVp8PZ8VJCM2PIdO./NXk.XW',	NULL,	NULL,	'2023-05-14 23:37:53',	'2023-05-14 23:37:53'),
('800377',	'Neeraj Kumar',	NULL,	NULL,	'2',	'2',	2,	'$2y$10$bnwx3Lxlp.k9MtAAUKOMTOxmY2ny70dKYYdYxLmwF4KB4Qnmy9/x.',	NULL,	NULL,	'2023-05-14 23:37:52',	'2023-05-14 23:37:52'),
('800381',	'Sudhir Kumar',	NULL,	NULL,	'4',	'4',	2,	'$2y$10$j22gpo1AobCOqT.tNkGl7OGrn2b/dnSlbeF.7R77fMYOHBW1dOkkm',	NULL,	NULL,	'2023-05-14 23:38:21',	'2023-05-14 23:38:21'),
('800383',	'Dhiraj Jajodia',	NULL,	NULL,	'4',	'4',	1,	'$2y$10$vWQpcF7pSJhul8Mza7tZMORJoZFrlskKHxe.P9cVTbiAjKDsn6kLi',	NULL,	NULL,	'2023-05-14 23:38:21',	'2023-05-14 23:38:21'),
('800384',	'Rajesh',	NULL,	NULL,	'2',	'2',	2,	'$2y$10$bJhXf5qCV1aTq3Wz8D/Ggetvie/nkBnylJCxyrSCSltytot1MlJe6',	NULL,	NULL,	'2023-05-14 23:36:24',	'2023-05-14 23:36:24'),
('800385',	'Ashish Malhotra',	NULL,	NULL,	'3',	'3',	2,	'$2y$10$/UKKifSHWynZ3VJZYbDkouCcKBEc2SPDmGwHFshuLxbI.a6ZT8w5W',	NULL,	NULL,	'2023-05-14 23:37:52',	'2023-05-14 23:37:52'),
('800388',	'Ashok Kamilla',	NULL,	NULL,	'2',	'2',	2,	'$2y$10$X6Q8in/AQNk0uJTH///jpuTYnklqnwvMliG5fsk3Xxrn68VgL2OiW',	NULL,	NULL,	'2023-05-14 23:38:30',	'2023-05-14 23:38:30'),
('800389',	'Atul Kumar Singh',	NULL,	NULL,	'2',	'2',	1,	'$2y$10$mvmI0HJp8C.NmKFSijX3ceY45hy.l1o6har4/oAKfuiJ4ro2j69HC',	NULL,	NULL,	'2023-05-14 23:36:20',	'2023-05-14 23:36:20'),
('800390',	'Jitendra Kumar Singh',	NULL,	NULL,	'4',	'4',	2,	'$2y$10$HyNJScVw0Qa2Fi6oNBEPi.jGn9LHgrY88SgOmoTlBrXN7iTzbXF/u',	NULL,	NULL,	'2023-05-14 23:37:52',	'2023-05-14 23:37:52'),
('800394',	'Saket Sowrabh',	NULL,	NULL,	'3',	'3',	2,	'$2y$10$hJUp8s1IxGVCqxlhQ3s0i.xf51DmUl3KdjyCc4qltVszYAr5YLU1C',	NULL,	NULL,	'2023-05-14 23:36:21',	'2023-05-14 23:36:21'),
('800396',	'Abhijit Sudhakar Kunte',	NULL,	NULL,	'2',	'2',	2,	'$2y$10$Qr8FYnO41Yu82LFQWue21eqKwapUjNU47VZ5ZAbGX7zVNcpj2Ye42',	NULL,	NULL,	'2023-05-14 23:37:52',	'2023-05-14 23:37:52'),
('800397',	'Manish Agarwal',	NULL,	NULL,	'4',	'4',	2,	'$2y$10$cQRNtceg9Ufqd/x2Ak6sZu1j0mFnPJ63/nt4UK2cdvowa6/nB8hw2',	NULL,	NULL,	'2023-05-14 23:37:50',	'2023-05-14 23:37:50'),
('800400',	'Bharatkumar Jamnadas Kothadia',	NULL,	NULL,	'2',	'2',	2,	'$2y$10$FskGwSFKamsdKVNq3wrjDODzb.sQp6aNm.C/sRxlYAE6XApxAbvkW',	NULL,	NULL,	'2023-05-14 23:37:51',	'2023-05-14 23:37:51'),
('800403',	'Jagdish Sharma',	NULL,	NULL,	'2',	'2',	2,	'$2y$10$z8nFhVnLpFJFvqWbgSRu2erkjlo.YmK6rvz82aO9dLzndxs/mwZZq',	NULL,	NULL,	'2023-05-14 23:36:23',	'2023-05-14 23:36:23'),
('800407',	'Dharmendra Khandelwal',	NULL,	NULL,	'2',	'2',	2,	'$2y$10$4vF6PxFdLyo21o.YvuCAi.gwBEfryyIYrTOgzMOObgZ378mXb5CKO',	NULL,	NULL,	'2023-05-14 23:37:52',	'2023-05-14 23:37:52'),
('800409',	'Deepak Vasant Trivedi',	NULL,	NULL,	'2',	'2',	2,	'$2y$10$76CYgWAyoKnlC3UD/8iyhuGobf22an8X0uvaUKKUxU1tHp4pqACS.',	NULL,	NULL,	'2023-05-14 23:37:52',	'2023-05-14 23:37:52'),
('800413',	'Manish Vimal',	NULL,	NULL,	'1',	'1',	1,	'$2y$10$qAPhwAplzqa/.eaeoWF.Hupd5jSgCuQ4wgZByE4GH4fobSieCRX1W',	NULL,	NULL,	'2023-05-14 23:38:20',	'2023-05-14 23:38:20'),
('800416',	'Vishal Mahendru',	NULL,	NULL,	'3',	'3',	2,	'$2y$10$UGFM/2bhgDopxFUZuR0i8uv89pD2PNIUbiZFWNMGue96n/Xz1YmG6',	NULL,	NULL,	'2023-05-14 23:37:51',	'2023-05-14 23:37:51'),
('800417',	'Abhishek',	NULL,	NULL,	'6',	'6',	2,	'$2y$10$2z6QJin6BlQwIj6Rq5uWCOEknmUJN9JsuSXNHCnnBaPGZHIQK1Y4K',	NULL,	NULL,	'2023-05-14 23:38:21',	'2023-05-14 23:38:21'),
('800418',	'Inderjeet',	NULL,	NULL,	'2',	'2',	2,	'$2y$10$Nc2PPGScV94PCK3CzLhRZe9A.fiVqbb7maw20sguMJEa90rhvc49m',	NULL,	NULL,	'2023-05-14 23:36:23',	'2023-05-14 23:36:23'),
('800419',	'Piyushkumar Ramanlal Dhimmar',	NULL,	NULL,	'2',	'2',	2,	'$2y$10$XBj9vicv.0DMEE.fgM53qeUUmORBJA0eYO.mesSwo/PFnhsUnLoD6',	NULL,	NULL,	'2023-05-14 23:37:52',	'2023-05-14 23:37:52'),
('800421',	'Ajay Kumar',	NULL,	NULL,	'2',	'2',	2,	'$2y$10$srLqVOy2/za72I1P6w/4netByVfsjtYfartTRMrwHtuQ.1jTd2TCG',	NULL,	NULL,	'2023-05-14 23:36:22',	'2023-05-14 23:36:22'),
('800424',	'Akash Parakh',	NULL,	NULL,	'4',	'4',	2,	'$2y$10$EMWy/LtCkje5akqB8LgC2Oj.9LLkT.Wsmr1DS/nByz2Ah/8SFWVsG',	NULL,	NULL,	'2023-05-14 23:37:51',	'2023-05-14 23:37:51'),
('800425',	'Kalyanmal Chaudhri',	NULL,	NULL,	'2',	'2',	2,	'$2y$10$ArYm85wv1/R5DPeFYp6NtOBBdmb06NWk3jodrqzpspuEZz7kL1hPO',	NULL,	NULL,	'2023-05-14 23:36:23',	'2023-05-14 23:36:23'),
('800426',	'Vinodh Kumar Nalluru',	NULL,	NULL,	'2',	'2',	2,	'$2y$10$tWmN6yvpoQd7uDH1HXD8aOSORKK/fMx6mNWMh/zIAupAC5ziRzUhS',	NULL,	NULL,	'2023-05-14 23:37:52',	'2023-05-14 23:37:52'),
('800427',	'Arun Dalmia',	NULL,	NULL,	'4',	'4',	1,	'$2y$10$3r7IKNWYihIBvRBKNdN2Se5ostFjKGOYRAogzU9KDpGwr5JxBSP/G',	NULL,	NULL,	'2023-05-14 23:38:21',	'2023-05-14 23:38:21'),
('800430',	'Naresh Kumar Yadav',	NULL,	NULL,	'3',	'3',	1,	'$2y$10$v4vhOyL8u2upkU9wSFx5MeS02f4q7NpMnHohcyfqtFev6hy4E1MOy',	NULL,	NULL,	'2023-05-14 23:36:20',	'2023-05-14 23:36:20'),
('800433',	'Yong Sig Shin',	NULL,	NULL,	'3',	'3',	1,	'$2y$10$43ytphjUAJpF9tECBCLNHOhoYbpI5w3ENPlDbdckz/EbgeHT6m2ei',	NULL,	NULL,	'2023-05-14 23:37:49',	'2023-05-14 23:37:49'),
('800435',	'Kuldeep Singh Panwar',	NULL,	NULL,	'2',	'2',	2,	'$2y$10$7wULNIpyJtDfemTzZ7Q9c.4FcQ/YGH5m/LS0Rg/bLTRYof/1UZT7W',	NULL,	NULL,	'2023-05-14 23:36:24',	'2023-05-14 23:36:24'),
('800436',	'Dhiraj Sharda',	NULL,	NULL,	'3',	'3',	1,	'$2y$10$wQx1vCnIQFggyvHn6p9pGeLxjvoq53bizK2bLZGDodHRzfYxjQm0G',	NULL,	NULL,	'2023-05-14 23:37:49',	'2023-05-14 23:37:49'),
('800437',	'Samar Kumar Mandal',	NULL,	NULL,	'2',	'2',	1,	'$2y$10$BuHoyZkMgOZ7AowoINE62eyjgf20wYUMjaSMR/6Kz1HRGAeQePzOm',	NULL,	NULL,	'2023-05-14 23:37:50',	'2023-05-14 23:37:50'),
('800438',	'Nilesh Agarwal',	NULL,	NULL,	'1',	'1',	2,	'$2y$10$5lhh7tvNC3SL1P6pgm7qpef1ca5rMvNkGTd2EU4PemIrF7lkerVA.',	NULL,	NULL,	'2023-05-14 23:38:21',	'2023-05-14 23:38:21'),
('800439',	'Diwansh Saxena',	NULL,	NULL,	'2',	'2',	1,	'$2y$10$DucF1osf7HKUceAH2esiuee4YRJf8Fuies/u7goh6EveLcYsenYra',	NULL,	NULL,	'2023-05-14 23:37:50',	'2023-05-14 23:37:50'),
('800440',	'Sanjay Gupta',	NULL,	NULL,	'1',	'1',	1,	'$2y$10$O6GVgLXalfZwcDdUJ5TxH.mX5Igx4nVc76R9S.gEDG00bMeMi7/fO',	NULL,	NULL,	'2023-05-14 23:37:49',	'2023-05-14 23:37:49'),
('800442',	'Rakesh Kumar Mittal',	NULL,	NULL,	'4',	'4',	2,	'$2y$10$BBlHwgQuj56T0ZaaZTRZ.O7mNxmRaeSTEA1ZrGUqQ0oaEMhMiT17u',	NULL,	NULL,	'2023-05-14 23:37:51',	'2023-05-14 23:37:51'),
('800444',	'Kamlesh Kumar Gupta',	NULL,	NULL,	'1',	'1',	1,	'$2y$10$15jqkLAfUYkIz/ND3qVpD.ZMPpenKfVLd6bAHruWHFXBLqexAP4fO',	NULL,	NULL,	'2023-05-14 23:37:27',	'2023-05-14 23:37:27'),
('820010',	'Prashant Balwant Singru',	NULL,	NULL,	'2',	'2',	1,	'$2y$10$36CTZXqrpS4yeKMXVomWYO8gyRHtpb6zSy.XErw45CgOgAg0W5X7G',	NULL,	NULL,	'2023-05-14 23:37:50',	'2023-05-14 23:37:50'),
('820020',	'Siddhesh Janmejay Yerpude',	NULL,	NULL,	'2',	'2',	2,	'$2y$10$GNR8m00P0idVqC9EPmqtC.1aUQnlPBRea5kpOF6GwQfrkUVIQTyja',	NULL,	NULL,	'2023-05-14 23:38:22',	'2023-05-14 23:38:22'),
('820021',	'Gaurav Aggarwal',	NULL,	NULL,	'1',	'1',	1,	'$2y$10$PlbhB9NFP.JLePIjT8DYouG8AWgdJgc0GnQYGpZWBiX8U9O7j0JOK',	NULL,	NULL,	'2023-05-14 23:36:20',	'2023-05-14 23:36:20'),
('820023',	'Raunak Saraogi',	NULL,	NULL,	'4',	'4',	2,	'$2y$10$IIe2WYUh2wblnVNDL5A44.XP5SwKRKj57yV4eb0tNa60/8MfMYQV.',	NULL,	NULL,	'2023-05-14 23:36:21',	'2023-05-14 23:36:21'),
('820024',	'Saravanan  Arumugam',	NULL,	NULL,	'2',	'2',	2,	'$2y$10$QmaOyRkkyQg4CreJj1DPvuX7g/81gCXrEnarGywmDzMEYwHMcRPY2',	NULL,	NULL,	'2023-05-14 23:37:24',	'2023-05-14 23:37:24'),
('820025',	'Prashant  Singh',	NULL,	NULL,	'2',	'2',	2,	'$2y$10$auG9co5fPAkTJzwh7A9pPOHBck5bbyCF6f5MVD9TESIJeox6D0Uzy',	NULL,	NULL,	'2023-05-14 23:38:22',	'2023-05-14 23:38:22'),
('820026',	'Naveen Sawlani',	NULL,	NULL,	'4',	'4',	2,	'$2y$10$UAqBiPrz10J9JRbAY1F42egzdIUMvPUMADe/7DrDbga3G.JnEAyO6',	NULL,	NULL,	'2023-05-14 23:38:22',	'2023-05-14 23:38:22'),
('820027',	'Girdhari Singh',	NULL,	NULL,	'2',	'2',	2,	'$2y$10$0kod3U8O3yXsbpchClVXa.R/gIBKdFb1M1gf3bHJWvv1.UnXOTg8i',	NULL,	NULL,	'2023-05-14 23:36:23',	'2023-05-14 23:36:23'),
('820028',	'Rajeev Mundyath',	NULL,	NULL,	'2',	'2',	2,	'$2y$10$dlNR3Hw1A2S0zQUPWCO1ruETbR6xfe0/xIugmu0QP5mQeUUn90Gli',	NULL,	NULL,	'2023-05-14 23:37:26',	'2023-05-14 23:37:26'),
('820029',	'Hariom  Verma',	NULL,	NULL,	'2',	'2',	2,	'$2y$10$pnczqdu.yydjB71jR9ggQeaUor34Jq7m/yRtxxdTaCRoUU9tska0C',	NULL,	NULL,	'2023-05-14 23:36:24',	'2023-05-14 23:36:24'),
('820030',	'Bhaumik Patel',	NULL,	NULL,	'2',	'2',	2,	'$2y$10$vzSKMuDnMEvbbuFsNf4HeuY35JySrmPpMWrn5vxMEBNJs.JlZy28.',	NULL,	NULL,	'2023-05-14 23:38:22',	'2023-05-14 23:38:22'),
('820031',	'Anupam Shukla',	NULL,	NULL,	'2',	'2',	2,	'$2y$10$ZgvTH0YnYSm0tnhzU6fnQ.j9jLLASvWLlO9rjuNFtuzSLqEELhWl2',	NULL,	NULL,	'2023-05-14 23:37:24',	'2023-05-14 23:37:24'),
('820032',	'Jasvinder Singh',	NULL,	NULL,	'2',	'2',	3,	'$2y$10$UkovQxyCWRY7eThRScO.reHDuxeR0Eelukxu3L4Qy7Of/mrGqr.7m',	NULL,	NULL,	'2023-05-14 23:36:31',	'2023-05-14 23:36:31'),
('820033',	'Dharmendra Kumar',	NULL,	NULL,	'2',	'2',	3,	'$2y$10$1occRphWBGXK57qkF7EcH.dTqMvkS3pSLeq.VXoN7IKjoAoHuS2xK',	NULL,	NULL,	'2023-05-14 23:37:00',	'2023-05-14 23:37:00'),
('820034',	'Vikram Singh',	NULL,	NULL,	'2',	'2',	3,	'$2y$10$K7svDdyTR.JpAjFBQjjAcO635960IIwztUDwTYM4uJWb.yvqRlpRK',	NULL,	NULL,	'2023-05-14 23:36:26',	'2023-05-14 23:36:26'),
('830001',	'Anish  Goyal',	NULL,	NULL,	'1',	'1',	1,	'$2y$10$kjOFbIqmkOmVvhQVMIprpelnF5GBDidvoFUv11PqVo0qejnHdL5si',	NULL,	NULL,	'2023-05-14 23:37:49',	'2023-05-14 23:37:49'),
('830003',	'Vipul Anand',	NULL,	NULL,	'3',	'3',	2,	'$2y$10$uEnSkbPxEibbf4O7NbYv5.rBwoSPWqOkmJJUm5Nk6k6AgJfHxzJNq',	NULL,	NULL,	'2023-05-14 23:37:50',	'2023-05-14 23:37:50'),
('C10001',	'Aliaman Saragih',	NULL,	NULL,	'5',	'5',	2,	'$2y$10$J.21hi6L8FIm4lcF4udhTeeU6suqwJv/ddLfU2ZEqbEh6tC7p9jkS',	NULL,	NULL,	'2023-05-14 23:37:51',	'2023-05-14 23:37:51'),
('C17427',	'Jejen Zenal Mustofa',	NULL,	NULL,	'6',	'6',	2,	'$2y$10$Ba8hdrIVt8p99DCO5HecsewdRzkg4Kx2di7CJut7Wzkh.n5ecuIGi',	NULL,	NULL,	'2023-05-14 23:38:22',	'2023-05-14 23:38:22'),
('C17459',	'Sumartono',	NULL,	NULL,	'6',	'6',	2,	'$2y$10$2amOhd9KWlXHTsB1mi6k.u9OzBFOwLNJ8mKwtd6Cu33lDsjAOrtwm',	NULL,	NULL,	'2023-05-14 23:38:21',	'2023-05-14 23:38:21'),
('C17489',	'Ersana',	NULL,	NULL,	'2',	'2',	2,	'$2y$10$kdmMIgytfNZfEGeEb/LCmuI7rI9AQVhUB9vskWnFHuGPCLO9N3uh6',	NULL,	NULL,	'2023-05-14 23:37:58',	'2023-05-14 23:37:58'),
('C17497',	'Dony Andreas Kurniawan',	NULL,	NULL,	'6',	'6',	2,	'$2y$10$A5l913QudQHpIOs5qPAodufNpptdY/cRmLJbAqKnEOMFImS4epksu',	NULL,	NULL,	'2023-05-14 23:37:54',	'2023-05-14 23:37:54'),
('C17503',	'Syafyunirwan',	NULL,	NULL,	'2',	'2',	2,	'$2y$10$eDo7Bt23M8c7EMv7hxp69OFckIa0d0gw/1flYywfSTryQFQ7O6owW',	NULL,	NULL,	'2023-05-14 23:37:55',	'2023-05-14 23:37:55'),
('C17505',	'Lingga Patriana',	NULL,	NULL,	'6',	'6',	3,	'$2y$10$myndmhOr/Qlq8I7TMn/O6uMjzNTPCDelsNsnAI/3qf3zjp3r0LNr.',	NULL,	NULL,	'2023-05-14 23:38:18',	'2023-05-14 23:38:18'),
('C17506',	'Zainal Arifin',	NULL,	NULL,	'2',	'2',	2,	'$2y$10$CGybZOMACL4Vth3d5n62oeujXgceub8IxeA4mE4HazBAd4r.58Dd6',	NULL,	NULL,	'2023-05-14 23:37:54',	'2023-05-14 23:37:54'),
('C17508',	'Kandhita Surya Putri',	NULL,	NULL,	'6',	'6',	3,	'$2y$10$ZilcRBGH6DaEhIusP0IRL.J482uXM3MzDDd32RLabG68Vmzjx3Ic2',	NULL,	NULL,	'2023-05-14 23:37:25',	'2023-05-14 23:37:25'),
('C17511',	'Indra Bangsawan',	NULL,	NULL,	'2',	'2',	3,	'$2y$10$9p0hXjKBPMdE41n6kpQSAOgwUxqh05YNurnsr4YV3idrArkqulpzu',	NULL,	NULL,	'2023-05-14 23:38:04',	'2023-05-14 23:38:04'),
('C17516',	'Darwin',	NULL,	NULL,	'2',	'2',	2,	'$2y$10$fDRsT6QN/hPVhJeBnOghDumMoH/a1Gs6RS48QZZ7tZ31uY2Jd5NLO',	NULL,	NULL,	'2023-05-14 23:37:52',	'2023-05-14 23:37:52'),
('C17517',	'Komarudin',	NULL,	NULL,	'2',	'2',	2,	'$2y$10$Wf6ZRXgyV.MypOD9Wpy/iOwMHGVN/kdsN49fUIQke/mh2B.wlHNtS',	NULL,	NULL,	'2023-05-14 23:37:55',	'2023-05-14 23:37:55'),
('C17524',	'Ichsan Maulana',	NULL,	NULL,	'2',	'2',	3,	'$2y$10$JTo.YXy9Xhqc0e0f5GBDluPREVglL15yETc/3KkOvlTxybNHhop4u',	NULL,	NULL,	'2023-05-14 23:38:18',	'2023-05-14 23:38:18'),
('C17525',	'Gilang Garniwan',	NULL,	NULL,	'2',	'2',	3,	'$2y$10$nEbzy2ad1z/X5fBHPmh0QeSGkErat53ilePTx6E/q80coDBwBbfyG',	NULL,	NULL,	'2023-05-14 23:38:18',	'2023-05-14 23:38:18'),
('C17526',	'Dyo Zanira',	NULL,	NULL,	'2',	'2',	3,	'$2y$10$lf8OknMBCOiXDpgeqmec2esmCvKfnBoqlwmKDHFf3OD.s4NG8sQpa',	NULL,	NULL,	'2023-05-14 23:37:25',	'2023-05-14 23:37:25'),
('C17527',	'Tuanku Muhamad Azzam Faris',	NULL,	NULL,	'2',	'2',	3,	'$2y$10$.ecDyD8ZQFvXzSFhM.P02eyK7BJcw574eQyOkzLw1oenp7SWXihAO',	NULL,	NULL,	'2023-05-14 23:38:09',	'2023-05-14 23:38:09'),
('C17528',	'Joko Kurniawan',	NULL,	NULL,	'2',	'2',	3,	'$2y$10$flgtIALV54WlSrAM7K4b3uWoPrvKpn37mJJ/yP29G0ZatuG2M5aaG',	NULL,	NULL,	'2023-05-14 23:38:16',	'2023-05-14 23:38:16'),
('C17534',	'H. Syahril Effendi',	NULL,	NULL,	'2',	'2',	3,	'$2y$10$6D4vONKFmHx6lvn9HH44ledujC80RNF4YHRMeHA7Jiw6s3Ihk/OUi',	NULL,	NULL,	'2023-05-14 23:37:26',	'2023-05-14 23:37:26'),
('C17535',	'Dadang Suprianto',	NULL,	NULL,	'6',	'6',	3,	'$2y$10$iYbWDROOmUpRfN49mlckgeu8MngbLmU4Wh05Ik2iykTZDiRTCE4di',	NULL,	NULL,	'2023-05-14 23:37:27',	'2023-05-14 23:37:27'),
('C17542',	'Euis Lisnawati',	NULL,	NULL,	'5',	'5',	3,	'$2y$10$VEUpeWFlSx8xQFCXho3i1uHqIyGTiyShi7oLaPPX2Aa6tp/N7jioK',	NULL,	NULL,	'2023-05-14 23:37:26',	'2023-05-14 23:37:26'),
('C20376',	'Damianus Rumapea',	NULL,	NULL,	'2',	'2',	2,	'$2y$10$AJWCC89WwfDYHOZ0snQpCuljbHHRXMzgeGecYy8aennUaAYcGmPC.',	NULL,	NULL,	'2023-05-14 23:36:21',	'2023-05-14 23:36:21'),
('C20429',	'Amat Asnawi',	NULL,	NULL,	'2',	'2',	2,	'$2y$10$xgF.rYW/ZEouOatuexZQVe5GECSZgIbeXUr7IYZnjIxAp.RXQU3l2',	NULL,	NULL,	'2023-05-14 23:36:22',	'2023-05-14 23:36:22'),
('C20627',	'Syamsul Hayat',	NULL,	NULL,	'2',	'2',	2,	'$2y$10$IJHUnbnucCHyVPB4gZmniep2ktKzYztHV7g76AMoV4H0aRIQXHs.S',	NULL,	NULL,	'2023-05-14 23:36:24',	'2023-05-14 23:36:24'),
('C20654',	'Asep Hermawan',	NULL,	NULL,	'2',	'2',	3,	'$2y$10$S0zkK/F7JOvbb/TlhT8pT.eiQ2JIP39K8h2WIO9/2uY3Oxq84rSkW',	NULL,	NULL,	'2023-05-14 23:36:26',	'2023-05-14 23:36:26'),
('C20694',	'Sandy Rahmat',	NULL,	NULL,	'4',	'4',	3,	'$2y$10$NiP0L0mCvXX72N5b2hvFQef3.0ag96X01sdjGHOq.MMgrlnctAgje',	NULL,	NULL,	'2023-05-14 23:37:00',	'2023-05-14 23:37:00'),
('C20695',	'Rahmad  Aditya Utama',	NULL,	NULL,	'4',	'4',	3,	'$2y$10$Rb/HTdlV.vX4bV4HgEbJIugAYg7CzWjali/Vkic84ypptNtPrLwZS',	NULL,	NULL,	'2023-05-14 23:36:54',	'2023-05-14 23:36:54'),
('C20697',	'Cecep Khoer Afandi',	NULL,	NULL,	'2',	'2',	3,	'$2y$10$GZ8BkvkD6n6r3ausTdIPlOQ7ofGGVYcSohijgTnDDDlkGb8.e3l3O',	NULL,	NULL,	'2023-05-14 23:37:23',	'2023-05-14 23:37:23'),
('C20713',	'Rivan  Halasson Barita Sitanggang',	NULL,	NULL,	'2',	'2',	3,	'$2y$10$wrMm6MTgFhqh3.kIWe2Hn.98xdJB0qQv5A.MLMogrXGvNBm5bQbvK',	NULL,	NULL,	'2023-05-14 23:37:23',	'2023-05-14 23:37:23'),
('C20740',	'Ririn  Nurendah Saleha',	NULL,	NULL,	'4',	'4',	3,	'$2y$10$GoDOO53INPZMlt8zDAA5puchBBqeQqMVxfU89I4SR0fA8gTTdR4te',	NULL,	NULL,	'2023-05-14 23:37:23',	'2023-05-14 23:37:23'),
('C30576',	'Purwoko Herutomo',	NULL,	NULL,	'2',	'2',	2,	'$2y$10$wg6I479SdSG4z9hcRHDQneUMT6MTQCi3hu8jAHspi5bB1SDwWckba',	NULL,	NULL,	'2023-05-14 23:37:29',	'2023-05-14 23:37:29'),
('C30583',	'Masyhadi',	NULL,	NULL,	'4',	'4',	2,	'$2y$10$wA474Yf/V1XGxoXrFAB1GOdddMqWugugWum7CONgcWkvKu5BzhjaS',	NULL,	NULL,	'2023-05-14 23:37:28',	'2023-05-14 23:37:28'),
('C50340',	'Sahilun',	NULL,	NULL,	'2',	'2',	2,	'$2y$10$UtttcE4dbCAEZOpZXYX0OO3ojgD5DQ0nurRJzd42GNRrb6HuOXfUa',	NULL,	NULL,	'2023-05-14 23:36:21',	'2023-05-14 23:36:21'),
('C50461',	'Deden  Purnama',	NULL,	NULL,	'2',	'2',	3,	'$2y$10$l17kf/ZimWsHY85/G91yueG0/1PAcTCdCdFg3Vc355miH4ywlleOe',	NULL,	NULL,	'2023-05-14 23:37:23',	'2023-05-14 23:37:23'),
('IR5697',	'Jayanta Chakravarty',	NULL,	NULL,	'5',	'5',	1,	'$2y$10$rHrDFk2Cm8xC/RFqPLf2PehxwlYlfcA09y662Qc5HY7rXKJzNFIfy',	NULL,	NULL,	'2023-05-14 23:38:21',	'2023-05-14 23:38:21');

-- 2023-06-14 06:50:05
